Transaction,Instrument,Qty,Entry,Entry Price,Entry Time,Exit,Exit Price,Exit Time,Profit,Cumulative Profit
1,NIFTY02JAN2012200PE,65,BUY,34.6,01 Jan 2020 10:45:14,SELL,36.3,01 Jan 2020 10:47:44,110.5,-32.5
1,NIFTY02JAN2012250PE,65,SELL,68,01 Jan 2020 10:45:14,BUY,70.2,01 Jan 2020 10:48:00,-143,-32.5
2,NIFTY02JAN2012250PE,65,BUY,27.2,02 Jan 2020 10:45:14,SELL,28.55,02 Jan 2020 10:46:44,87.75,-91
2,NIFTY02JAN2012300PE,65,SELL,69.1,02 Jan 2020 10:45:14,BUY,71.35,02 Jan 2020 10:47:00,-146.25,-91
3,NIFTY09JAN2012200PE,65,BUY,52.25,03 Jan 2020 10:45:14,SELL,54.85,03 Jan 2020 11:10:44,169,-159.25
3,NIFTY09JAN2012250PE,65,SELL,76.5,03 Jan 2020 10:45:14,BUY,80.15,03 Jan 2020 11:11:00,-237.25,-159.25
4,NIFTY09JAN2012050PE,65,BUY,59.05,06 Jan 2020 10:45:14,SELL,62,06 Jan 2020 10:46:44,191.75,-208
4,NIFTY09JAN2012100PE,65,SELL,79.65,06 Jan 2020 10:45:14,BUY,83.35,06 Jan 2020 10:47:00,-240.5,-208
5,NIFTY09JAN2012100PE,65,BUY,40.55,07 Jan 2020 10:45:14,SELL,42.55,07 Jan 2020 10:53:44,130,-386.75
5,NIFTY09JAN2012150PE,65,SELL,66.1,07 Jan 2020 10:45:14,BUY,70.85,07 Jan 2020 10:54:00,-308.75,-386.75
6,NIFTY09JAN2012000PE,65,BUY,65.8,08 Jan 2020 10:45:14,SELL,69.05,08 Jan 2020 10:56:44,211.25,-347.75
6,NIFTY09JAN2012050PE,65,SELL,94.55,08 Jan 2020 10:45:14,BUY,97.2,08 Jan 2020 10:57:00,-172.25,-347.75
7,NIFTY09JAN2012200PE,65,BUY,29.95,09 Jan 2020 10:45:14,SELL,31.4,09 Jan 2020 10:53:44,94.25,-455
7,NIFTY09JAN2012250PE,65,SELL,69.45,09 Jan 2020 10:45:14,BUY,72.55,09 Jan 2020 10:54:00,-201.5,-455
8,NIFTY16JAN2012250PE,65,BUY,60.3,10 Jan 2020 10:45:14,SELL,55.25,10 Jan 2020 11:13:29,-328.25,-312
8,NIFTY16JAN2012300PE,65,SELL,83.4,10 Jan 2020 10:45:14,BUY,76.15,10 Jan 2020 11:13:29,471.25,-312
9,NIFTY16JAN2012300PE,65,BUY,57.9,13 Jan 2020 10:45:14,SELL,60.75,13 Jan 2020 10:47:44,185.25,-403
9,NIFTY16JAN2012350PE,65,SELL,81.35,13 Jan 2020 10:45:14,BUY,85.6,13 Jan 2020 10:48:00,-276.25,-403
10,NIFTY16JAN2012300PE,65,BUY,43.4,14 Jan 2020 10:45:14,SELL,45.55,14 Jan 2020 10:46:44,139.75,-487.5
10,NIFTY16JAN2012350PE,65,SELL,69.5,14 Jan 2020 10:45:14,BUY,72.95,14 Jan 2020 10:47:00,-224.25,-487.5
11,NIFTY16JAN2012300PE,65,BUY,40.6,15 Jan 2020 10:45:14,SELL,42.6,15 Jan 2020 13:42:44,130,-705.25
11,NIFTY16JAN2012350PE,65,SELL,71.4,15 Jan 2020 10:45:14,BUY,76.75,15 Jan 2020 13:43:00,-347.75,-705.25
12,NIFTY16JAN2012350PE,65,BUY,14.45,16 Jan 2020 10:45:14,SELL,15.15,16 Jan 2020 10:53:44,45.5,-861.25
12,NIFTY16JAN2012400PE,65,SELL,45.5,16 Jan 2020 10:45:14,BUY,48.6,16 Jan 2020 10:54:00,-201.5,-861.25
13,NIFTY23JAN2012350PE,65,BUY,52.5,17 Jan 2020 10:45:14,SELL,55.1,17 Jan 2020 10:50:44,169,-893.75
13,NIFTY23JAN2012400PE,65,SELL,76.1,17 Jan 2020 10:45:14,BUY,79.2,17 Jan 2020 10:51:00,-201.5,-893.75
14,NIFTY23JAN2012250PE,65,BUY,42.7,20 Jan 2020 10:45:14,SELL,35.6,20 Jan 2020 10:52:29,-461.5,-731.25
14,NIFTY23JAN2012300PE,65,SELL,67.65,20 Jan 2020 10:45:14,BUY,58.05,20 Jan 2020 10:52:29,624,-731.25
15,NIFTY23JAN2012150PE,65,BUY,36.8,21 Jan 2020 10:45:14,SELL,38.6,21 Jan 2020 10:51:44,117,-767
15,NIFTY23JAN2012200PE,65,SELL,60.1,21 Jan 2020 10:45:14,BUY,62.45,21 Jan 2020 10:52:00,-152.75,-767
16,NIFTY23JAN2012100PE,65,BUY,20.55,22 Jan 2020 10:45:14,SELL,16.25,22 Jan 2020 10:53:29,-279.5,-604.5
16,NIFTY23JAN2012150PE,65,SELL,41.25,22 Jan 2020 10:45:14,BUY,34.45,22 Jan 2020 10:53:29,442,-604.5
17,NIFTY23JAN2012100PE,65,BUY,6.35,23 Jan 2020 10:45:14,SELL,6.65,23 Jan 2020 10:45:44,19.5,-799.5
17,NIFTY23JAN2012150PE,65,SELL,22.85,23 Jan 2020 10:45:14,BUY,26.15,23 Jan 2020 10:46:00,-214.5,-799.5
18,NIFTY30JAN2012200PE,65,BUY,44.65,24 Jan 2020 10:45:14,SELL,46.85,24 Jan 2020 10:51:44,143,-923
18,NIFTY30JAN2012250PE,65,SELL,64.2,24 Jan 2020 10:45:14,BUY,68.3,24 Jan 2020 10:52:00,-266.5,-923
19,NIFTY30JAN2012150PE,65,BUY,46.8,27 Jan 2020 10:45:14,SELL,49.1,27 Jan 2020 11:13:44,149.5,-1053
19,NIFTY30JAN2012200PE,65,SELL,67.7,27 Jan 2020 10:45:14,BUY,72,27 Jan 2020 11:14:00,-279.5,-1053
20,NIFTY30JAN2012050PE,65,BUY,30.2,28 Jan 2020 10:45:14,SELL,24.05,28 Jan 2020 10:57:29,-399.75,-906.75
20,NIFTY30JAN2012100PE,65,SELL,48.2,28 Jan 2020 10:45:14,BUY,39.8,28 Jan 2020 10:57:29,546,-906.75
21,NIFTY30JAN2012100PE,65,BUY,21.05,29 Jan 2020 10:45:14,SELL,22.1,29 Jan 2020 11:17:44,68.25,-962
21,NIFTY30JAN2012150PE,65,SELL,38.25,29 Jan 2020 10:45:14,BUY,40.15,29 Jan 2020 11:18:00,-123.5,-962
22,NIFTY30JAN2012000PE,65,BUY,6.9,30 Jan 2020 10:45:14,SELL,5.5,30 Jan 2020 10:48:29,-91,-812.5
22,NIFTY30JAN2012050PE,65,SELL,25.3,30 Jan 2020 10:45:14,BUY,21.6,30 Jan 2020 10:48:29,240.5,-812.5
23,NIFTY06FEB2012000PE,65,BUY,135,31 Jan 2020 10:45:14,SELL,141.75,31 Jan 2020 10:51:44,438.75,-705.25
23,NIFTY06FEB2012050PE,65,SELL,159.7,31 Jan 2020 10:45:14,BUY,164.8,31 Jan 2020 10:52:00,-331.5,-705.25
24,NIFTY06FEB2011650PE,65,BUY,60.6,03 Feb 2020 10:45:14,SELL,50.2,03 Feb 2020 10:48:29,-676,-565.5
24,NIFTY06FEB2011700PE,65,SELL,82.25,03 Feb 2020 10:45:14,BUY,69.7,03 Feb 2020 10:48:29,815.75,-565.5
25,NIFTY06FEB2011800PE,65,BUY,37.1,04 Feb 2020 10:45:14,SELL,38.95,04 Feb 2020 10:48:44,120.25,-627.25
25,NIFTY06FEB2011850PE,65,SELL,57.55,04 Feb 2020 10:45:14,BUY,60.35,04 Feb 2020 10:49:00,-182,-627.25
26,NIFTY06FEB2011950PE,65,BUY,17.45,05 Feb 2020 10:45:14,SELL,18.3,05 Feb 2020 10:45:44,55.25,-676
26,NIFTY06FEB2012000PE,65,SELL,36.6,05 Feb 2020 10:45:14,BUY,38.2,05 Feb 2020 10:46:00,-104,-676
27,NIFTY06FEB2012050PE,65,BUY,6.75,06 Feb 2020 10:45:14,SELL,7.05,06 Feb 2020 10:45:44,19.5,-767
27,NIFTY06FEB2012100PE,65,SELL,21.15,06 Feb 2020 10:45:14,BUY,22.85,06 Feb 2020 10:46:00,-110.5,-767
28,NIFTY13FEB2012050PE,65,BUY,61.35,07 Feb 2020 10:45:14,SELL,64.4,07 Feb 2020 11:28:44,198.25,-715
28,NIFTY13FEB2012100PE,65,SELL,85.35,07 Feb 2020 10:45:14,BUY,87.6,07 Feb 2020 11:29:00,-146.25,-715
29,NIFTY13FEB2011950PE,65,BUY,48.05,10 Feb 2020 10:45:14,SELL,41.35,10 Feb 2020 11:06:29,-435.5,-572
29,NIFTY13FEB2012000PE,65,SELL,71.45,10 Feb 2020 10:45:14,BUY,62.55,10 Feb 2020 11:06:29,578.5,-572
30,NIFTY13FEB2012100PE,65,BUY,28.85,11 Feb 2020 10:45:14,SELL,30.25,11 Feb 2020 11:15:44,91,-513.5
30,NIFTY13FEB2012150PE,65,SELL,48.65,11 Feb 2020 10:45:14,BUY,49.15,11 Feb 2020 11:16:00,-32.5,-513.5
31,NIFTY13FEB2012150PE,65,BUY,14.9,12 Feb 2020 10:45:14,SELL,15.6,12 Feb 2020 10:47:44,45.5,-536.25
31,NIFTY13FEB2012200PE,65,SELL,32.05,12 Feb 2020 10:45:14,BUY,33.1,12 Feb 2020 10:48:00,-68.25,-536.25
32,NIFTY13FEB2012100PE,65,BUY,2.9,13 Feb 2020 10:45:14,SELL,1.75,13 Feb 2020 10:48:29,-74.75,-325
32,NIFTY13FEB2012150PE,65,SELL,18.5,13 Feb 2020 10:45:14,BUY,14.1,13 Feb 2020 10:48:29,286,-325
33,NIFTY20FEB2012150PE,65,BUY,43.2,14 Feb 2020 10:45:14,SELL,45.35,14 Feb 2020 10:49:44,139.75,-666.25
33,NIFTY20FEB2012200PE,65,SELL,64.8,14 Feb 2020 10:45:14,BUY,72.2,14 Feb 2020 10:50:00,-481,-666.25
34,NIFTY20FEB2012050PE,65,BUY,44.35,17 Feb 2020 10:45:14,SELL,46.55,17 Feb 2020 11:05:44,143,-614.25
34,NIFTY20FEB2012100PE,65,SELL,66.1,17 Feb 2020 10:45:14,BUY,67.5,17 Feb 2020 11:06:00,-91,-614.25
35,NIFTY20FEB2011900PE,65,BUY,30.4,18 Feb 2020 10:45:14,SELL,31.9,18 Feb 2020 11:12:44,97.5,-659.75
35,NIFTY20FEB2011950PE,65,SELL,51.4,18 Feb 2020 10:45:14,BUY,53.6,18 Feb 2020 11:13:00,-143,-659.75
36,NIFTY20FEB2012000PE,65,BUY,16.3,19 Feb 2020 10:45:14,SELL,13.35,19 Feb 2020 10:48:29,-191.75,-520
36,NIFTY20FEB2012050PE,65,SELL,33.8,19 Feb 2020 10:45:14,BUY,28.7,19 Feb 2020 10:48:29,331.5,-520
37,NIFTY20FEB2012050PE,65,BUY,1.8,20 Feb 2020 10:45:14,SELL,1.35,20 Feb 2020 10:47:29,-29.25,-728
37,NIFTY20FEB2012100PE,65,SELL,11.05,20 Feb 2020 10:45:14,BUY,13.8,20 Feb 2020 14:55:44,-178.75,-728
38,NIFTY27FEB2011900PE,65,BUY,59.5,24 Feb 2020 10:45:14,SELL,41.4,24 Feb 2020 11:54:29,-1176.5,-432.25
38,NIFTY27FEB2011950PE,65,SELL,83.9,24 Feb 2020 10:45:14,BUY,61.25,24 Feb 2020 11:54:29,1472.25,-432.25
39,NIFTY27FEB2011800PE,65,BUY,54.15,25 Feb 2020 10:45:14,SELL,56.85,25 Feb 2020 10:47:44,175.5,-510.25
39,NIFTY27FEB2011850PE,65,SELL,74.85,25 Feb 2020 10:45:14,BUY,78.75,25 Feb 2020 10:48:00,-253.5,-510.25
40,NIFTY27FEB2011700PE,65,BUY,38.8,26 Feb 2020 10:45:14,SELL,40.7,26 Feb 2020 10:46:44,123.5,-542.75
40,NIFTY27FEB2011750PE,65,SELL,62.75,26 Feb 2020 10:45:14,BUY,65.15,26 Feb 2020 10:47:00,-156,-542.75
41,NIFTY27FEB2011500PE,65,BUY,9.9,27 Feb 2020 10:45:14,SELL,8,27 Feb 2020 10:46:29,-123.5,-399.75
41,NIFTY27FEB2011550PE,65,SELL,26.05,27 Feb 2020 10:45:14,BUY,21.95,27 Feb 2020 10:46:29,266.5,-399.75
42,NIFTY05MAR2011250PE,65,BUY,114.5,28 Feb 2020 10:45:14,SELL,120.2,28 Feb 2020 10:51:44,370.5,-692.25
42,NIFTY05MAR2011300PE,65,SELL,134.1,28 Feb 2020 10:45:14,BUY,144.3,28 Feb 2020 10:52:00,-663,-692.25
43,NIFTY05MAR2011250PE,65,BUY,89.9,02 Mar 2020 10:45:14,SELL,94.35,02 Mar 2020 10:49:44,289.25,-591.5
43,NIFTY05MAR2011300PE,65,SELL,107.3,02 Mar 2020 10:45:14,BUY,110.2,02 Mar 2020 10:50:00,-188.5,-591.5
44,NIFTY05MAR2011150PE,65,BUY,127.25,03 Mar 2020 10:45:14,SELL,133.6,03 Mar 2020 10:45:44,412.75,-611
44,NIFTY05MAR2011200PE,65,SELL,147.5,03 Mar 2020 10:45:14,BUY,154.15,03 Mar 2020 10:46:00,-432.25,-611
45,NIFTY05MAR2011200PE,65,BUY,66.25,04 Mar 2020 10:45:14,SELL,69.55,04 Mar 2020 10:48:44,214.5,-728
45,NIFTY05MAR2011250PE,65,SELL,84.9,04 Mar 2020 10:45:14,BUY,90,04 Mar 2020 10:49:00,-331.5,-728
46,NIFTY05MAR2011250PE,65,BUY,16.35,05 Mar 2020 10:45:14,SELL,13.35,05 Mar 2020 10:45:29,-195,-568.75
46,NIFTY05MAR2011300PE,65,SELL,33.65,05 Mar 2020 10:45:14,BUY,28.2,05 Mar 2020 10:45:29,354.25,-568.75
47,NIFTY12MAR2010800PE,65,BUY,144.45,06 Mar 2020 10:45:14,SELL,133.65,06 Mar 2020 11:41:00,-702,-409.5
47,NIFTY12MAR2010850PE,65,SELL,163.25,06 Mar 2020 10:45:14,BUY,150,06 Mar 2020 11:41:00,861.25,-409.5
48,NIFTY12MAR2010500PE,65,BUY,115.65,09 Mar 2020 10:45:14,SELL,121.4,09 Mar 2020 10:51:44,373.75,-455
48,NIFTY12MAR2010550PE,65,SELL,135.75,09 Mar 2020 10:45:14,BUY,142.2,09 Mar 2020 10:52:00,-419.25,-455
49,NIFTY12MAR2010300PE,65,BUY,88.85,11 Mar 2020 10:45:14,SELL,93.25,11 Mar 2020 10:45:44,286,-100.75
49,NIFTY12MAR2010350PE,65,SELL,109.05,11 Mar 2020 10:45:14,BUY,108,11 Mar 2020 10:46:00,68.25,-100.75
50,NIFTY12MAR209800PE,65,BUY,35,12 Mar 2020 10:45:14,SELL,36.75,12 Mar 2020 10:45:44,113.75,-549.25
50,NIFTY12MAR209850PE,65,SELL,55,12 Mar 2020 10:45:14,BUY,63.65,12 Mar 2020 10:46:00,-562.25,-549.25
51,NIFTY19MAR209350PE,65,BUY,382.7,13 Mar 2020 10:45:14,SELL,382.7,13 Mar 2020 10:45:29,0,1953.25
51,NIFTY19MAR209400PE,65,SELL,462.35,13 Mar 2020 10:45:14,BUY,423.85,13 Mar 2020 10:45:29,2502.5,1953.25
52,NIFTY19MAR209350PE,65,BUY,337.45,16 Mar 2020 10:45:14,SELL,324.85,16 Mar 2020 10:50:00,-819,2219.75
52,NIFTY19MAR209400PE,65,SELL,353.2,16 Mar 2020 10:45:14,BUY,336.5,16 Mar 2020 10:50:00,1085.5,2219.75
53,NIFTY19MAR209250PE,65,BUY,299,17 Mar 2020 10:45:14,SELL,313.95,17 Mar 2020 11:01:44,971.75,1157
53,NIFTY19MAR209300PE,65,SELL,308.7,17 Mar 2020 10:45:14,BUY,340,17 Mar 2020 11:02:00,-2034.5,1157
54,NIFTY19MAR208800PE,65,BUY,175.4,18 Mar 2020 10:45:14,SELL,184.15,18 Mar 2020 10:45:44,568.75,1095.25
54,NIFTY19MAR208850PE,65,SELL,193.3,18 Mar 2020 10:45:14,BUY,203,18 Mar 2020 10:46:00,-630.5,1095.25
55,NIFTY19MAR207900PE,65,BUY,125.7,19 Mar 2020 10:45:14,SELL,119.05,19 Mar 2020 10:45:29,-432.25,1300
55,NIFTY19MAR207950PE,65,SELL,145.85,19 Mar 2020 10:45:14,BUY,136.05,19 Mar 2020 10:45:29,637,1300
56,NIFTY26MAR208200PE,65,BUY,381.8,20 Mar 2020 10:45:14,SELL,376.8,20 Mar 2020 10:46:00,-325,1657.5
56,NIFTY26MAR208250PE,65,SELL,404,20 Mar 2020 10:45:14,BUY,393.5,20 Mar 2020 10:46:00,682.5,1657.5
57,NIFTY26MAR207800PE,65,BUY,348.85,23 Mar 2020 10:45:14,SELL,366.25,23 Mar 2020 10:57:44,1131,3682.25
57,NIFTY26MAR207850PE,65,SELL,368.75,23 Mar 2020 10:45:14,BUY,355,23 Mar 2020 10:58:00,893.75,3682.25
58,NIFTY26MAR207600PE,65,BUY,340.95,24 Mar 2020 10:45:14,SELL,307.8,24 Mar 2020 10:53:14,-2154.75,3825.25
58,NIFTY26MAR207650PE,65,SELL,358.1,24 Mar 2020 10:45:14,BUY,322.75,24 Mar 2020 10:53:14,2297.75,3825.25
59,NIFTY26MAR207750PE,65,BUY,242.1,25 Mar 2020 10:45:14,SELL,236.25,25 Mar 2020 10:45:29,-380.25,4062.5
59,NIFTY26MAR207800PE,65,SELL,259.55,25 Mar 2020 10:45:14,BUY,250.05,25 Mar 2020 10:45:29,617.5,4062.5
60,NIFTY26MAR208600PE,65,BUY,100.65,26 Mar 2020 10:45:14,SELL,105.65,26 Mar 2020 10:45:44,325,3734.25
60,NIFTY26MAR208650PE,65,SELL,123.8,26 Mar 2020 10:45:14,BUY,133.85,26 Mar 2020 10:46:00,-653.25,3734.25
61,NIFTY01APR208750PE,65,BUY,415,27 Mar 2020 10:45:14,SELL,429.9,27 Mar 2020 10:45:44,968.5,3961.75
61,NIFTY01APR208800PE,65,SELL,439.2,27 Mar 2020 10:45:14,BUY,450.6,27 Mar 2020 10:45:44,-741,3961.75
62,NIFTY01APR208550PE,65,BUY,307.4,30 Mar 2020 10:45:14,SELL,306.9,30 Mar 2020 10:45:29,-32.5,4124.25
62,NIFTY01APR208600PE,65,SELL,330,30 Mar 2020 10:45:14,BUY,327,30 Mar 2020 10:45:29,195,4124.25
63,NIFTY01APR208450PE,65,BUY,151,31 Mar 2020 10:45:14,SELL,158.55,31 Mar 2020 10:46:44,490.75,3835
63,NIFTY01APR208500PE,65,SELL,174.6,31 Mar 2020 10:45:14,BUY,186.6,31 Mar 2020 10:47:00,-780,3835
64,NIFTY01APR208300PE,65,BUY,58,01 Apr 2020 10:45:14,SELL,60.9,01 Apr 2020 10:45:44,188.5,3796
64,NIFTY01APR208350PE,65,SELL,82.4,01 Apr 2020 10:45:14,BUY,85.9,01 Apr 2020 10:46:00,-227.5,3796
65,NIFTY09APR208050PE,65,BUY,220.4,03 Apr 2020 10:45:14,SELL,222,03 Apr 2020 10:46:29,104,3929.25
65,NIFTY09APR208100PE,65,SELL,244.2,03 Apr 2020 10:45:14,BUY,243.75,03 Apr 2020 10:46:29,29.25,3929.25
66,NIFTY09APR208400PE,65,BUY,129,07 Apr 2020 10:45:14,SELL,135.45,07 Apr 2020 10:45:44,419.25,3926
66,NIFTY09APR208450PE,65,SELL,153,07 Apr 2020 10:45:14,BUY,159.5,07 Apr 2020 10:46:00,-422.5,3926
67,NIFTY09APR209000PE,65,BUY,151.1,08 Apr 2020 10:45:14,SELL,158.65,08 Apr 2020 10:48:44,490.75,3204.5
67,NIFTY09APR209050PE,65,SELL,173.9,08 Apr 2020 10:45:14,BUY,192.55,08 Apr 2020 10:49:00,-1212.25,3204.5
68,NIFTY09APR208950PE,65,BUY,67.15,09 Apr 2020 10:45:14,SELL,70.5,09 Apr 2020 10:45:44,217.75,2606.5
68,NIFTY09APR209000PE,65,SELL,91.65,09 Apr 2020 10:45:14,BUY,104.2,09 Apr 2020 10:46:00,-815.75,2606.5
69,NIFTY16APR208950PE,65,BUY,195.6,13 Apr 2020 10:45:14,SELL,205.35,13 Apr 2020 11:01:44,633.75,2431
69,NIFTY16APR209000PE,65,SELL,217.4,13 Apr 2020 10:45:14,BUY,229.85,13 Apr 2020 11:02:00,-809.25,2431
70,NIFTY16APR209200PE,65,BUY,104.6,15 Apr 2020 10:45:14,SELL,109.8,15 Apr 2020 10:55:44,338,2541.5
70,NIFTY16APR209250PE,65,SELL,128,15 Apr 2020 10:45:14,BUY,131.5,15 Apr 2020 10:56:00,-227.5,2541.5
71,NIFTY16APR208900PE,65,BUY,61.5,16 Apr 2020 10:45:14,SELL,64.55,16 Apr 2020 10:45:44,198.25,2600
71,NIFTY16APR208950PE,65,SELL,88,16 Apr 2020 10:45:14,BUY,90.15,16 Apr 2020 10:46:00,-139.75,2600
72,NIFTY23APR209150PE,65,BUY,184.65,17 Apr 2020 10:45:14,SELL,193.85,17 Apr 2020 10:45:44,598,2349.75
72,NIFTY23APR209200PE,65,SELL,208.85,17 Apr 2020 10:45:14,BUY,221.9,17 Apr 2020 10:46:00,-848.25,2349.75
73,NIFTY23APR209250PE,65,BUY,145,20 Apr 2020 10:45:14,SELL,152.25,20 Apr 2020 11:15:44,471.25,2232.75
73,NIFTY23APR209300PE,65,SELL,166.8,20 Apr 2020 10:45:14,BUY,175.85,20 Apr 2020 11:16:00,-588.25,2232.75
74,NIFTY23APR208950PE,65,BUY,109.5,21 Apr 2020 10:45:14,SELL,102,21 Apr 2020 10:54:00,-487.5,2369.25
74,NIFTY23APR209000PE,65,SELL,131.45,21 Apr 2020 10:45:14,BUY,121.85,21 Apr 2020 10:54:00,624,2369.25
75,NIFTY23APR209000PE,65,BUY,89.1,22 Apr 2020 10:45:14,SELL,93.55,22 Apr 2020 10:46:44,289.25,2304.25
75,NIFTY23APR209050PE,65,SELL,112.1,22 Apr 2020 10:45:14,BUY,117.55,22 Apr 2020 10:47:00,-354.25,2304.25
76,NIFTY23APR209200PE,65,BUY,15.95,23 Apr 2020 10:45:14,SELL,12.4,23 Apr 2020 10:46:29,-230.75,2463.5
76,NIFTY23APR209250PE,65,SELL,31.3,23 Apr 2020 10:45:14,BUY,25.3,23 Apr 2020 10:46:29,390,2463.5
77,NIFTY30APR209100PE,65,BUY,147.05,24 Apr 2020 10:45:14,SELL,137.9,24 Apr 2020 10:50:29,-594.75,2609.75
77,NIFTY30APR209150PE,65,SELL,170.4,24 Apr 2020 10:45:14,BUY,159,24 Apr 2020 10:50:29,741,2609.75
78,NIFTY30APR209300PE,65,BUY,101.8,27 Apr 2020 10:45:14,SELL,106.85,27 Apr 2020 10:47:44,328.25,2502.5
78,NIFTY30APR209350PE,65,SELL,121.25,27 Apr 2020 10:45:14,BUY,127.95,27 Apr 2020 10:48:00,-435.5,2502.5
79,NIFTY30APR209250PE,65,BUY,89.65,28 Apr 2020 10:45:14,SELL,80,28 Apr 2020 11:00:00,-627.25,2632.5
79,NIFTY30APR209300PE,65,SELL,112.5,28 Apr 2020 10:45:14,BUY,100.85,28 Apr 2020 11:00:00,757.25,2632.5
80,NIFTY30APR209400PE,65,BUY,46.3,29 Apr 2020 10:45:14,SELL,38.7,29 Apr 2020 11:15:29,-494,2765.75
80,NIFTY30APR209450PE,65,SELL,66.45,29 Apr 2020 10:45:14,BUY,56.8,29 Apr 2020 11:15:29,627.25,2765.75
81,NIFTY30APR209750PE,65,BUY,17.8,30 Apr 2020 10:45:14,SELL,18.65,30 Apr 2020 10:59:44,55.25,2830.75
81,NIFTY30APR209800PE,65,SELL,36.3,30 Apr 2020 10:45:14,BUY,36.15,30 Apr 2020 11:00:00,9.75,2830.75
82,NIFTY07MAY209350PE,65,BUY,167.45,04 May 2020 10:45:14,SELL,175.8,04 May 2020 10:59:44,542.75,2736.5
82,NIFTY07MAY209400PE,65,SELL,189.5,04 May 2020 10:45:14,BUY,199.3,04 May 2020 11:00:00,-637,2736.5
83,NIFTY07MAY209300PE,65,BUY,112.1,05 May 2020 10:45:14,SELL,117.7,05 May 2020 11:20:44,364,2723.5
83,NIFTY07MAY209350PE,65,SELL,133.95,05 May 2020 10:45:14,BUY,139.75,05 May 2020 11:21:00,-377,2723.5
84,NIFTY07MAY209250PE,65,BUY,87.05,06 May 2020 10:45:14,SELL,82.6,06 May 2020 10:45:29,-289.25,2866.5
84,NIFTY07MAY209300PE,65,SELL,110.75,06 May 2020 10:45:14,BUY,104.1,06 May 2020 10:45:29,432.25,2866.5
85,NIFTY07MAY209150PE,65,BUY,27.8,07 May 2020 10:45:14,SELL,22.2,07 May 2020 10:47:29,-364,3071.25
85,NIFTY07MAY209200PE,65,SELL,51,07 May 2020 10:45:14,BUY,42.25,07 May 2020 10:47:29,568.75,3071.25
86,NIFTY14MAY209300PE,65,BUY,148.35,08 May 2020 10:45:14,SELL,148.35,08 May 2020 11:19:14,0,3204.5
86,NIFTY14MAY209350PE,65,SELL,174.05,08 May 2020 10:45:14,BUY,172,08 May 2020 11:19:14,133.25,3204.5
87,NIFTY14MAY209300PE,65,BUY,95.35,11 May 2020 10:45:14,SELL,100.1,11 May 2020 10:46:44,308.75,3220.75
87,NIFTY14MAY209350PE,65,SELL,116.7,11 May 2020 10:45:14,BUY,121.2,11 May 2020 10:47:00,-292.5,3220.75
88,NIFTY14MAY209050PE,65,BUY,98.55,12 May 2020 10:45:14,SELL,94.45,12 May 2020 10:49:00,-266.5,3350.75
88,NIFTY14MAY209100PE,65,SELL,123.1,12 May 2020 10:45:14,BUY,117,12 May 2020 10:49:00,396.5,3350.75
89,NIFTY14MAY209400PE,65,BUY,94,13 May 2020 10:45:14,SELL,98.7,13 May 2020 10:47:44,305.5,3243.5
89,NIFTY14MAY209450PE,65,SELL,120.45,13 May 2020 10:45:14,BUY,126.8,13 May 2020 10:48:00,-412.75,3243.5
90,NIFTY14MAY209200PE,65,BUY,22.25,14 May 2020 10:45:14,SELL,23.35,14 May 2020 10:45:44,71.5,3074.5
90,NIFTY14MAY209250PE,65,SELL,47.15,14 May 2020 10:45:14,BUY,50.85,14 May 2020 10:46:00,-240.5,3074.5
91,NIFTY21MAY209050PE,65,BUY,156.65,15 May 2020 10:45:14,SELL,164.45,15 May 2020 10:58:44,507,3081
91,NIFTY21MAY209100PE,65,SELL,182.35,15 May 2020 10:45:14,BUY,190.05,15 May 2020 10:59:00,-500.5,3081
92,NIFTY21MAY208850PE,65,BUY,126.4,18 May 2020 10:45:14,SELL,132.7,18 May 2020 10:45:44,409.5,2938
92,NIFTY21MAY208900PE,65,SELL,150.45,18 May 2020 10:45:14,BUY,158.95,18 May 2020 10:46:00,-552.5,2938
93,NIFTY21MAY208950PE,65,BUY,91.15,19 May 2020 10:45:14,SELL,95.7,19 May 2020 10:46:44,295.75,2921.75
93,NIFTY21MAY209000PE,65,SELL,113.6,19 May 2020 10:45:14,BUY,118.4,19 May 2020 10:47:00,-312,2921.75
94,NIFTY21MAY208900PE,65,BUY,54.85,20 May 2020 10:45:14,SELL,57.55,20 May 2020 11:00:44,175.5,2788.5
94,NIFTY21MAY208950PE,65,SELL,76.2,20 May 2020 10:45:14,BUY,80.95,20 May 2020 11:01:00,-308.75,2788.5
95,NIFTY21MAY209100PE,65,BUY,13,21 May 2020 10:45:14,SELL,13.65,21 May 2020 10:46:44,42.25,2704
95,NIFTY21MAY209150PE,65,SELL,31.25,21 May 2020 10:45:14,BUY,33.2,21 May 2020 10:47:00,-126.75,2704
96,NIFTY28MAY208900PE,65,BUY,105,22 May 2020 10:45:14,SELL,110.25,22 May 2020 10:50:44,341.25,2444
96,NIFTY28MAY208950PE,65,SELL,124.4,22 May 2020 10:45:14,BUY,133.65,22 May 2020 10:51:00,-601.25,2444
97,NIFTY28MAY209050PE,65,BUY,53.65,26 May 2020 10:45:14,SELL,56.3,26 May 2020 10:47:44,172.25,2161.25
97,NIFTY28MAY209100PE,65,SELL,73.95,26 May 2020 10:45:14,BUY,80.95,26 May 2020 10:48:00,-455,2161.25
98,NIFTY28MAY209050PE,65,BUY,44.55,27 May 2020 10:45:14,SELL,46.75,27 May 2020 10:46:44,143,2232.75
98,NIFTY28MAY209100PE,65,SELL,65.75,27 May 2020 10:45:14,BUY,66.85,27 May 2020 10:47:00,-71.5,2232.75
99,NIFTY28MAY209350PE,65,BUY,13,28 May 2020 10:45:14,SELL,13.65,28 May 2020 10:49:44,42.25,2099.5
99,NIFTY28MAY209400PE,65,SELL,31.95,28 May 2020 10:45:14,BUY,34.65,28 May 2020 10:50:00,-175.5,2099.5
100,NIFTY04JUN209400PE,65,BUY,120.7,29 May 2020 10:45:14,SELL,126.7,29 May 2020 10:49:44,390,2070.25
100,NIFTY04JUN209450PE,65,SELL,144.7,29 May 2020 10:45:14,BUY,151.15,29 May 2020 10:50:00,-419.25,2070.25
101,NIFTY04JUN209750PE,65,BUY,100.75,01 Jun 2020 10:45:14,SELL,90.8,01 Jun 2020 10:56:29,-646.75,2210
101,NIFTY04JUN209800PE,65,SELL,124.5,01 Jun 2020 10:45:14,BUY,112.4,01 Jun 2020 10:56:29,786.5,2210
102,NIFTY04JUN209800PE,65,BUY,86.7,02 Jun 2020 10:45:14,SELL,79.3,02 Jun 2020 10:47:29,-481,2353
102,NIFTY04JUN209850PE,65,SELL,111.4,02 Jun 2020 10:45:14,BUY,101.8,02 Jun 2020 10:47:29,624,2353
103,NIFTY04JUN2010050PE,65,BUY,51.35,03 Jun 2020 10:45:14,SELL,53.9,03 Jun 2020 10:50:44,165.75,2317.25
103,NIFTY04JUN2010100PE,65,SELL,73.6,03 Jun 2020 10:45:14,BUY,76.7,03 Jun 2020 10:51:00,-201.5,2317.25
104,NIFTY04JUN2010000PE,65,BUY,15.1,04 Jun 2020 10:45:14,SELL,15.85,04 Jun 2020 10:46:44,48.75,2333.5
104,NIFTY04JUN2010050PE,65,SELL,30.1,04 Jun 2020 10:45:14,BUY,30.6,04 Jun 2020 10:47:00,-32.5,2333.5
105,NIFTY11JUN2010000PE,65,BUY,119.7,05 Jun 2020 10:45:14,SELL,125.65,05 Jun 2020 10:48:44,386.75,2382.25
105,NIFTY11JUN2010050PE,65,SELL,141.65,05 Jun 2020 10:45:14,BUY,146.85,05 Jun 2020 10:49:00,-338,2382.25
106,NIFTY11JUN2010200PE,65,BUY,83.55,08 Jun 2020 10:45:14,SELL,74.3,08 Jun 2020 11:12:29,-601.25,2525.25
106,NIFTY11JUN2010250PE,65,SELL,105.5,08 Jun 2020 10:45:14,BUY,94.05,08 Jun 2020 11:12:29,744.25,2525.25
107,NIFTY11JUN2010200PE,65,BUY,76.3,09 Jun 2020 10:45:14,SELL,80.1,09 Jun 2020 10:56:44,247,2613
107,NIFTY11JUN2010250PE,65,SELL,97.5,09 Jun 2020 10:45:14,BUY,99.95,09 Jun 2020 10:57:00,-159.25,2613
108,NIFTY11JUN2010100PE,65,BUY,66.85,10 Jun 2020 10:45:14,SELL,70.15,10 Jun 2020 10:46:44,214.5,2635.75
108,NIFTY11JUN2010150PE,65,SELL,92,10 Jun 2020 10:45:14,BUY,94.95,10 Jun 2020 10:47:00,-191.75,2635.75
109,NIFTY11JUN2010000PE,65,BUY,20.6,11 Jun 2020 10:45:14,SELL,21.6,11 Jun 2020 10:45:44,65,2580.5
109,NIFTY11JUN2010050PE,65,SELL,40,11 Jun 2020 10:45:14,BUY,41.85,11 Jun 2020 10:46:00,-120.25,2580.5
110,NIFTY18JUN209650PE,65,BUY,141.35,12 Jun 2020 10:45:14,SELL,148.4,12 Jun 2020 11:08:44,458.25,2590.25
110,NIFTY18JUN209700PE,65,SELL,161.1,12 Jun 2020 10:45:14,BUY,168,12 Jun 2020 11:09:00,-448.5,2590.25
111,NIFTY18JUN209700PE,65,BUY,117.3,15 Jun 2020 10:45:14,SELL,123.15,15 Jun 2020 10:50:44,380.25,2447.25
111,NIFTY18JUN209750PE,65,SELL,138,15 Jun 2020 10:45:14,BUY,146.05,15 Jun 2020 10:51:00,-523.25,2447.25
112,NIFTY18JUN209950PE,65,BUY,83,16 Jun 2020 10:45:14,SELL,87.15,16 Jun 2020 10:46:44,269.75,2574
112,NIFTY18JUN2010000PE,65,SELL,105.7,16 Jun 2020 10:45:14,BUY,107.9,16 Jun 2020 10:47:00,-143,2574
113,NIFTY18JUN209800PE,65,BUY,76.4,17 Jun 2020 10:45:14,SELL,67.95,17 Jun 2020 10:52:29,-549.25,2739.75
113,NIFTY18JUN209850PE,65,SELL,96.4,17 Jun 2020 10:45:14,BUY,85.4,17 Jun 2020 10:52:29,715,2739.75
114,NIFTY18JUN209800PE,65,BUY,14.4,18 Jun 2020 10:45:14,SELL,15.1,18 Jun 2020 10:45:44,45.5,2668.25
114,NIFTY18JUN209850PE,65,SELL,27.75,18 Jun 2020 10:45:14,BUY,29.55,18 Jun 2020 10:46:00,-117,2668.25
115,NIFTY25JUN2010050PE,65,BUY,140.25,19 Jun 2020 10:45:14,SELL,147.25,19 Jun 2020 10:50:44,455,2483
115,NIFTY25JUN2010100PE,65,SELL,162.3,19 Jun 2020 10:45:14,BUY,172.15,19 Jun 2020 10:51:00,-640.25,2483
116,NIFTY25JUN2010250PE,65,BUY,116.25,22 Jun 2020 10:45:14,SELL,100.65,22 Jun 2020 11:04:29,-1014,2665
116,NIFTY25JUN2010300PE,65,SELL,139.25,22 Jun 2020 10:45:14,BUY,120.85,22 Jun 2020 11:04:29,1196,2665
117,NIFTY25JUN2010300PE,65,BUY,73.4,23 Jun 2020 10:45:14,SELL,77.05,23 Jun 2020 10:46:44,237.25,2632.5
117,NIFTY25JUN2010350PE,65,SELL,93.75,23 Jun 2020 10:45:14,BUY,97.9,23 Jun 2020 10:47:00,-269.75,2632.5
118,NIFTY25JUN2010450PE,65,BUY,55,24 Jun 2020 10:45:14,SELL,57.75,24 Jun 2020 10:45:44,178.75,2531.75
118,NIFTY25JUN2010500PE,65,SELL,77.1,24 Jun 2020 10:45:14,BUY,81.4,24 Jun 2020 10:46:00,-279.5,2531.75
119,NIFTY25JUN2010250PE,65,BUY,23.7,25 Jun 2020 10:45:14,SELL,24.85,25 Jun 2020 10:45:44,74.75,2635.75
119,NIFTY25JUN2010300PE,65,SELL,42.65,25 Jun 2020 10:45:14,BUY,42.2,25 Jun 2020 10:46:00,29.25,2635.75
120,NIFTY02JUL2010250PE,65,BUY,131.25,26 Jun 2020 10:45:14,SELL,137.8,26 Jun 2020 10:46:44,425.75,2505.75
120,NIFTY02JUL2010300PE,65,SELL,154.25,26 Jun 2020 10:45:14,BUY,162.8,26 Jun 2020 10:47:00,-555.75,2505.75
121,NIFTY02JUL2010150PE,65,BUY,94.75,29 Jun 2020 10:45:14,SELL,99.45,29 Jun 2020 10:47:44,305.5,2479.75
121,NIFTY02JUL2010200PE,65,SELL,115.5,29 Jun 2020 10:45:14,BUY,120.6,29 Jun 2020 10:48:00,-331.5,2479.75
122,NIFTY02JUL2010250PE,65,BUY,65.2,30 Jun 2020 10:45:14,SELL,68.45,30 Jun 2020 11:09:44,211.25,2145
122,NIFTY02JUL2010300PE,65,SELL,82.95,30 Jun 2020 10:45:14,BUY,91.35,30 Jun 2020 11:10:00,-546,2145
123,NIFTY02JUL2010250PE,65,BUY,50.65,01 Jul 2020 10:45:14,SELL,53.15,01 Jul 2020 10:47:44,162.5,2018.25
123,NIFTY02JUL2010300PE,65,SELL,69.25,01 Jul 2020 10:45:14,BUY,73.7,01 Jul 2020 10:48:00,-289.25,2018.25
124,NIFTY02JUL2010400PE,65,BUY,8.4,02 Jul 2020 10:45:14,SELL,6.35,02 Jul 2020 10:55:29,-133.25,1602.25
124,NIFTY02JUL2010450PE,65,SELL,17.5,02 Jul 2020 10:45:14,BUY,21.85,02 Jul 2020 11:11:44,-282.75,1602.25
125,NIFTY09JUL2010500PE,65,BUY,97.25,03 Jul 2020 10:45:14,SELL,102.1,03 Jul 2020 11:10:44,315.25,1677
125,NIFTY09JUL2010550PE,65,SELL,118.85,03 Jul 2020 10:45:14,BUY,122.55,03 Jul 2020 11:11:00,-240.5,1677
126,NIFTY09JUL2010650PE,65,BUY,74.15,06 Jul 2020 10:45:14,SELL,64.55,06 Jul 2020 11:29:29,-624,1865.5
126,NIFTY09JUL2010700PE,65,SELL,94.5,06 Jul 2020 10:45:14,BUY,82,06 Jul 2020 11:29:29,812.5,1865.5
127,NIFTY09JUL2010700PE,65,BUY,68.1,07 Jul 2020 10:45:14,SELL,71.5,07 Jul 2020 10:48:44,221,1751.75
127,NIFTY09JUL2010750PE,65,SELL,91.35,07 Jul 2020 10:45:14,BUY,96.5,07 Jul 2020 10:49:00,-334.75,1751.75
128,NIFTY09JUL2010750PE,65,BUY,48.05,08 Jul 2020 10:45:14,SELL,50.45,08 Jul 2020 10:48:44,156,1764.75
128,NIFTY09JUL2010800PE,65,SELL,69.2,08 Jul 2020 10:45:14,BUY,71.4,08 Jul 2020 10:49:00,-143,1764.75
129,NIFTY09JUL2010700PE,65,BUY,11.95,09 Jul 2020 10:45:14,SELL,12.5,09 Jul 2020 10:45:44,35.75,1696.5
129,NIFTY09JUL2010750PE,65,SELL,26.7,09 Jul 2020 10:45:14,BUY,28.3,09 Jul 2020 10:46:00,-104,1696.5
130,NIFTY16JUL2010700PE,65,BUY,93.3,10 Jul 2020 10:45:14,SELL,97.95,10 Jul 2020 11:06:44,302.25,1579.5
130,NIFTY16JUL2010750PE,65,SELL,115.2,10 Jul 2020 10:45:14,BUY,121.65,10 Jul 2020 11:07:00,-419.25,1579.5
131,NIFTY16JUL2010800PE,65,BUY,67.5,13 Jul 2020 10:45:14,SELL,60.5,13 Jul 2020 11:01:29,-455,1716
131,NIFTY16JUL2010850PE,65,SELL,89,13 Jul 2020 10:45:14,BUY,79.9,13 Jul 2020 11:01:29,591.5,1716
132,NIFTY16JUL2010600PE,65,BUY,56.9,14 Jul 2020 10:45:14,SELL,59.7,14 Jul 2020 10:54:44,182,1745.25
132,NIFTY16JUL2010650PE,65,SELL,78.7,14 Jul 2020 10:45:14,BUY,81.05,14 Jul 2020 10:55:00,-152.75,1745.25
133,NIFTY16JUL2010750PE,65,BUY,51.2,15 Jul 2020 10:45:14,SELL,53.75,15 Jul 2020 10:52:44,165.75,1677
133,NIFTY16JUL2010800PE,65,SELL,74.95,15 Jul 2020 10:45:14,BUY,78.55,15 Jul 2020 10:53:00,-234,1677
134,NIFTY16JUL2010600PE,65,BUY,13.3,16 Jul 2020 10:45:14,SELL,13.95,16 Jul 2020 10:47:44,42.25,1537.25
134,NIFTY16JUL2010650PE,65,SELL,30.05,16 Jul 2020 10:45:14,BUY,32.85,16 Jul 2020 10:48:00,-182,1537.25
135,NIFTY23JUL2010750PE,65,BUY,91.6,17 Jul 2020 10:45:14,SELL,96.15,17 Jul 2020 10:45:44,295.75,1374.75
135,NIFTY23JUL2010800PE,65,SELL,113.4,17 Jul 2020 10:45:14,BUY,120.45,17 Jul 2020 10:46:00,-458.25,1374.75
136,NIFTY23JUL2010900PE,65,BUY,81.65,20 Jul 2020 10:45:14,SELL,85.7,20 Jul 2020 11:32:44,263.25,1329.25
136,NIFTY23JUL2010950PE,65,SELL,103.05,20 Jul 2020 10:45:14,BUY,107.8,20 Jul 2020 11:33:00,-308.75,1329.25
137,NIFTY23JUL2011050PE,65,BUY,55.3,21 Jul 2020 10:45:14,SELL,58.05,21 Jul 2020 10:53:44,178.75,1225.25
137,NIFTY23JUL2011100PE,65,SELL,74.15,21 Jul 2020 10:45:14,BUY,78.5,21 Jul 2020 10:54:00,-282.75,1225.25
138,NIFTY23JUL2011100PE,65,BUY,49.3,22 Jul 2020 10:45:14,SELL,39.15,22 Jul 2020 11:13:29,-659.75,1400.75
138,NIFTY23JUL2011150PE,65,SELL,70.9,22 Jul 2020 10:45:14,BUY,58.05,22 Jul 2020 11:13:29,835.25,1400.75
139,NIFTY23JUL2011100PE,65,BUY,8.1,23 Jul 2020 10:45:14,SELL,6,23 Jul 2020 11:00:29,-136.5,1664
139,NIFTY23JUL2011150PE,65,SELL,22.25,23 Jul 2020 10:45:14,BUY,16.1,23 Jul 2020 11:00:29,399.75,1664
140,NIFTY30JUL2011050PE,65,BUY,101.95,24 Jul 2020 10:45:14,SELL,107,24 Jul 2020 10:59:44,328.25,1573
140,NIFTY30JUL2011100PE,65,SELL,124.45,24 Jul 2020 10:45:14,BUY,130.9,24 Jul 2020 11:00:00,-419.25,1573
141,NIFTY30JUL2011050PE,65,BUY,81.55,27 Jul 2020 10:45:14,SELL,60.8,27 Jul 2020 11:47:29,-1348.75,1839.5
141,NIFTY30JUL2011100PE,65,SELL,103.75,27 Jul 2020 10:45:14,BUY,78.9,27 Jul 2020 11:47:29,1615.25,1839.5
142,NIFTY30JUL2011100PE,65,BUY,50.45,28 Jul 2020 10:45:14,SELL,41.25,28 Jul 2020 11:16:29,-598,1972.75
142,NIFTY30JUL2011150PE,65,SELL,69.65,28 Jul 2020 10:45:14,BUY,58.4,28 Jul 2020 11:16:29,731.25,1972.75
143,NIFTY30JUL2011200PE,65,BUY,35.05,29 Jul 2020 10:45:14,SELL,29.7,29 Jul 2020 10:50:29,-347.75,2106
143,NIFTY30JUL2011250PE,65,SELL,53,29 Jul 2020 10:45:14,BUY,45.6,29 Jul 2020 10:50:29,481,2106
144,NIFTY30JUL2011250PE,65,BUY,13.85,30 Jul 2020 10:45:14,SELL,14.5,30 Jul 2020 10:45:44,42.25,2080
144,NIFTY30JUL2011300PE,65,SELL,35.55,30 Jul 2020 10:45:14,BUY,36.6,30 Jul 2020 10:46:00,-68.25,2080
145,NIFTY06AUG2011050PE,65,BUY,96.55,31 Jul 2020 10:45:14,SELL,101.35,31 Jul 2020 10:49:44,312,2200.25
145,NIFTY06AUG2011100PE,65,SELL,116.75,31 Jul 2020 10:45:14,BUY,119.7,31 Jul 2020 10:50:00,-191.75,2200.25
146,NIFTY06AUG2010900PE,65,BUY,68.5,03 Aug 2020 10:45:14,SELL,71.9,03 Aug 2020 12:26:44,221,1920.75
146,NIFTY06AUG2010950PE,65,SELL,89.45,03 Aug 2020 10:45:14,BUY,97.15,03 Aug 2020 12:27:00,-500.5,1920.75
147,NIFTY06AUG2010950PE,65,BUY,58.4,04 Aug 2020 10:45:14,SELL,53.85,04 Aug 2020 10:53:29,-295.75,2070.25
147,NIFTY06AUG2011000PE,65,SELL,79.9,04 Aug 2020 10:45:14,BUY,73.05,04 Aug 2020 10:53:29,445.25,2070.25
148,NIFTY06AUG2011150PE,65,BUY,34.55,05 Aug 2020 10:45:14,SELL,36.25,05 Aug 2020 10:45:44,110.5,2099.5
148,NIFTY06AUG2011200PE,65,SELL,54.45,05 Aug 2020 10:45:14,BUY,55.7,05 Aug 2020 10:46:00,-81.25,2099.5
149,NIFTY06AUG2011150PE,65,BUY,34.45,06 Aug 2020 10:45:14,SELL,36.15,06 Aug 2020 10:45:44,110.5,1953.25
149,NIFTY06AUG2011200PE,65,SELL,58.65,06 Aug 2020 10:45:14,BUY,62.6,06 Aug 2020 10:46:00,-256.75,1953.25
150,NIFTY13AUG2011150PE,65,BUY,103.25,07 Aug 2020 10:45:14,SELL,89.8,07 Aug 2020 11:16:29,-874.25,2115.75
150,NIFTY13AUG2011200PE,65,SELL,127.5,07 Aug 2020 10:45:14,BUY,111.55,07 Aug 2020 11:16:29,1036.75,2115.75
151,NIFTY13AUG2011250PE,65,BUY,65.3,10 Aug 2020 10:45:14,SELL,56.75,10 Aug 2020 11:15:29,-555.75,2401.75
151,NIFTY13AUG2011300PE,65,SELL,85.3,10 Aug 2020 10:45:14,BUY,72.35,10 Aug 2020 11:15:29,841.75,2401.75
152,NIFTY13AUG2011300PE,65,BUY,45,11 Aug 2020 10:45:14,SELL,47.25,11 Aug 2020 10:46:44,146.25,2362.75
152,NIFTY13AUG2011350PE,65,SELL,64.2,11 Aug 2020 10:45:14,BUY,67.05,11 Aug 2020 10:47:00,-185.25,2362.75
153,NIFTY13AUG2011200PE,65,BUY,31.75,12 Aug 2020 10:45:14,SELL,27.2,12 Aug 2020 11:00:29,-295.75,2668.25
153,NIFTY13AUG2011250PE,65,SELL,51.35,12 Aug 2020 10:45:14,BUY,42.1,12 Aug 2020 11:00:29,601.25,2668.25
154,NIFTY13AUG2011300PE,65,BUY,13.75,13 Aug 2020 10:45:14,SELL,14.4,13 Aug 2020 10:45:44,42.25,2658.5
154,NIFTY13AUG2011350PE,65,SELL,32.2,13 Aug 2020 10:45:14,BUY,33,13 Aug 2020 10:46:00,-52,2658.5
155,NIFTY20AUG2011300PE,65,BUY,77.9,14 Aug 2020 10:45:14,SELL,70,14 Aug 2020 11:44:29,-513.5,2804.75
155,NIFTY20AUG2011350PE,65,SELL,101.55,14 Aug 2020 10:45:14,BUY,91.4,14 Aug 2020 11:44:29,659.75,2804.75
156,NIFTY20AUG2011200PE,65,BUY,75.6,17 Aug 2020 10:45:14,SELL,79.35,17 Aug 2020 10:53:44,243.75,2824.25
156,NIFTY20AUG2011250PE,65,SELL,98.35,17 Aug 2020 10:45:14,BUY,101.8,17 Aug 2020 10:54:00,-224.25,2824.25
157,NIFTY20AUG2011300PE,65,BUY,61.75,18 Aug 2020 10:45:14,SELL,64.8,18 Aug 2020 10:55:44,198.25,2658.5
157,NIFTY20AUG2011350PE,65,SELL,84.75,18 Aug 2020 10:45:14,BUY,90.35,18 Aug 2020 10:56:00,-364,2658.5
158,NIFTY20AUG2011400PE,65,BUY,41.1,19 Aug 2020 10:45:14,SELL,43.15,19 Aug 2020 10:47:44,133.25,2509
158,NIFTY20AUG2011450PE,65,SELL,62.7,19 Aug 2020 10:45:14,BUY,67.05,19 Aug 2020 10:48:00,-282.75,2509
159,NIFTY20AUG2011300PE,65,BUY,13.75,20 Aug 2020 10:45:14,SELL,14.4,20 Aug 2020 10:49:44,42.25,2440.75
159,NIFTY20AUG2011350PE,65,SELL,33.75,20 Aug 2020 10:45:14,BUY,35.45,20 Aug 2020 10:50:00,-110.5,2440.75
160,NIFTY27AUG2011350PE,65,BUY,74.25,21 Aug 2020 10:45:14,SELL,77.95,21 Aug 2020 11:01:44,240.5,2496
160,NIFTY27AUG2011400PE,65,SELL,94.7,21 Aug 2020 10:45:14,BUY,97.55,21 Aug 2020 11:02:00,-185.25,2496
161,NIFTY27AUG2011400PE,65,BUY,56.55,24 Aug 2020 10:45:14,SELL,59.35,24 Aug 2020 11:16:44,182,2483
161,NIFTY27AUG2011450PE,65,SELL,78.3,24 Aug 2020 10:45:14,BUY,81.3,24 Aug 2020 11:17:00,-195,2483
162,NIFTY27AUG2011400PE,65,BUY,47.3,25 Aug 2020 10:45:14,SELL,49.65,25 Aug 2020 10:47:44,152.75,2359.5
162,NIFTY27AUG2011450PE,65,SELL,65.8,25 Aug 2020 10:45:14,BUY,70.05,25 Aug 2020 10:48:00,-276.25,2359.5
163,NIFTY27AUG2011450PE,65,BUY,40.6,26 Aug 2020 10:45:14,SELL,42.6,26 Aug 2020 11:13:44,130,2333.5
163,NIFTY27AUG2011500PE,65,SELL,63,26 Aug 2020 10:45:14,BUY,65.4,26 Aug 2020 11:14:00,-156,2333.5
164,NIFTY27AUG2011550PE,65,BUY,15.95,27 Aug 2020 10:45:14,SELL,16.7,27 Aug 2020 10:46:44,48.75,2255.5
164,NIFTY27AUG2011600PE,65,SELL,36.55,27 Aug 2020 10:45:14,BUY,38.5,27 Aug 2020 10:47:00,-126.75,2255.5
165,NIFTY03SEP2011550PE,65,BUY,70.8,28 Aug 2020 10:45:14,SELL,63.8,28 Aug 2020 10:51:29,-455,2414.75
165,NIFTY03SEP2011600PE,65,SELL,90.6,28 Aug 2020 10:45:14,BUY,81.15,28 Aug 2020 10:51:29,614.25,2414.75
166,NIFTY03SEP2011700PE,65,BUY,77.75,31 Aug 2020 10:45:14,SELL,81.6,31 Aug 2020 10:45:44,250.25,2434.25
166,NIFTY03SEP2011750PE,65,SELL,100.75,31 Aug 2020 10:45:14,BUY,104.3,31 Aug 2020 10:46:00,-230.75,2434.25
167,NIFTY03SEP2011400PE,65,BUY,80.05,01 Sep 2020 10:45:14,SELL,71.15,01 Sep 2020 10:51:00,-578.5,2567.5
167,NIFTY03SEP2011450PE,65,SELL,100.3,01 Sep 2020 10:45:14,BUY,89.35,01 Sep 2020 10:51:00,711.75,2567.5
168,NIFTY03SEP2011400PE,65,BUY,42.95,02 Sep 2020 10:45:14,SELL,45.05,02 Sep 2020 10:50:44,136.5,2333.5
168,NIFTY03SEP2011450PE,65,SELL,59.95,02 Sep 2020 10:45:14,BUY,65.65,02 Sep 2020 10:51:00,-370.5,2333.5
169,NIFTY03SEP2011500PE,65,BUY,9.35,03 Sep 2020 10:45:14,SELL,9.8,03 Sep 2020 10:45:44,29.25,2239.25
169,NIFTY03SEP2011550PE,65,SELL,24.35,03 Sep 2020 10:45:14,BUY,26.25,03 Sep 2020 10:46:00,-123.5,2239.25
170,NIFTY10SEP2011350PE,65,BUY,98.45,04 Sep 2020 10:45:14,SELL,88.05,04 Sep 2020 11:17:00,-676,2372.5
170,NIFTY10SEP2011400PE,65,SELL,119.6,04 Sep 2020 10:45:14,BUY,107.15,04 Sep 2020 11:17:00,809.25,2372.5
171,NIFTY10SEP2011250PE,65,BUY,77.05,07 Sep 2020 10:45:14,SELL,80.9,07 Sep 2020 10:46:44,250.25,2171
171,NIFTY10SEP2011300PE,65,SELL,97.45,07 Sep 2020 10:45:14,BUY,104.4,07 Sep 2020 10:47:00,-451.75,2171
172,NIFTY10SEP2011350PE,65,BUY,57.1,08 Sep 2020 10:45:14,SELL,51,08 Sep 2020 10:54:29,-396.5,2330.25
172,NIFTY10SEP2011400PE,65,SELL,75.5,08 Sep 2020 10:45:14,BUY,66.95,08 Sep 2020 10:54:29,555.75,2330.25
173,NIFTY10SEP2011200PE,65,BUY,38.3,09 Sep 2020 10:45:14,SELL,40.2,09 Sep 2020 10:51:44,123.5,2333.5
173,NIFTY10SEP2011250PE,65,SELL,57.75,09 Sep 2020 10:45:14,BUY,59.6,09 Sep 2020 10:52:00,-120.25,2333.5
174,NIFTY10SEP2011350PE,65,BUY,14.5,10 Sep 2020 10:45:14,SELL,13,10 Sep 2020 10:45:29,-97.5,2483
174,NIFTY10SEP2011400PE,65,SELL,37.8,10 Sep 2020 10:45:14,BUY,34,10 Sep 2020 10:45:29,247,2483
175,NIFTY17SEP2011400PE,65,BUY,85.65,11 Sep 2020 10:45:14,SELL,76.75,11 Sep 2020 10:59:29,-578.5,2629.25
175,NIFTY17SEP2011450PE,65,SELL,106.15,11 Sep 2020 10:45:14,BUY,95,11 Sep 2020 10:59:29,724.75,2629.25
176,NIFTY17SEP2011500PE,65,BUY,60.15,14 Sep 2020 10:45:14,SELL,63.15,14 Sep 2020 13:11:44,195,2600
176,NIFTY17SEP2011550PE,65,SELL,81,14 Sep 2020 10:45:14,BUY,84.45,14 Sep 2020 13:12:00,-224.25,2600
177,NIFTY17SEP2011400PE,65,BUY,52.15,15 Sep 2020 10:45:14,SELL,54.75,15 Sep 2020 10:45:44,169,2496
177,NIFTY17SEP2011450PE,65,SELL,70.95,15 Sep 2020 10:45:14,BUY,75.15,15 Sep 2020 10:46:00,-273,2496
178,NIFTY17SEP2011500PE,65,BUY,39.45,16 Sep 2020 10:45:14,SELL,41.4,16 Sep 2020 11:11:44,126.75,2453.75
178,NIFTY17SEP2011550PE,65,SELL,60.1,16 Sep 2020 10:45:14,BUY,62.7,16 Sep 2020 11:12:00,-169,2453.75
179,NIFTY17SEP2011500PE,65,BUY,6.25,17 Sep 2020 10:45:14,SELL,6.55,17 Sep 2020 10:45:44,19.5,2411.5
179,NIFTY17SEP2011550PE,65,SELL,17.55,17 Sep 2020 10:45:14,BUY,18.5,17 Sep 2020 10:46:00,-61.75,2411.5
180,NIFTY24SEP2011500PE,65,BUY,76.75,18 Sep 2020 10:45:14,SELL,69.3,18 Sep 2020 11:42:29,-484.25,2554.5
180,NIFTY24SEP2011550PE,65,SELL,96.8,18 Sep 2020 10:45:14,BUY,87.15,18 Sep 2020 11:42:29,627.25,2554.5
181,NIFTY24SEP2011450PE,65,BUY,60.7,21 Sep 2020 10:45:14,SELL,63.7,21 Sep 2020 10:53:44,195,2427.75
181,NIFTY24SEP2011500PE,65,SELL,78.95,21 Sep 2020 10:45:14,BUY,83.9,21 Sep 2020 10:54:00,-321.75,2427.75
182,NIFTY24SEP2011150PE,65,BUY,74.7,22 Sep 2020 10:45:14,SELL,78.4,22 Sep 2020 10:46:44,240.5,2252.25
182,NIFTY24SEP2011200PE,65,SELL,96.75,22 Sep 2020 10:45:14,BUY,103.15,22 Sep 2020 10:47:00,-416,2252.25
183,NIFTY24SEP2011150PE,65,BUY,28.25,23 Sep 2020 10:45:14,SELL,26.1,23 Sep 2020 10:55:29,-139.75,2382.25
183,NIFTY24SEP2011200PE,65,SELL,45.15,23 Sep 2020 10:45:14,BUY,41,23 Sep 2020 10:55:29,269.75,2382.25
184,NIFTY24SEP2010900PE,65,BUY,15.15,24 Sep 2020 10:45:14,SELL,15.9,24 Sep 2020 10:46:44,48.75,2349.75
184,NIFTY24SEP2010950PE,65,SELL,34.6,24 Sep 2020 10:45:14,BUY,35.85,24 Sep 2020 10:47:00,-81.25,2349.75
185,NIFTY01OCT2010850PE,65,BUY,114.8,25 Sep 2020 10:45:14,SELL,100.95,25 Sep 2020 11:06:29,-900.25,2483
185,NIFTY01OCT2010900PE,65,SELL,137,25 Sep 2020 10:45:14,BUY,121.1,25 Sep 2020 11:06:29,1033.5,2483
186,NIFTY01OCT2011150PE,65,BUY,84.15,28 Sep 2020 10:45:14,SELL,71.3,28 Sep 2020 10:51:29,-835.25,2652
186,NIFTY01OCT2011200PE,65,SELL,106.9,28 Sep 2020 10:45:14,BUY,91.45,28 Sep 2020 10:51:29,1004.25,2652
187,NIFTY01OCT2011200PE,65,BUY,56.45,29 Sep 2020 10:45:14,SELL,59.25,29 Sep 2020 10:45:44,182,2603.25
187,NIFTY01OCT2011250PE,65,SELL,78.45,29 Sep 2020 10:45:14,BUY,82,29 Sep 2020 10:46:00,-230.75,2603.25
188,NIFTY01OCT2011200PE,65,BUY,35.55,30 Sep 2020 10:45:14,SELL,37.3,30 Sep 2020 10:50:44,113.75,2661.75
188,NIFTY01OCT2011250PE,65,SELL,53.25,30 Sep 2020 10:45:14,BUY,54.1,30 Sep 2020 10:51:00,-55.25,2661.75
189,NIFTY01OCT2011350PE,65,BUY,9.55,01 Oct 2020 10:45:14,SELL,10,01 Oct 2020 10:45:44,29.25,2665
189,NIFTY01OCT2011400PE,65,SELL,26.25,01 Oct 2020 10:45:14,BUY,26.65,01 Oct 2020 10:46:00,-26,2665
190,NIFTY08OCT2011500PE,65,BUY,74,05 Oct 2020 10:45:14,SELL,55.9,05 Oct 2020 11:06:29,-1176.5,2837.25
190,NIFTY08OCT2011550PE,65,SELL,95.25,05 Oct 2020 10:45:14,BUY,74.5,05 Oct 2020 11:06:29,1348.75,2837.25
191,NIFTY08OCT2011550PE,65,BUY,50.5,06 Oct 2020 10:45:14,SELL,53,06 Oct 2020 10:51:44,162.5,2600
191,NIFTY08OCT2011600PE,65,SELL,70,06 Oct 2020 10:45:14,BUY,76.15,06 Oct 2020 10:52:00,-399.75,2600
192,NIFTY08OCT2011700PE,65,BUY,42.15,07 Oct 2020 10:45:14,SELL,44.25,07 Oct 2020 10:52:44,136.5,2385.5
192,NIFTY08OCT2011750PE,65,SELL,63.1,07 Oct 2020 10:45:14,BUY,68.5,07 Oct 2020 10:53:00,-351,2385.5
193,NIFTY08OCT2011800PE,65,BUY,4.95,08 Oct 2020 10:45:14,SELL,5.15,08 Oct 2020 10:45:44,13,2362.75
193,NIFTY08OCT2011850PE,65,SELL,15.75,08 Oct 2020 10:45:14,BUY,16.3,08 Oct 2020 10:46:00,-35.75,2362.75
194,NIFTY15OCT2011850PE,65,BUY,106.75,09 Oct 2020 10:45:14,SELL,97,09 Oct 2020 11:02:29,-633.75,2505.75
194,NIFTY15OCT2011900PE,65,SELL,130,09 Oct 2020 10:45:14,BUY,118.05,09 Oct 2020 11:02:29,776.75,2505.75
195,NIFTY15OCT2011900PE,65,BUY,82,12 Oct 2020 10:45:14,SELL,86.1,12 Oct 2020 11:06:44,266.5,2408.25
195,NIFTY15OCT2011950PE,65,SELL,102.5,12 Oct 2020 10:45:14,BUY,108.1,12 Oct 2020 11:07:00,-364,2408.25
196,NIFTY15OCT2011950PE,65,BUY,79.85,13 Oct 2020 10:45:14,SELL,83.8,13 Oct 2020 11:19:44,256.75,2359.5
196,NIFTY15OCT2012000PE,65,SELL,103.5,13 Oct 2020 10:45:14,BUY,108.2,13 Oct 2020 11:20:00,-305.5,2359.5
197,NIFTY15OCT2011800PE,65,BUY,42.6,14 Oct 2020 10:45:14,SELL,44.7,14 Oct 2020 11:17:44,136.5,1992.25
197,NIFTY15OCT2011850PE,65,SELL,63.05,14 Oct 2020 10:45:14,BUY,70.8,14 Oct 2020 11:18:00,-503.75,1992.25
198,NIFTY15OCT2011850PE,65,BUY,9,15 Oct 2020 10:45:14,SELL,7.25,15 Oct 2020 10:47:29,-113.75,2125.5
198,NIFTY15OCT2011900PE,65,SELL,22.8,15 Oct 2020 10:45:14,BUY,19,15 Oct 2020 10:47:29,247,2125.5
199,NIFTY22OCT2011700PE,65,BUY,103.4,16 Oct 2020 10:45:14,SELL,108.55,16 Oct 2020 11:37:44,334.75,2086.5
199,NIFTY22OCT2011750PE,65,SELL,124.1,16 Oct 2020 10:45:14,BUY,129.85,16 Oct 2020 11:38:00,-373.75,2086.5
200,NIFTY22OCT2011850PE,65,BUY,73.75,19 Oct 2020 10:45:14,SELL,77.4,19 Oct 2020 10:48:44,237.25,2018.25
200,NIFTY22OCT2011900PE,65,SELL,95.3,19 Oct 2020 10:45:14,BUY,100,19 Oct 2020 10:49:00,-305.5,2018.25
201,NIFTY22OCT2011850PE,65,BUY,54.9,20 Oct 2020 10:45:14,SELL,57.6,20 Oct 2020 10:52:44,175.5,1881.75
201,NIFTY22OCT2011900PE,65,SELL,73.9,20 Oct 2020 10:45:14,BUY,78.7,20 Oct 2020 10:53:00,-312,1881.75
202,NIFTY22OCT2011950PE,65,BUY,41.3,21 Oct 2020 10:45:14,SELL,43.35,21 Oct 2020 10:52:44,133.25,1803.75
202,NIFTY22OCT2012000PE,65,SELL,62.85,21 Oct 2020 10:45:14,BUY,66.1,21 Oct 2020 10:53:00,-211.25,1803.75
203,NIFTY22OCT2011850PE,65,BUY,28.5,22 Oct 2020 10:45:14,SELL,23.55,22 Oct 2020 10:56:29,-321.75,1937
203,NIFTY22OCT2011900PE,65,SELL,48.2,22 Oct 2020 10:45:14,BUY,41.2,22 Oct 2020 10:56:29,455,1937
204,NIFTY29OCT2011900PE,65,BUY,89.3,23 Oct 2020 10:45:14,SELL,93.75,23 Oct 2020 10:55:14,289.25,1859
204,NIFTY29OCT2011950PE,65,SELL,111.05,23 Oct 2020 10:45:14,BUY,116.7,23 Oct 2020 10:55:29,-367.25,1859
205,NIFTY29OCT2011850PE,65,BUY,75,26 Oct 2020 10:45:14,SELL,78.75,26 Oct 2020 10:48:44,243.75,1972.75
205,NIFTY29OCT2011900PE,65,SELL,96.8,26 Oct 2020 10:45:14,BUY,98.8,26 Oct 2020 10:49:00,-130,1972.75
206,NIFTY29OCT2011750PE,65,BUY,68.2,27 Oct 2020 10:45:14,SELL,62.8,27 Oct 2020 10:47:29,-351,2106
206,NIFTY29OCT2011800PE,65,SELL,89.55,27 Oct 2020 10:45:14,BUY,82.1,27 Oct 2020 10:47:29,484.25,2106
207,NIFTY29OCT2011800PE,65,BUY,59.2,28 Oct 2020 10:45:14,SELL,62.15,28 Oct 2020 10:45:44,191.75,1946.75
207,NIFTY29OCT2011850PE,65,SELL,82.1,28 Oct 2020 10:45:14,BUY,87.5,28 Oct 2020 10:46:00,-351,1946.75
208,NIFTY29OCT2011600PE,65,BUY,16.35,29 Oct 2020 10:45:14,SELL,17.15,29 Oct 2020 10:46:44,52,1881.75
208,NIFTY29OCT2011650PE,65,SELL,29.85,29 Oct 2020 10:45:14,BUY,31.65,29 Oct 2020 10:47:00,-117,1881.75
209,NIFTY05NOV2011650PE,65,BUY,139,30 Oct 2020 10:45:14,SELL,145.95,30 Oct 2020 10:48:44,451.75,1836.25
209,NIFTY05NOV2011700PE,65,SELL,160.15,30 Oct 2020 10:45:14,BUY,167.8,30 Oct 2020 10:49:00,-497.25,1836.25
210,NIFTY05NOV2011550PE,65,BUY,113.4,02 Nov 2020 10:45:14,SELL,119.05,02 Nov 2020 10:48:44,367.25,1976
210,NIFTY05NOV2011600PE,65,SELL,133.8,02 Nov 2020 10:45:14,BUY,137.3,02 Nov 2020 10:49:00,-227.5,1976
211,NIFTY05NOV2011750PE,65,BUY,107.45,03 Nov 2020 10:45:14,SELL,112.8,03 Nov 2020 11:02:44,347.75,2031.25
211,NIFTY05NOV2011800PE,65,SELL,128.7,03 Nov 2020 10:45:14,BUY,133.2,03 Nov 2020 11:03:00,-292.5,2031.25
212,NIFTY05NOV2011800PE,65,BUY,84.3,04 Nov 2020 10:45:14,SELL,88.5,04 Nov 2020 10:46:44,273,2054
212,NIFTY05NOV2011850PE,65,SELL,104.65,04 Nov 2020 10:45:14,BUY,108.5,04 Nov 2020 10:47:00,-250.25,2054
213,NIFTY05NOV2012050PE,65,BUY,30.45,05 Nov 2020 10:45:14,SELL,31.95,05 Nov 2020 10:45:44,97.5,2119
213,NIFTY05NOV2012100PE,65,SELL,55,05 Nov 2020 10:45:14,BUY,55.5,05 Nov 2020 10:46:00,-32.5,2119
214,NIFTY12NOV2012150PE,65,BUY,106.2,06 Nov 2020 10:45:14,SELL,111.5,06 Nov 2020 10:50:44,344.5,1514.5
214,NIFTY12NOV2012200PE,65,SELL,128,06 Nov 2020 10:45:14,BUY,142.6,06 Nov 2020 10:51:00,-949,1514.5
215,NIFTY12NOV2012350PE,65,BUY,72.15,09 Nov 2020 10:45:14,SELL,75.75,09 Nov 2020 10:50:44,234,1807
215,NIFTY12NOV2012400PE,65,SELL,92.6,09 Nov 2020 10:45:14,BUY,91.7,09 Nov 2020 10:51:00,58.5,1807
216,NIFTY12NOV2012500PE,65,BUY,64.45,10 Nov 2020 10:45:14,SELL,54.7,10 Nov 2020 10:50:29,-633.75,1940.25
216,NIFTY12NOV2012550PE,65,SELL,86.05,10 Nov 2020 10:45:14,BUY,74.25,10 Nov 2020 10:50:29,767,1940.25
217,NIFTY12NOV2012700PE,65,BUY,56.5,11 Nov 2020 10:45:14,SELL,59.3,11 Nov 2020 10:57:44,182,1894.75
217,NIFTY12NOV2012750PE,65,SELL,80.05,11 Nov 2020 10:45:14,BUY,83.55,11 Nov 2020 10:58:00,-227.5,1894.75
218,NIFTY12NOV2012650PE,65,BUY,30,12 Nov 2020 10:45:14,SELL,31.5,12 Nov 2020 10:45:44,97.5,1784.25
218,NIFTY12NOV2012700PE,65,SELL,54.8,12 Nov 2020 10:45:14,BUY,58,12 Nov 2020 10:46:00,-208,1784.25
219,NIFTY19NOV2012650PE,65,BUY,93.3,13 Nov 2020 10:45:14,SELL,97.95,13 Nov 2020 10:54:44,302.25,1888.25
219,NIFTY19NOV2012700PE,65,SELL,114.7,13 Nov 2020 10:45:14,BUY,117.75,13 Nov 2020 10:55:00,-198.25,1888.25
220,NIFTY19NOV2012750PE,65,BUY,58.1,17 Nov 2020 10:45:14,SELL,51.6,17 Nov 2020 10:47:29,-422.5,2047.5
220,NIFTY19NOV2012800PE,65,SELL,79.2,17 Nov 2020 10:45:14,BUY,70.25,17 Nov 2020 10:47:29,581.75,2047.5
221,NIFTY19NOV2012850PE,65,BUY,42.4,18 Nov 2020 10:45:14,SELL,35.45,18 Nov 2020 10:46:29,-451.75,2249
221,NIFTY19NOV2012900PE,65,SELL,66.05,18 Nov 2020 10:45:14,BUY,56,18 Nov 2020 10:46:29,653.25,2249
222,NIFTY19NOV2012900PE,65,BUY,15.7,19 Nov 2020 10:45:14,SELL,16.45,19 Nov 2020 10:45:44,48.75,2369.25
222,NIFTY19NOV2012950PE,65,SELL,35.15,19 Nov 2020 10:45:14,BUY,34.05,19 Nov 2020 10:46:00,71.5,2369.25
223,NIFTY26NOV2012750PE,65,BUY,85.4,20 Nov 2020 10:45:14,SELL,89.65,20 Nov 2020 10:53:44,276.25,2349.75
223,NIFTY26NOV2012800PE,65,SELL,105.45,20 Nov 2020 10:45:14,BUY,110,20 Nov 2020 10:54:00,-295.75,2349.75
224,NIFTY26NOV2012800PE,65,BUY,69.9,23 Nov 2020 10:45:14,SELL,73.35,23 Nov 2020 10:46:44,224.25,1530.75
224,NIFTY26NOV2012850PE,65,SELL,89.05,23 Nov 2020 10:45:14,BUY,105.1,23 Nov 2020 10:47:00,-1043.25,1530.75
225,NIFTY26NOV2012950PE,65,BUY,56,24 Nov 2020 10:45:14,SELL,58.8,24 Nov 2020 11:18:44,182,1459.25
225,NIFTY26NOV2013000PE,65,SELL,74.3,24 Nov 2020 10:45:14,BUY,78.2,24 Nov 2020 11:19:00,-253.5,1459.25
226,NIFTY26NOV2013000PE,65,BUY,58.85,25 Nov 2020 10:45:14,SELL,61.75,25 Nov 2020 10:45:44,188.5,861.25
226,NIFTY26NOV2013050PE,65,SELL,82.6,25 Nov 2020 10:45:14,BUY,94.7,25 Nov 2020 10:46:00,-786.5,861.25
227,NIFTY26NOV2012800PE,65,BUY,23.85,26 Nov 2020 10:45:14,SELL,20.15,26 Nov 2020 10:45:29,-240.5,1001
227,NIFTY26NOV2012850PE,65,SELL,41.4,26 Nov 2020 10:45:14,BUY,35.55,26 Nov 2020 10:45:29,380.25,1001
228,NIFTY03DEC2012950PE,65,BUY,103.75,27 Nov 2020 10:45:14,SELL,87.45,27 Nov 2020 11:38:29,-1059.5,1160.25
228,NIFTY03DEC2013000PE,65,SELL,127,27 Nov 2020 10:45:14,BUY,108.25,27 Nov 2020 11:38:29,1218.75,1160.25
229,NIFTY03DEC2013050PE,65,BUY,88.05,01 Dec 2020 10:45:14,SELL,72.55,01 Dec 2020 11:56:29,-1007.5,1404
229,NIFTY03DEC2013100PE,65,SELL,111.25,01 Dec 2020 10:45:14,BUY,92,01 Dec 2020 11:56:29,1251.25,1404
230,NIFTY03DEC2013050PE,65,BUY,66.35,02 Dec 2020 10:45:14,SELL,57.15,02 Dec 2020 10:48:29,-598,1537.25
230,NIFTY03DEC2013100PE,65,SELL,88.45,02 Dec 2020 10:45:14,BUY,77.2,02 Dec 2020 10:48:29,731.25,1537.25
231,NIFTY03DEC2013150PE,65,BUY,33.6,03 Dec 2020 10:45:14,SELL,35.25,03 Dec 2020 10:46:44,107.25,1439.75
231,NIFTY03DEC2013200PE,65,SELL,57.95,03 Dec 2020 10:45:14,BUY,61.1,03 Dec 2020 10:47:00,-204.75,1439.75
232,NIFTY10DEC2013250PE,65,BUY,114.2,04 Dec 2020 10:45:14,SELL,105.6,04 Dec 2020 10:50:29,-559,1592.5
232,NIFTY10DEC2013300PE,65,SELL,139,04 Dec 2020 10:45:14,BUY,128.05,04 Dec 2020 10:50:29,711.75,1592.5
233,NIFTY10DEC2013300PE,65,BUY,93.1,07 Dec 2020 10:45:14,SELL,97.75,07 Dec 2020 11:12:44,302.25,1660.75
233,NIFTY10DEC2013350PE,65,SELL,118,07 Dec 2020 10:45:14,BUY,121.6,07 Dec 2020 11:13:00,-234,1660.75
234,NIFTY10DEC2013400PE,65,BUY,80.55,08 Dec 2020 10:45:14,SELL,84.55,08 Dec 2020 10:59:44,260,1592.5
234,NIFTY10DEC2013450PE,65,SELL,104.9,08 Dec 2020 10:45:14,BUY,109.95,08 Dec 2020 11:00:00,-328.25,1592.5
235,NIFTY10DEC2013450PE,65,BUY,55.55,09 Dec 2020 10:45:14,SELL,58.3,09 Dec 2020 11:01:44,178.75,1517.75
235,NIFTY10DEC2013500PE,65,SELL,78.75,09 Dec 2020 10:45:14,BUY,82.65,09 Dec 2020 11:02:00,-253.5,1517.75
236,NIFTY10DEC2013400PE,65,BUY,27.55,10 Dec 2020 10:45:14,SELL,28.9,10 Dec 2020 10:45:44,87.75,1465.75
236,NIFTY10DEC2013450PE,65,SELL,50.1,10 Dec 2020 10:45:14,BUY,52.25,10 Dec 2020 10:46:00,-139.75,1465.75
237,NIFTY17DEC2013550PE,65,BUY,102.4,11 Dec 2020 10:45:14,SELL,107.5,11 Dec 2020 11:20:44,331.5,1426.75
237,NIFTY17DEC2013600PE,65,SELL,127.05,11 Dec 2020 10:45:14,BUY,132.75,11 Dec 2020 11:21:00,-370.5,1426.75
238,NIFTY17DEC2013500PE,65,BUY,87.8,14 Dec 2020 10:45:14,SELL,92.15,14 Dec 2020 11:05:44,282.75,1517.75
238,NIFTY17DEC2013550PE,65,SELL,110.2,14 Dec 2020 10:45:14,BUY,113.15,14 Dec 2020 11:06:00,-191.75,1517.75
239,NIFTY17DEC2013400PE,65,BUY,58.8,15 Dec 2020 10:45:14,SELL,61.7,15 Dec 2020 10:55:44,188.5,1485.25
239,NIFTY17DEC2013450PE,65,SELL,79.05,15 Dec 2020 10:45:14,BUY,82.45,15 Dec 2020 10:56:00,-221,1485.25
240,NIFTY17DEC2013600PE,65,BUY,46.6,16 Dec 2020 10:45:14,SELL,34.95,16 Dec 2020 10:59:29,-757.25,2632.5
240,NIFTY17DEC2013650PE,65,SELL,68.1,16 Dec 2020 10:45:14,BUY,38.8,16 Dec 2020 15:25:00,1904.5,2632.5
241,NIFTY17DEC2013700PE,65,BUY,31.1,17 Dec 2020 10:45:14,SELL,23.05,17 Dec 2020 10:58:29,-523.25,2791.75
241,NIFTY17DEC2013750PE,65,SELL,58.5,17 Dec 2020 10:45:14,BUY,48,17 Dec 2020 10:58:29,682.5,2791.75
242,NIFTY24DEC2013650PE,65,BUY,84.85,18 Dec 2020 10:45:14,SELL,59.65,18 Dec 2020 13:26:29,-1638,3100.5
242,NIFTY24DEC2013700PE,65,SELL,105.5,18 Dec 2020 10:45:14,BUY,75.55,18 Dec 2020 13:26:29,1946.75,3100.5
243,NIFTY24DEC2013700PE,65,BUY,63.2,21 Dec 2020 10:45:14,SELL,66.35,21 Dec 2020 10:54:44,204.75,2983.5
243,NIFTY24DEC2013750PE,65,SELL,83,21 Dec 2020 10:45:14,BUY,87.95,21 Dec 2020 10:55:00,-321.75,2983.5
244,NIFTY24DEC2013250PE,65,BUY,106.35,22 Dec 2020 10:45:14,SELL,111.65,22 Dec 2020 10:46:44,344.5,3243.5
244,NIFTY24DEC2013300PE,65,SELL,124.5,22 Dec 2020 10:45:14,BUY,125.8,22 Dec 2020 10:47:00,-84.5,3243.5
245,NIFTY24DEC2013500PE,65,BUY,54.65,23 Dec 2020 10:45:14,SELL,57.35,23 Dec 2020 10:46:44,175.5,3214.25
245,NIFTY24DEC2013550PE,65,SELL,76.9,23 Dec 2020 10:45:14,BUY,80.05,23 Dec 2020 10:47:00,-204.75,3214.25
246,NIFTY24DEC2013650PE,65,BUY,14.65,24 Dec 2020 10:45:14,SELL,15.35,24 Dec 2020 10:45:44,45.5,3087.5
246,NIFTY24DEC2013700PE,65,SELL,29.2,24 Dec 2020 10:45:14,BUY,31.85,24 Dec 2020 10:46:00,-172.25,3087.5
247,NIFTY31DEC2013800PE,65,BUY,79.95,28 Dec 2020 10:45:14,SELL,75.25,28 Dec 2020 11:05:00,-305.5,3220.75
247,NIFTY31DEC2013850PE,65,SELL,102.5,28 Dec 2020 10:45:14,BUY,95.75,28 Dec 2020 11:05:00,438.75,3220.75
248,NIFTY31DEC2013900PE,65,BUY,69.6,29 Dec 2020 10:45:14,SELL,73.05,29 Dec 2020 10:45:44,224.25,3230.5
248,NIFTY31DEC2013950PE,65,SELL,92,29 Dec 2020 10:45:14,BUY,95.3,29 Dec 2020 10:46:00,-214.5,3230.5
249,NIFTY31DEC2013850PE,65,BUY,47.45,30 Dec 2020 10:45:14,SELL,37.25,30 Dec 2020 10:56:29,-663,3402.75
249,NIFTY31DEC2013900PE,65,SELL,65.65,30 Dec 2020 10:45:14,BUY,52.8,30 Dec 2020 10:56:29,835.25,3402.75
250,NIFTY31DEC2013950PE,65,BUY,19.15,31 Dec 2020 10:45:14,SELL,20.1,31 Dec 2020 10:45:44,61.75,3341
250,NIFTY31DEC2014000PE,65,SELL,36,31 Dec 2020 10:45:14,BUY,37.9,31 Dec 2020 10:46:00,-123.5,3341
251,NIFTY07JAN2114000PE,65,BUY,102.7,01 Jan 2021 10:45:14,SELL,107.8,01 Jan 2021 11:58:44,331.5,3237
251,NIFTY07JAN2114050PE,65,SELL,125,01 Jan 2021 10:45:14,BUY,131.7,01 Jan 2021 11:59:00,-435.5,3237
252,NIFTY07JAN2114050PE,65,BUY,65,04 Jan 2021 10:45:14,SELL,68.25,04 Jan 2021 10:47:44,211.25,2996.5
252,NIFTY07JAN2114100PE,65,SELL,85.4,04 Jan 2021 10:45:14,BUY,92.35,04 Jan 2021 10:48:00,-451.75,2996.5
253,NIFTY07JAN2114050PE,65,BUY,70.7,05 Jan 2021 10:45:14,SELL,60.1,05 Jan 2021 11:05:14,-689,3149.25
253,NIFTY07JAN2114100PE,65,SELL,91.3,05 Jan 2021 10:45:14,BUY,78.35,05 Jan 2021 11:05:14,841.75,3149.25
254,NIFTY07JAN2114200PE,65,BUY,63.05,06 Jan 2021 10:45:14,SELL,55.8,06 Jan 2021 11:06:29,-471.25,3295.5
254,NIFTY07JAN2114250PE,65,SELL,87.75,06 Jan 2021 10:45:14,BUY,78.25,06 Jan 2021 11:06:29,617.5,3295.5
255,NIFTY07JAN2114150PE,65,BUY,22.75,07 Jan 2021 10:45:14,SELL,19,07 Jan 2021 10:47:14,-243.75,3438.5
255,NIFTY07JAN2114200PE,65,SELL,43.05,07 Jan 2021 10:45:14,BUY,37.1,07 Jan 2021 10:47:14,386.75,3438.5
256,NIFTY14JAN2114250PE,65,BUY,101.75,08 Jan 2021 10:45:14,SELL,93.2,08 Jan 2021 12:45:29,-555.75,3617.25
256,NIFTY14JAN2114300PE,65,SELL,122.8,08 Jan 2021 10:45:14,BUY,111.5,08 Jan 2021 12:45:29,734.5,3617.25
257,NIFTY14JAN2114400PE,65,BUY,100,11 Jan 2021 10:45:14,SELL,87.8,11 Jan 2021 11:06:29,-793,3822
257,NIFTY14JAN2114450PE,65,SELL,122.9,11 Jan 2021 10:45:14,BUY,107.55,11 Jan 2021 11:06:29,997.75,3822
258,NIFTY14JAN2114450PE,65,BUY,89.05,12 Jan 2021 10:45:14,SELL,93.5,12 Jan 2021 10:52:44,289.25,3737.5
258,NIFTY14JAN2114500PE,65,SELL,111.4,12 Jan 2021 10:45:14,BUY,117.15,12 Jan 2021 10:53:00,-373.75,3737.5
259,NIFTY14JAN2114600PE,65,BUY,64,13 Jan 2021 10:45:14,SELL,55.45,13 Jan 2021 10:45:29,-555.75,3874
259,NIFTY14JAN2114650PE,65,SELL,88.5,13 Jan 2021 10:45:14,BUY,77.85,13 Jan 2021 10:45:29,692.25,3874
260,NIFTY14JAN2114500PE,65,BUY,21.9,14 Jan 2021 10:45:14,SELL,18.7,14 Jan 2021 10:45:29,-208,4013.75
260,NIFTY14JAN2114550PE,65,SELL,41.85,14 Jan 2021 10:45:14,BUY,36.5,14 Jan 2021 10:45:29,347.75,4013.75
261,NIFTY21JAN2114500PE,65,BUY,133,15 Jan 2021 10:45:14,SELL,139.65,15 Jan 2021 10:48:44,432.25,3812.25
261,NIFTY21JAN2114550PE,65,SELL,156.05,15 Jan 2021 10:45:14,BUY,165.8,15 Jan 2021 10:49:00,-633.75,3812.25
262,NIFTY21JAN2114300PE,65,BUY,133,18 Jan 2021 10:45:14,SELL,139.65,18 Jan 2021 10:46:44,432.25,3792.75
262,NIFTY21JAN2114350PE,65,SELL,157.15,18 Jan 2021 10:45:14,BUY,164.1,18 Jan 2021 10:47:00,-451.75,3792.75
263,NIFTY21JAN2114400PE,65,BUY,75.25,19 Jan 2021 10:45:14,SELL,79,19 Jan 2021 11:14:44,243.75,3682.25
263,NIFTY21JAN2114450PE,65,SELL,96.05,19 Jan 2021 10:45:14,BUY,101.5,19 Jan 2021 11:15:00,-354.25,3682.25
264,NIFTY21JAN2114550PE,65,BUY,41.15,20 Jan 2021 10:45:14,SELL,34.3,20 Jan 2021 10:53:29,-445.25,3818.75
264,NIFTY21JAN2114600PE,65,SELL,60.25,20 Jan 2021 10:45:14,BUY,51.3,20 Jan 2021 10:53:29,581.75,3818.75
265,NIFTY21JAN2114700PE,65,BUY,18.25,21 Jan 2021 10:45:14,SELL,14.5,21 Jan 2021 10:55:29,-243.75,4007.25
265,NIFTY21JAN2114750PE,65,SELL,42.3,21 Jan 2021 10:45:14,BUY,35.65,21 Jan 2021 10:55:29,432.25,4007.25
266,NIFTY28JAN2114500PE,65,BUY,107.6,22 Jan 2021 10:45:14,SELL,112.95,22 Jan 2021 10:57:44,347.75,4004
266,NIFTY28JAN2114550PE,65,SELL,127,22 Jan 2021 10:45:14,BUY,132.4,22 Jan 2021 10:58:00,-351,4004
267,NIFTY28JAN2114350PE,65,BUY,101.05,25 Jan 2021 10:45:14,SELL,106.1,25 Jan 2021 10:45:44,328.25,3474.25
267,NIFTY28JAN2114400PE,65,SELL,122,25 Jan 2021 10:45:14,BUY,135.2,25 Jan 2021 10:46:00,-858,3474.25
268,NIFTY28JAN2114050PE,65,BUY,54.4,27 Jan 2021 10:45:14,SELL,57.1,27 Jan 2021 10:45:44,175.5,3718
268,NIFTY28JAN2114100PE,65,SELL,73.35,27 Jan 2021 10:45:14,BUY,72.3,27 Jan 2021 10:46:00,68.25,3718
269,NIFTY28JAN2113800PE,65,BUY,37.95,28 Jan 2021 10:45:14,SELL,31.35,28 Jan 2021 10:46:29,-429,3896.75
269,NIFTY28JAN2113850PE,65,SELL,61.7,28 Jan 2021 10:45:14,BUY,52.35,28 Jan 2021 10:46:29,607.75,3896.75
270,NIFTY04FEB2113800PE,65,BUY,218,29 Jan 2021 10:45:14,SELL,201.45,29 Jan 2021 11:17:00,-1075.75,4026.75
270,NIFTY04FEB2113850PE,65,SELL,241.25,29 Jan 2021 10:45:14,BUY,222.7,29 Jan 2021 11:17:00,1205.75,4026.75
271,NIFTY04FEB2113750PE,65,BUY,190.1,01 Feb 2021 10:45:14,SELL,199.6,01 Feb 2021 11:04:44,617.5,4160
271,NIFTY04FEB2113800PE,65,SELL,213.25,01 Feb 2021 10:45:14,BUY,220.7,01 Feb 2021 11:05:00,-484.25,4160
272,NIFTY04FEB2114550PE,65,BUY,132.15,02 Feb 2021 10:45:14,SELL,138.75,02 Feb 2021 10:45:44,429,4124.25
272,NIFTY04FEB2114600PE,65,SELL,161,02 Feb 2021 10:45:14,BUY,168.15,02 Feb 2021 10:46:00,-464.75,4124.25
273,NIFTY04FEB2114800PE,65,BUY,85.75,03 Feb 2021 10:45:14,SELL,90,03 Feb 2021 10:48:44,276.25,4143.75
273,NIFTY04FEB2114850PE,65,SELL,112,03 Feb 2021 10:45:14,BUY,115.95,03 Feb 2021 10:49:00,-256.75,4143.75
274,NIFTY04FEB2114700PE,65,BUY,31.75,04 Feb 2021 10:45:14,SELL,33.3,04 Feb 2021 10:45:44,100.75,3854.5
274,NIFTY04FEB2114750PE,65,SELL,51.3,04 Feb 2021 10:45:14,BUY,57.3,04 Feb 2021 10:46:00,-390,3854.5
275,NIFTY11FEB2114900PE,65,BUY,159.95,05 Feb 2021 10:45:14,SELL,167.9,05 Feb 2021 10:50:44,516.75,3526.25
275,NIFTY11FEB2114950PE,65,SELL,183.25,05 Feb 2021 10:45:14,BUY,196.25,05 Feb 2021 10:51:00,-845,3526.25
276,NIFTY11FEB2115100PE,65,BUY,117.9,08 Feb 2021 10:45:14,SELL,123.75,08 Feb 2021 10:52:44,380.25,3773.25
276,NIFTY11FEB2115150PE,65,SELL,141.85,08 Feb 2021 10:45:14,BUY,143.9,08 Feb 2021 10:53:00,-133.25,3773.25
277,NIFTY11FEB2115150PE,65,BUY,89.15,09 Feb 2021 10:45:14,SELL,78.45,09 Feb 2021 10:50:29,-695.5,3909.75
277,NIFTY11FEB2115200PE,65,SELL,111,09 Feb 2021 10:45:14,BUY,98.2,09 Feb 2021 10:50:29,832,3909.75
278,NIFTY11FEB2115000PE,65,BUY,81.7,10 Feb 2021 10:45:14,SELL,67.65,10 Feb 2021 10:55:29,-913.25,4062.5
278,NIFTY11FEB2115050PE,65,SELL,104.7,10 Feb 2021 10:45:14,BUY,88.3,10 Feb 2021 10:55:29,1066,4062.5
279,NIFTY11FEB2115100PE,65,BUY,27.5,11 Feb 2021 10:45:14,SELL,28.85,11 Feb 2021 10:46:44,87.75,4030
279,NIFTY11FEB2115150PE,65,SELL,44.1,11 Feb 2021 10:45:14,BUY,45.95,11 Feb 2021 10:47:00,-120.25,4030
280,NIFTY18FEB2115150PE,65,BUY,103.6,12 Feb 2021 10:45:14,SELL,95.2,12 Feb 2021 10:45:29,-546,4179.5
280,NIFTY18FEB2115200PE,65,SELL,123.75,12 Feb 2021 10:45:14,BUY,113.05,12 Feb 2021 10:45:29,695.5,4179.5
281,NIFTY18FEB2115250PE,65,BUY,77.9,15 Feb 2021 10:45:14,SELL,81.75,15 Feb 2021 12:03:44,250.25,4098.25
281,NIFTY18FEB2115300PE,65,SELL,98.05,15 Feb 2021 10:45:14,BUY,103.15,15 Feb 2021 12:04:00,-331.5,4098.25
282,NIFTY18FEB2115350PE,65,BUY,63.9,16 Feb 2021 10:45:14,SELL,67.05,16 Feb 2021 10:55:44,204.75,4095
282,NIFTY18FEB2115400PE,65,SELL,83.55,16 Feb 2021 10:45:14,BUY,86.75,16 Feb 2021 10:56:00,-208,4095
283,NIFTY18FEB2115200PE,65,BUY,53.35,17 Feb 2021 10:45:14,SELL,56,17 Feb 2021 10:46:44,172.25,4000.75
283,NIFTY18FEB2115250PE,65,SELL,74.65,17 Feb 2021 10:45:14,BUY,78.75,17 Feb 2021 10:47:00,-266.5,4000.75
284,NIFTY18FEB2115200PE,65,BUY,23.8,18 Feb 2021 10:45:14,SELL,24.95,18 Feb 2021 10:45:44,74.75,3906.5
284,NIFTY18FEB2115250PE,65,SELL,42.6,18 Feb 2021 10:45:14,BUY,45.2,18 Feb 2021 10:46:00,-169,3906.5
285,NIFTY25FEB2115050PE,65,BUY,106.9,19 Feb 2021 10:45:14,SELL,112.2,19 Feb 2021 10:48:14,344.5,3867.5
285,NIFTY25FEB2115100PE,65,SELL,125.8,19 Feb 2021 10:45:14,BUY,131.7,19 Feb 2021 10:48:29,-383.5,3867.5
286,NIFTY25FEB2114850PE,65,BUY,101.2,22 Feb 2021 10:45:14,SELL,106.25,22 Feb 2021 10:50:44,328.25,3984.5
286,NIFTY25FEB2114900PE,65,SELL,122.55,22 Feb 2021 10:45:14,BUY,125.8,22 Feb 2021 10:51:00,-211.25,3984.5
287,NIFTY25FEB2114800PE,65,BUY,77.5,23 Feb 2021 10:45:14,SELL,81.35,23 Feb 2021 10:45:44,250.25,3935.75
287,NIFTY25FEB2114850PE,65,SELL,97.35,23 Feb 2021 10:45:14,BUY,101.95,23 Feb 2021 10:46:00,-299,3935.75
288,NIFTY25FEB2114750PE,65,BUY,66.7,24 Feb 2021 10:45:14,SELL,61.85,24 Feb 2021 11:01:29,-315.25,4069
288,NIFTY25FEB2114800PE,65,SELL,88.1,24 Feb 2021 10:45:14,BUY,81.2,24 Feb 2021 11:01:29,448.5,4069
289,NIFTY25FEB2115100PE,65,BUY,25.25,25 Feb 2021 10:45:14,SELL,26.5,25 Feb 2021 10:51:44,81.25,4023.5
289,NIFTY25FEB2115150PE,65,SELL,44.5,25 Feb 2021 10:45:14,BUY,46.45,25 Feb 2021 10:52:00,-126.75,4023.5
290,NIFTY04MAR2114750PE,65,BUY,169,26 Feb 2021 10:45:14,SELL,177.45,26 Feb 2021 10:59:44,549.25,3246.75
290,NIFTY04MAR2114800PE,65,SELL,191.6,26 Feb 2021 10:45:14,BUY,212,26 Feb 2021 11:00:00,-1326,3246.75
291,NIFTY04MAR2114750PE,65,BUY,140.95,01 Mar 2021 10:45:14,SELL,147.95,01 Mar 2021 10:54:44,455,3318.25
291,NIFTY04MAR2114800PE,65,SELL,163.15,01 Mar 2021 10:45:14,BUY,169.05,01 Mar 2021 10:55:00,-383.5,3318.25
292,NIFTY04MAR2114850PE,65,BUY,110.15,02 Mar 2021 10:45:14,SELL,115.65,02 Mar 2021 10:48:44,357.5,3162.25
292,NIFTY04MAR2114900PE,65,SELL,134,02 Mar 2021 10:45:14,BUY,141.9,02 Mar 2021 10:49:00,-513.5,3162.25
293,NIFTY04MAR2115100PE,65,BUY,79.85,03 Mar 2021 10:45:14,SELL,83.8,03 Mar 2021 10:47:44,256.75,3129.75
293,NIFTY04MAR2115150PE,65,SELL,105.55,03 Mar 2021 10:45:14,BUY,110,03 Mar 2021 10:48:00,-289.25,3129.75
294,NIFTY04MAR2115050PE,65,BUY,45.55,04 Mar 2021 10:45:14,SELL,40.1,04 Mar 2021 10:47:29,-354.25,3298.75
294,NIFTY04MAR2115100PE,65,SELL,68.65,04 Mar 2021 10:45:14,BUY,60.6,04 Mar 2021 10:47:29,523.25,3298.75
295,NIFTY10MAR2114950PE,65,BUY,191.2,05 Mar 2021 10:45:14,SELL,200.75,05 Mar 2021 10:47:44,620.75,3276
295,NIFTY10MAR2115000PE,65,SELL,213.15,05 Mar 2021 10:45:14,BUY,223.05,05 Mar 2021 10:48:00,-643.5,3276
296,NIFTY10MAR2114950PE,65,BUY,132.75,08 Mar 2021 10:45:14,SELL,139.35,08 Mar 2021 10:45:44,429,3409.25
296,NIFTY10MAR2115000PE,65,SELL,155.3,08 Mar 2021 10:45:14,BUY,159.85,08 Mar 2021 10:46:00,-295.75,3409.25
297,NIFTY10MAR2115050PE,65,BUY,89.25,09 Mar 2021 10:45:14,SELL,81.2,09 Mar 2021 11:19:29,-523.25,3552.25
297,NIFTY10MAR2115100PE,65,SELL,113.85,09 Mar 2021 10:45:14,BUY,103.6,09 Mar 2021 11:19:29,666.25,3552.25
298,NIFTY10MAR2115150PE,65,BUY,43.55,10 Mar 2021 10:45:14,SELL,37.05,10 Mar 2021 10:52:29,-422.5,3688.75
298,NIFTY10MAR2115200PE,65,SELL,70.8,10 Mar 2021 10:45:14,BUY,62.2,10 Mar 2021 10:52:29,559,3688.75
299,NIFTY18MAR2115250PE,65,BUY,131.7,12 Mar 2021 10:45:14,SELL,138.25,12 Mar 2021 11:18:44,425.75,3734.25
299,NIFTY18MAR2115300PE,65,SELL,152.85,12 Mar 2021 10:45:14,BUY,158.7,12 Mar 2021 11:19:00,-380.25,3734.25
300,NIFTY18MAR2114850PE,65,BUY,142.4,15 Mar 2021 10:45:14,SELL,149.5,15 Mar 2021 10:45:44,461.5,3828.5
300,NIFTY18MAR2114900PE,65,SELL,166.1,15 Mar 2021 10:45:14,BUY,171.75,15 Mar 2021 10:46:00,-367.25,3828.5
301,NIFTY18MAR2115050PE,65,BUY,108.5,16 Mar 2021 10:45:14,SELL,113.9,16 Mar 2021 10:46:44,351,3854.5
301,NIFTY18MAR2115100PE,65,SELL,133.35,16 Mar 2021 10:45:14,BUY,138.35,16 Mar 2021 10:47:00,-325,3854.5
302,NIFTY18MAR2114850PE,65,BUY,79.95,17 Mar 2021 10:45:14,SELL,83.9,17 Mar 2021 10:46:44,256.75,3887
302,NIFTY18MAR2114900PE,65,SELL,103.45,17 Mar 2021 10:45:14,BUY,106.9,17 Mar 2021 10:47:00,-224.25,3887
303,NIFTY18MAR2114750PE,65,BUY,32.6,18 Mar 2021 10:45:14,SELL,27.5,18 Mar 2021 10:45:29,-331.5,4082
303,NIFTY18MAR2114800PE,65,SELL,56.5,18 Mar 2021 10:45:14,BUY,48.4,18 Mar 2021 10:45:29,526.5,4082
304,NIFTY25MAR2114500PE,65,BUY,185.65,19 Mar 2021 10:45:14,SELL,158,19 Mar 2021 10:48:29,-1797.25,4238
304,NIFTY25MAR2114550PE,65,SELL,207.85,19 Mar 2021 10:45:14,BUY,177.8,19 Mar 2021 10:48:29,1953.25,4238
305,NIFTY25MAR2114650PE,65,BUY,137.45,22 Mar 2021 10:45:14,SELL,144.3,22 Mar 2021 10:46:44,445.25,4160
305,NIFTY25MAR2114700PE,65,SELL,158.95,22 Mar 2021 10:45:14,BUY,167,22 Mar 2021 10:47:00,-523.25,4160
306,NIFTY25MAR2114750PE,65,BUY,110.25,23 Mar 2021 10:45:14,SELL,99.7,23 Mar 2021 10:52:29,-685.75,4338.75
306,NIFTY25MAR2114800PE,65,SELL,132.45,23 Mar 2021 10:45:14,BUY,119.15,23 Mar 2021 10:52:29,864.5,4338.75
307,NIFTY25MAR2114600PE,65,BUY,77.5,24 Mar 2021 10:45:14,SELL,81.35,24 Mar 2021 10:45:44,250.25,4082
307,NIFTY25MAR2114650PE,65,SELL,98.2,24 Mar 2021 10:45:14,BUY,106,24 Mar 2021 10:46:00,-507,4082
308,NIFTY25MAR2114350PE,65,BUY,33.55,25 Mar 2021 10:45:14,SELL,35.2,25 Mar 2021 10:49:44,107.25,4046.25
308,NIFTY25MAR2114400PE,65,SELL,53.55,25 Mar 2021 10:45:14,BUY,55.75,25 Mar 2021 10:50:00,-143,4046.25
309,NIFTY01APR2114550PE,65,BUY,183.55,26 Mar 2021 10:45:14,SELL,192.7,26 Mar 2021 10:48:44,594.75,3584.75
309,NIFTY01APR2114600PE,65,SELL,207,26 Mar 2021 10:45:14,BUY,223.25,26 Mar 2021 10:49:00,-1056.25,3584.75
310,NIFTY01APR2114800PE,65,BUY,143,30 Mar 2021 10:45:14,SELL,128,30 Mar 2021 10:51:14,-975,3744
310,NIFTY01APR2114850PE,65,SELL,171,30 Mar 2021 10:45:14,BUY,153.55,30 Mar 2021 10:51:14,1134.25,3744
311,NIFTY01APR2114750PE,65,BUY,106.55,31 Mar 2021 10:45:14,SELL,94.5,31 Mar 2021 11:07:29,-783.25,3874
311,NIFTY01APR2114800PE,65,SELL,133.85,31 Mar 2021 10:45:14,BUY,119.8,31 Mar 2021 11:07:29,913.25,3874
312,NIFTY01APR2114750PE,65,BUY,48.8,01 Apr 2021 10:45:14,SELL,51.2,01 Apr 2021 10:45:44,156,3994.25
312,NIFTY01APR2114800PE,65,SELL,76.4,01 Apr 2021 10:45:14,BUY,76.95,01 Apr 2021 10:46:00,-35.75,3994.25
313,NIFTY08APR2114500PE,65,BUY,146.3,05 Apr 2021 10:45:14,SELL,153.6,05 Apr 2021 11:01:44,474.5,4368
313,NIFTY08APR2114550PE,65,SELL,169.75,05 Apr 2021 10:45:14,BUY,171.3,05 Apr 2021 11:02:00,-100.75,4368
314,NIFTY08APR2114750PE,65,BUY,119,06 Apr 2021 10:45:14,SELL,124.95,06 Apr 2021 10:47:44,386.75,4309.5
314,NIFTY08APR2114800PE,65,SELL,145.1,06 Apr 2021 10:45:14,BUY,151.95,06 Apr 2021 10:48:00,-445.25,4309.5
315,NIFTY08APR2114800PE,65,BUY,105.65,07 Apr 2021 10:45:14,SELL,100.2,07 Apr 2021 10:54:00,-354.25,4442.75
315,NIFTY08APR2114850PE,65,SELL,134,07 Apr 2021 10:45:14,BUY,126.5,07 Apr 2021 10:54:00,487.5,4442.75
316,NIFTY08APR2114950PE,65,BUY,40.2,08 Apr 2021 10:45:14,SELL,42.2,08 Apr 2021 10:45:44,130,4426.5
316,NIFTY08APR2115000PE,65,SELL,70.8,08 Apr 2021 10:45:14,BUY,73.05,08 Apr 2021 10:46:00,-146.25,4426.5
317,NIFTY15APR2114850PE,65,BUY,136.4,09 Apr 2021 10:45:14,SELL,143.2,09 Apr 2021 10:53:44,442,4511
317,NIFTY15APR2114900PE,65,SELL,157.7,09 Apr 2021 10:45:14,BUY,163.2,09 Apr 2021 10:54:00,-357.5,4511
318,NIFTY15APR2114400PE,65,BUY,131.2,12 Apr 2021 10:45:14,SELL,118.45,12 Apr 2021 10:49:14,-828.75,4650.75
318,NIFTY15APR2114450PE,65,SELL,154.9,12 Apr 2021 10:45:14,BUY,140,12 Apr 2021 10:49:14,968.5,4650.75
319,NIFTY15APR2114350PE,65,BUY,85.5,13 Apr 2021 10:45:14,SELL,89.75,13 Apr 2021 10:45:44,276.25,4845.75
319,NIFTY15APR2114400PE,65,SELL,106,13 Apr 2021 10:45:14,BUY,107.25,13 Apr 2021 10:46:00,-81.25,4845.75
320,NIFTY15APR2114400PE,65,BUY,50.45,15 Apr 2021 10:45:14,SELL,43.35,15 Apr 2021 10:48:14,-461.5,4982.25
320,NIFTY15APR2114450PE,65,SELL,74.55,15 Apr 2021 10:45:14,BUY,65.35,15 Apr 2021 10:48:14,598,4982.25
321,NIFTY22APR2114650PE,65,BUY,140.8,16 Apr 2021 10:45:14,SELL,147.8,16 Apr 2021 11:04:44,455,4920.5
321,NIFTY22APR2114700PE,65,SELL,163.35,16 Apr 2021 10:45:14,BUY,171.3,16 Apr 2021 11:05:00,-516.75,4920.5
322,NIFTY22APR2114250PE,65,BUY,120,19 Apr 2021 10:45:14,SELL,113.4,19 Apr 2021 10:54:14,-429,5063.5
322,NIFTY22APR2114300PE,65,SELL,140.5,19 Apr 2021 10:45:14,BUY,131.7,19 Apr 2021 10:54:14,572,5063.5
323,NIFTY22APR2114450PE,65,BUY,86.15,20 Apr 2021 10:45:14,SELL,90.45,20 Apr 2021 10:46:44,279.5,4910.75
323,NIFTY22APR2114500PE,65,SELL,109.5,20 Apr 2021 10:45:14,BUY,116.15,20 Apr 2021 10:47:00,-432.25,4910.75
324,NIFTY22APR2114250PE,65,BUY,56.65,22 Apr 2021 10:45:14,SELL,59.45,22 Apr 2021 10:47:44,182,4914
324,NIFTY22APR2114300PE,65,SELL,80.3,22 Apr 2021 10:45:14,BUY,83.05,22 Apr 2021 10:48:00,-178.75,4914
325,NIFTY29APR2114350PE,65,BUY,151.1,23 Apr 2021 10:45:14,SELL,141.35,23 Apr 2021 11:05:14,-633.75,5073.25
325,NIFTY29APR2114400PE,65,SELL,171.3,23 Apr 2021 10:45:14,BUY,159.1,23 Apr 2021 11:05:14,793,5073.25
326,NIFTY29APR2114450PE,65,BUY,117.5,26 Apr 2021 10:45:14,SELL,123.35,26 Apr 2021 10:57:44,380.25,5131.75
326,NIFTY29APR2114500PE,65,SELL,137,26 Apr 2021 10:45:14,BUY,141.95,26 Apr 2021 10:58:00,-321.75,5131.75
327,NIFTY29APR2114500PE,65,BUY,83.45,27 Apr 2021 10:45:14,SELL,76.45,27 Apr 2021 11:10:00,-455,5274.75
327,NIFTY29APR2114550PE,65,SELL,102.8,27 Apr 2021 10:45:14,BUY,93.6,27 Apr 2021 11:10:00,598,5274.75
328,NIFTY29APR2114700PE,65,BUY,52.05,28 Apr 2021 10:45:14,SELL,48.25,28 Apr 2021 11:08:29,-247,5408
328,NIFTY29APR2114750PE,65,SELL,70.45,28 Apr 2021 10:45:14,BUY,64.6,28 Apr 2021 11:08:29,380.25,5408
329,NIFTY29APR2114800PE,65,BUY,31.6,29 Apr 2021 10:45:14,SELL,33.15,29 Apr 2021 10:45:44,100.75,5570.5
329,NIFTY29APR2114850PE,65,SELL,49,29 Apr 2021 10:45:14,BUY,48.05,29 Apr 2021 10:46:00,61.75,5570.5
330,NIFTY06MAY2114800PE,65,BUY,166.9,30 Apr 2021 10:45:14,SELL,164.3,30 Apr 2021 10:46:14,-169,5726.5
330,NIFTY06MAY2114850PE,65,SELL,192,30 Apr 2021 10:45:14,BUY,187,30 Apr 2021 10:46:14,325,5726.5
331,NIFTY06MAY2114550PE,65,BUY,122.85,03 May 2021 10:45:14,SELL,120.7,03 May 2021 10:46:00,-139.75,5911.75
331,NIFTY06MAY2114600PE,65,SELL,147,03 May 2021 10:45:14,BUY,142,03 May 2021 10:46:00,325,5911.75
332,NIFTY06MAY2114650PE,65,BUY,109.7,04 May 2021 10:45:14,SELL,98.5,04 May 2021 11:02:29,-728,6064.5
332,NIFTY06MAY2114700PE,65,SELL,135.45,04 May 2021 10:45:14,BUY,121.9,04 May 2021 11:02:29,880.75,6064.5
333,NIFTY06MAY2114600PE,65,BUY,88.4,05 May 2021 10:45:14,SELL,80.1,05 May 2021 10:45:29,-539.5,6240
333,NIFTY06MAY2114650PE,65,SELL,114.15,05 May 2021 10:45:14,BUY,103.15,05 May 2021 10:45:29,715,6240
334,NIFTY06MAY2114650PE,65,BUY,50.15,06 May 2021 10:45:14,SELL,39.95,06 May 2021 11:01:00,-663,6379.75
334,NIFTY06MAY2114700PE,65,SELL,79.3,06 May 2021 10:45:14,BUY,66.95,06 May 2021 11:01:00,802.75,6379.75
335,NIFTY12MAY2114800PE,65,BUY,127.45,07 May 2021 10:45:14,SELL,133.8,07 May 2021 10:48:44,412.75,6311.5
335,NIFTY12MAY2114850PE,65,SELL,150.7,07 May 2021 10:45:14,BUY,158.1,07 May 2021 10:49:00,-481,6311.5
336,NIFTY12MAY2114900PE,65,BUY,83.05,10 May 2021 10:45:14,SELL,68.6,10 May 2021 11:22:29,-939.25,6464.25
336,NIFTY12MAY2114950PE,65,SELL,104.85,10 May 2021 10:45:14,BUY,88.05,10 May 2021 11:22:29,1092,6464.25
337,NIFTY12MAY2114800PE,65,BUY,55.05,11 May 2021 10:45:14,SELL,46.7,11 May 2021 11:27:29,-542.75,6594.25
337,NIFTY12MAY2114850PE,65,SELL,76.95,11 May 2021 10:45:14,BUY,66.6,11 May 2021 11:27:29,672.75,6594.25
338,NIFTY12MAY2114700PE,65,BUY,25.65,12 May 2021 10:45:14,SELL,22.15,12 May 2021 10:56:29,-227.5,6743.75
338,NIFTY12MAY2114750PE,65,SELL,48.7,12 May 2021 10:45:14,BUY,42.9,12 May 2021 10:56:29,377,6743.75
339,NIFTY20MAY2114650PE,65,BUY,108.05,14 May 2021 10:45:14,SELL,113.45,14 May 2021 10:54:44,351,6821.75
339,NIFTY20MAY2114700PE,65,SELL,129.1,14 May 2021 10:45:14,BUY,133.3,14 May 2021 10:55:00,-273,6821.75
340,NIFTY20MAY2114800PE,65,BUY,94.5,17 May 2021 10:45:14,SELL,99.2,17 May 2021 10:59:44,305.5,6847.75
340,NIFTY20MAY2114850PE,65,SELL,118.25,17 May 2021 10:45:14,BUY,122.55,17 May 2021 11:00:00,-279.5,6847.75
341,NIFTY20MAY2115100PE,65,BUY,79.8,18 May 2021 10:45:14,SELL,71.75,18 May 2021 10:59:29,-523.25,6997.25
341,NIFTY20MAY2115150PE,65,SELL,105,18 May 2021 10:45:14,BUY,94.65,18 May 2021 10:59:29,672.75,6997.25
342,NIFTY20MAY2115050PE,65,BUY,51.75,19 May 2021 10:45:14,SELL,54.3,19 May 2021 11:17:44,165.75,7010.25
342,NIFTY20MAY2115100PE,65,SELL,73.3,19 May 2021 10:45:14,BUY,75.65,19 May 2021 11:18:00,-152.75,7010.25
343,NIFTY20MAY2114950PE,65,BUY,19.55,20 May 2021 10:45:14,SELL,20.5,20 May 2021 10:46:44,61.75,7072
343,NIFTY20MAY2115000PE,65,SELL,38.25,20 May 2021 10:45:14,BUY,38.25,20 May 2021 10:47:00,0,7072
344,NIFTY27MAY2115050PE,65,BUY,96.25,21 May 2021 10:45:14,SELL,90.35,21 May 2021 10:50:29,-383.5,7273.5
344,NIFTY27MAY2115100PE,65,SELL,116,21 May 2021 10:45:14,BUY,107,21 May 2021 10:50:29,585,7273.5
345,NIFTY27MAY2115150PE,65,BUY,79.45,24 May 2021 10:45:14,SELL,70.75,24 May 2021 11:47:14,-565.5,7406.75
345,NIFTY27MAY2115200PE,65,SELL,100.4,24 May 2021 10:45:14,BUY,89.65,24 May 2021 11:47:14,698.75,7406.75
346,NIFTY27MAY2115200PE,65,BUY,49.25,25 May 2021 10:45:14,SELL,51.7,25 May 2021 10:45:44,159.25,7351.5
346,NIFTY27MAY2115250PE,65,SELL,67.7,25 May 2021 10:45:14,BUY,71,25 May 2021 10:46:00,-214.5,7351.5
347,NIFTY27MAY2115250PE,65,BUY,47.85,26 May 2021 10:45:14,SELL,50.2,26 May 2021 10:45:44,152.75,7436
347,NIFTY27MAY2115300PE,65,SELL,69.6,26 May 2021 10:45:14,BUY,70.65,26 May 2021 10:46:00,-68.25,7436
348,NIFTY27MAY2115250PE,65,BUY,19.05,27 May 2021 10:45:14,SELL,14.8,27 May 2021 10:57:29,-276.25,7627.75
348,NIFTY27MAY2115300PE,65,SELL,35.75,27 May 2021 10:45:14,BUY,28.55,27 May 2021 10:57:29,468,7627.75
349,NIFTY03JUN2115400PE,65,BUY,105.45,28 May 2021 10:45:14,SELL,110.7,28 May 2021 11:00:44,341.25,7195.5
349,NIFTY03JUN2115450PE,65,SELL,128.1,28 May 2021 10:45:14,BUY,140,28 May 2021 11:01:00,-773.5,7195.5
350,NIFTY03JUN2115500PE,65,BUY,94.6,31 May 2021 10:45:14,SELL,99.3,31 May 2021 10:51:44,305.5,7309.25
350,NIFTY03JUN2115550PE,65,SELL,120.45,31 May 2021 10:45:14,BUY,123.4,31 May 2021 10:52:00,-191.75,7309.25
351,NIFTY03JUN2115550PE,65,BUY,78.3,01 Jun 2021 10:45:14,SELL,82.2,01 Jun 2021 10:45:44,253.5,7452.25
351,NIFTY03JUN2115600PE,65,SELL,103.2,01 Jun 2021 10:45:14,BUY,104.9,01 Jun 2021 10:46:00,-110.5,7452.25
352,NIFTY03JUN2115500PE,65,BUY,58.25,02 Jun 2021 10:45:14,SELL,61.15,02 Jun 2021 10:50:44,188.5,7371
352,NIFTY03JUN2115550PE,65,SELL,85.55,02 Jun 2021 10:45:14,BUY,89.7,02 Jun 2021 10:51:00,-269.75,7371
353,NIFTY03JUN2115650PE,65,BUY,34.2,03 Jun 2021 10:45:14,SELL,35.9,03 Jun 2021 10:45:44,110.5,7387.25
353,NIFTY03JUN2115700PE,65,SELL,68.15,03 Jun 2021 10:45:14,BUY,69.6,03 Jun 2021 10:46:00,-94.25,7387.25
354,NIFTY10JUN2115650PE,65,BUY,91.45,04 Jun 2021 10:45:14,SELL,96,04 Jun 2021 10:46:44,295.75,7247.5
354,NIFTY10JUN2115700PE,65,SELL,114.5,04 Jun 2021 10:45:14,BUY,121.2,04 Jun 2021 10:47:00,-435.5,7247.5
355,NIFTY10JUN2115700PE,65,BUY,74.25,07 Jun 2021 10:45:14,SELL,66.1,07 Jun 2021 11:07:14,-529.75,7380.75
355,NIFTY10JUN2115750PE,65,SELL,98.2,07 Jun 2021 10:45:14,BUY,88,07 Jun 2021 11:07:14,663,7380.75
356,NIFTY10JUN2115700PE,65,BUY,71.65,08 Jun 2021 10:45:14,SELL,63.45,08 Jun 2021 11:02:29,-533,7520.5
356,NIFTY10JUN2115750PE,65,SELL,97.2,08 Jun 2021 10:45:14,BUY,86.85,08 Jun 2021 11:02:29,672.75,7520.5
357,NIFTY10JUN2115750PE,65,BUY,44.45,09 Jun 2021 10:45:14,SELL,37.65,09 Jun 2021 11:26:29,-442,7666.75
357,NIFTY10JUN2115800PE,65,SELL,67.85,09 Jun 2021 10:45:14,BUY,58.8,09 Jun 2021 11:26:29,588.25,7666.75
358,NIFTY10JUN2115700PE,65,BUY,29.8,10 Jun 2021 10:45:14,SELL,31.25,10 Jun 2021 10:46:44,94.25,7601.75
358,NIFTY10JUN2115750PE,65,SELL,56.6,10 Jun 2021 10:45:14,BUY,59.05,10 Jun 2021 10:47:00,-159.25,7601.75
359,NIFTY17JUN2115800PE,65,BUY,91.65,11 Jun 2021 10:45:14,SELL,96.2,11 Jun 2021 11:24:44,295.75,7523.75
359,NIFTY17JUN2115850PE,65,SELL,115.15,11 Jun 2021 10:45:14,BUY,120.9,11 Jun 2021 11:25:00,-373.75,7523.75
360,NIFTY17JUN2115700PE,65,BUY,80.5,14 Jun 2021 10:45:14,SELL,84.5,14 Jun 2021 10:46:44,260,7566
360,NIFTY17JUN2115750PE,65,SELL,104.5,14 Jun 2021 10:45:14,BUY,107.85,14 Jun 2021 10:47:00,-217.75,7566
361,NIFTY17JUN2115850PE,65,BUY,58.1,15 Jun 2021 10:45:14,SELL,61,15 Jun 2021 11:46:44,188.5,7445.75
361,NIFTY17JUN2115900PE,65,SELL,79.7,15 Jun 2021 10:45:14,BUY,84.45,15 Jun 2021 11:47:00,-308.75,7445.75
362,NIFTY17JUN2115800PE,65,BUY,52.75,16 Jun 2021 10:45:14,SELL,55.35,16 Jun 2021 10:46:44,169,7582.25
362,NIFTY17JUN2115850PE,65,SELL,77.7,16 Jun 2021 10:45:14,BUY,78.2,16 Jun 2021 10:47:00,-32.5,7582.25
363,NIFTY17JUN2115700PE,65,BUY,17.75,17 Jun 2021 10:45:14,SELL,18.6,17 Jun 2021 10:47:44,55.25,7488
363,NIFTY17JUN2115750PE,65,SELL,35.45,17 Jun 2021 10:45:14,BUY,37.75,17 Jun 2021 10:48:00,-149.5,7488
364,NIFTY24JUN2115550PE,65,BUY,115.25,18 Jun 2021 10:45:14,SELL,121,18 Jun 2021 10:48:44,373.75,7367.75
364,NIFTY24JUN2115600PE,65,SELL,139.45,18 Jun 2021 10:45:14,BUY,147.05,18 Jun 2021 10:49:00,-494,7367.75
365,NIFTY24JUN2115550PE,65,BUY,72.35,21 Jun 2021 10:45:14,SELL,75.95,21 Jun 2021 10:47:44,234,7309.25
365,NIFTY24JUN2115600PE,65,SELL,92.1,21 Jun 2021 10:45:14,BUY,96.6,21 Jun 2021 10:48:00,-292.5,7309.25
366,NIFTY24JUN2115800PE,65,BUY,48.15,22 Jun 2021 10:45:14,SELL,50.55,22 Jun 2021 11:17:44,156,7306
366,NIFTY24JUN2115850PE,65,SELL,66,22 Jun 2021 10:45:14,BUY,68.45,22 Jun 2021 11:18:00,-159.25,7306
367,NIFTY24JUN2115750PE,65,BUY,51.45,23 Jun 2021 10:45:14,SELL,45.2,23 Jun 2021 10:50:29,-406.25,7442.5
367,NIFTY24JUN2115800PE,65,SELL,75.95,23 Jun 2021 10:45:14,BUY,67.6,23 Jun 2021 10:50:29,542.75,7442.5
368,NIFTY24JUN2115700PE,65,BUY,22.3,24 Jun 2021 10:45:14,SELL,23.4,24 Jun 2021 10:56:44,71.5,7390.5
368,NIFTY24JUN2115750PE,65,SELL,39.65,24 Jun 2021 10:45:14,BUY,41.55,24 Jun 2021 10:57:00,-123.5,7390.5
369,NIFTY01JUL2115750PE,65,BUY,88.05,25 Jun 2021 10:45:14,SELL,92.45,25 Jun 2021 10:46:44,286,7231.25
369,NIFTY01JUL2115800PE,65,SELL,109.65,25 Jun 2021 10:45:14,BUY,116.5,25 Jun 2021 10:47:00,-445.25,7231.25
370,NIFTY01JUL2115800PE,65,BUY,74.05,28 Jun 2021 10:45:14,SELL,77.75,28 Jun 2021 10:45:44,240.5,7341.75
370,NIFTY01JUL2115850PE,65,SELL,96.8,28 Jun 2021 10:45:14,BUY,98.8,28 Jun 2021 10:46:00,-130,7341.75
371,NIFTY01JUL2115700PE,65,BUY,54.15,29 Jun 2021 10:45:14,SELL,43.95,29 Jun 2021 11:23:29,-663,7471.75
371,NIFTY01JUL2115750PE,65,SELL,75.7,29 Jun 2021 10:45:14,BUY,63.5,29 Jun 2021 11:23:29,793,7471.75
372,NIFTY01JUL2115800PE,65,BUY,39.2,30 Jun 2021 10:45:14,SELL,35.6,30 Jun 2021 10:47:29,-234,7640.75
372,NIFTY01JUL2115850PE,65,SELL,62.9,30 Jun 2021 10:45:14,BUY,56.7,30 Jun 2021 10:47:29,403,7640.75
373,NIFTY01JUL2115650PE,65,BUY,12.45,01 Jul 2021 10:45:14,SELL,13.05,01 Jul 2021 10:45:44,39,7673.25
373,NIFTY01JUL2115700PE,65,SELL,32.5,01 Jul 2021 10:45:14,BUY,32.6,01 Jul 2021 10:46:00,-6.5,7673.25
374,NIFTY08JUL2115650PE,65,BUY,80.15,02 Jul 2021 10:45:14,SELL,84.15,02 Jul 2021 10:46:44,260,7728.5
374,NIFTY08JUL2115700PE,65,SELL,106.35,02 Jul 2021 10:45:14,BUY,109.5,02 Jul 2021 10:47:00,-204.75,7728.5
375,NIFTY08JUL2115800PE,65,BUY,57.3,05 Jul 2021 10:45:14,SELL,52.6,05 Jul 2021 11:38:29,-305.5,7939.75
375,NIFTY08JUL2115850PE,65,SELL,82,05 Jul 2021 10:45:14,BUY,74.05,05 Jul 2021 11:38:29,516.75,7939.75
376,NIFTY08JUL2115850PE,65,BUY,48.75,06 Jul 2021 10:45:14,SELL,42.6,06 Jul 2021 11:10:29,-399.75,8079.5
376,NIFTY08JUL2115900PE,65,SELL,75.1,06 Jul 2021 10:45:14,BUY,66.8,06 Jul 2021 11:10:29,539.5,8079.5
377,NIFTY08JUL2115750PE,65,BUY,25,07 Jul 2021 10:45:14,SELL,26.25,07 Jul 2021 10:47:44,81.25,8121.75
377,NIFTY08JUL2115800PE,65,SELL,43.1,07 Jul 2021 10:45:14,BUY,43.7,07 Jul 2021 10:48:00,-39,8121.75
378,NIFTY08JUL2115800PE,65,BUY,17.05,08 Jul 2021 10:45:14,SELL,14.65,08 Jul 2021 10:47:29,-156,8297.25
378,NIFTY08JUL2115850PE,65,SELL,38.45,08 Jul 2021 10:45:14,BUY,33.35,08 Jul 2021 10:47:29,331.5,8297.25
379,NIFTY15JUL2115700PE,65,BUY,77.6,09 Jul 2021 10:45:14,SELL,81.45,09 Jul 2021 10:49:44,250.25,8222.5
379,NIFTY15JUL2115750PE,65,SELL,99.95,09 Jul 2021 10:45:14,BUY,104.95,09 Jul 2021 10:50:00,-325,8222.5
380,NIFTY15JUL2115750PE,65,BUY,49.35,12 Jul 2021 10:45:14,SELL,51.8,12 Jul 2021 10:46:44,159.25,8141.25
380,NIFTY15JUL2115800PE,65,SELL,70.8,12 Jul 2021 10:45:14,BUY,74.5,12 Jul 2021 10:47:00,-240.5,8141.25
381,NIFTY15JUL2115750PE,65,BUY,52.15,13 Jul 2021 10:45:14,SELL,54.75,13 Jul 2021 10:49:44,169,8069.75
381,NIFTY15JUL2115800PE,65,SELL,77.2,13 Jul 2021 10:45:14,BUY,80.9,13 Jul 2021 10:50:00,-240.5,8069.75
382,NIFTY15JUL2115800PE,65,BUY,42,14 Jul 2021 10:45:14,SELL,35.55,14 Jul 2021 11:09:29,-419.25,8199.75
382,NIFTY15JUL2115850PE,65,SELL,65.5,14 Jul 2021 10:45:14,BUY,57.05,14 Jul 2021 11:09:29,549.25,8199.75
383,NIFTY15JUL2115850PE,65,BUY,12.85,15 Jul 2021 10:45:14,SELL,11.15,15 Jul 2021 10:46:29,-110.5,8378.5
383,NIFTY15JUL2115900PE,65,SELL,27.05,15 Jul 2021 10:45:14,BUY,22.6,15 Jul 2021 10:46:29,289.25,8378.5
384,NIFTY22JUL2115900PE,65,BUY,63.15,16 Jul 2021 10:45:14,SELL,66.3,16 Jul 2021 10:48:44,204.75,8336.25
384,NIFTY22JUL2115950PE,65,SELL,84.85,16 Jul 2021 10:45:14,BUY,88.65,16 Jul 2021 10:49:00,-247,8336.25
385,NIFTY22JUL2115800PE,65,BUY,55.05,19 Jul 2021 10:45:14,SELL,57.8,19 Jul 2021 10:57:44,178.75,8219.25
385,NIFTY22JUL2115850PE,65,SELL,79.05,19 Jul 2021 10:45:14,BUY,83.6,19 Jul 2021 10:58:00,-295.75,8219.25
386,NIFTY22JUL2115550PE,65,BUY,39.6,20 Jul 2021 10:45:14,SELL,41.55,20 Jul 2021 10:45:44,126.75,7676.5
386,NIFTY22JUL2115600PE,65,SELL,58.05,20 Jul 2021 10:45:14,BUY,68.35,20 Jul 2021 10:46:00,-669.5,7676.5
387,NIFTY22JUL2115750PE,65,BUY,9.8,22 Jul 2021 10:45:14,SELL,8.1,22 Jul 2021 10:48:29,-110.5,7855.25
387,NIFTY22JUL2115800PE,65,SELL,26.5,22 Jul 2021 10:45:14,BUY,22.05,22 Jul 2021 10:48:29,289.25,7855.25
388,NIFTY29JUL2115750PE,65,BUY,58.15,23 Jul 2021 10:45:14,SELL,61.05,23 Jul 2021 10:50:44,188.5,7657
388,NIFTY29JUL2115800PE,65,SELL,77.45,23 Jul 2021 10:45:14,BUY,83.4,23 Jul 2021 10:51:00,-386.75,7657
389,NIFTY29JUL2115800PE,65,BUY,42.5,26 Jul 2021 10:45:14,SELL,44.6,26 Jul 2021 10:47:44,136.5,7592
389,NIFTY29JUL2115850PE,65,SELL,60,26 Jul 2021 10:45:14,BUY,63.1,26 Jul 2021 10:48:00,-201.5,7592
390,NIFTY29JUL2115800PE,65,BUY,37.5,27 Jul 2021 10:45:14,SELL,39.35,27 Jul 2021 10:50:44,120.25,7514
390,NIFTY29JUL2115850PE,65,SELL,55.35,27 Jul 2021 10:45:14,BUY,58.4,27 Jul 2021 10:51:00,-198.25,7514
391,NIFTY29JUL2115500PE,65,BUY,53.9,28 Jul 2021 10:45:14,SELL,56.55,28 Jul 2021 10:45:44,172.25,6470.75
391,NIFTY29JUL2115550PE,65,SELL,74.8,28 Jul 2021 10:45:14,BUY,93.5,28 Jul 2021 10:45:44,-1215.5,6470.75
392,NIFTY29JUL2115750PE,65,BUY,17.15,29 Jul 2021 10:45:14,SELL,18,29 Jul 2021 10:46:44,55.25,6347.25
392,NIFTY29JUL2115800PE,65,SELL,36,29 Jul 2021 10:45:14,BUY,38.75,29 Jul 2021 10:47:00,-178.75,6347.25
393,NIFTY05AUG2115750PE,65,BUY,69.85,30 Jul 2021 10:45:14,SELL,73.3,30 Jul 2021 10:47:44,224.25,6350.5
393,NIFTY05AUG2115800PE,65,SELL,90.5,30 Jul 2021 10:45:14,BUY,93.9,30 Jul 2021 10:48:00,-221,6350.5
394,NIFTY05AUG2115850PE,65,BUY,67.1,02 Aug 2021 10:45:14,SELL,61.35,02 Aug 2021 10:48:29,-373.75,6535.75
394,NIFTY05AUG2115900PE,65,SELL,91.7,02 Aug 2021 10:45:14,BUY,83.1,02 Aug 2021 10:48:29,559,6535.75
395,NIFTY05AUG2115950PE,65,BUY,62.75,03 Aug 2021 10:45:14,SELL,55.15,03 Aug 2021 11:41:29,-494,6682
395,NIFTY05AUG2116000PE,65,SELL,86.35,03 Aug 2021 10:45:14,BUY,76.5,03 Aug 2021 11:41:29,640.25,6682
396,NIFTY05AUG2116250PE,65,BUY,49.4,04 Aug 2021 10:45:14,SELL,51.85,04 Aug 2021 10:56:44,159.25,6415.5
396,NIFTY05AUG2116300PE,65,SELL,73.3,04 Aug 2021 10:45:14,BUY,79.85,04 Aug 2021 10:57:00,-425.75,6415.5
397,NIFTY05AUG2116200PE,65,BUY,20.4,05 Aug 2021 10:45:14,SELL,21.4,05 Aug 2021 10:45:44,65,6337.5
397,NIFTY05AUG2116250PE,65,SELL,42.35,05 Aug 2021 10:45:14,BUY,44.55,05 Aug 2021 10:46:00,-143,6337.5
398,NIFTY12AUG2116200PE,65,BUY,71.6,06 Aug 2021 10:45:14,SELL,75.15,06 Aug 2021 10:45:44,230.75,6139.25
398,NIFTY12AUG2116250PE,65,SELL,91.8,06 Aug 2021 10:45:14,BUY,98.4,06 Aug 2021 10:46:00,-429,6139.25
399,NIFTY12AUG2116250PE,65,BUY,59.6,09 Aug 2021 10:45:14,SELL,62.55,09 Aug 2021 10:46:44,191.75,6058
399,NIFTY12AUG2116300PE,65,SELL,82.8,09 Aug 2021 10:45:14,BUY,87,09 Aug 2021 10:47:00,-273,6058
400,NIFTY12AUG2116250PE,65,BUY,44.25,10 Aug 2021 10:45:14,SELL,37.35,10 Aug 2021 10:53:29,-448.5,6298.5
400,NIFTY12AUG2116300PE,65,SELL,63.9,10 Aug 2021 10:45:14,BUY,53.3,10 Aug 2021 10:53:29,689,6298.5
401,NIFTY12AUG2116200PE,65,BUY,51.75,11 Aug 2021 10:45:14,SELL,54.3,11 Aug 2021 10:48:44,165.75,6214
401,NIFTY12AUG2116250PE,65,SELL,76.85,11 Aug 2021 10:45:14,BUY,80.7,11 Aug 2021 10:49:00,-250.25,6214
402,NIFTY12AUG2116250PE,65,BUY,9.4,12 Aug 2021 10:45:14,SELL,9.85,12 Aug 2021 10:45:44,29.25,6194.5
402,NIFTY12AUG2116300PE,65,SELL,20,12 Aug 2021 10:45:14,BUY,20.75,12 Aug 2021 10:46:00,-48.75,6194.5
403,NIFTY18AUG2116400PE,65,BUY,67.2,13 Aug 2021 10:45:14,SELL,62,13 Aug 2021 11:23:29,-338,6331
403,NIFTY18AUG2116450PE,65,SELL,88.8,13 Aug 2021 10:45:14,BUY,81.5,13 Aug 2021 11:23:29,474.5,6331
404,NIFTY18AUG2116450PE,65,BUY,50.85,16 Aug 2021 10:45:14,SELL,41.2,16 Aug 2021 11:05:29,-627.25,6646.25
404,NIFTY18AUG2116500PE,65,SELL,68.7,16 Aug 2021 10:45:14,BUY,54.2,16 Aug 2021 11:05:29,942.5,6646.25
405,NIFTY18AUG2116500PE,65,BUY,34.25,17 Aug 2021 10:45:14,SELL,35.95,17 Aug 2021 10:50:44,110.5,6587.75
405,NIFTY18AUG2116550PE,65,SELL,50.55,17 Aug 2021 10:45:14,BUY,53.15,17 Aug 2021 10:51:00,-169,6587.75
406,NIFTY18AUG2116650PE,65,BUY,14.15,18 Aug 2021 10:45:14,SELL,14.85,18 Aug 2021 10:45:44,45.5,6548.75
406,NIFTY18AUG2116700PE,65,SELL,32.25,18 Aug 2021 10:45:14,BUY,33.55,18 Aug 2021 10:46:00,-84.5,6548.75
407,NIFTY26AUG2116350PE,65,BUY,76.2,20 Aug 2021 10:45:14,SELL,80,20 Aug 2021 10:51:44,247,6503.25
407,NIFTY26AUG2116400PE,65,SELL,94.9,20 Aug 2021 10:45:14,BUY,99.4,20 Aug 2021 10:52:00,-292.5,6503.25
408,NIFTY26AUG2116400PE,65,BUY,73.9,23 Aug 2021 10:45:14,SELL,77.55,23 Aug 2021 10:45:44,237.25,6311.5
408,NIFTY26AUG2116450PE,65,SELL,95.95,23 Aug 2021 10:45:14,BUY,102.55,23 Aug 2021 10:46:00,-429,6311.5
409,NIFTY26AUG2116500PE,65,BUY,54.1,24 Aug 2021 10:45:14,SELL,56.8,24 Aug 2021 10:48:44,175.5,6253
409,NIFTY26AUG2116550PE,65,SELL,75.9,24 Aug 2021 10:45:14,BUY,79.5,24 Aug 2021 10:49:00,-234,6253
410,NIFTY26AUG2116650PE,65,BUY,40.05,25 Aug 2021 10:45:14,SELL,42.05,25 Aug 2021 10:47:44,130,6188
410,NIFTY26AUG2116700PE,65,SELL,61.65,25 Aug 2021 10:45:14,BUY,64.65,25 Aug 2021 10:48:00,-195,6188
411,NIFTY26AUG2116600PE,65,BUY,12,26 Aug 2021 10:45:14,SELL,12.6,26 Aug 2021 10:46:44,39,6155.5
411,NIFTY26AUG2116650PE,65,SELL,26,26 Aug 2021 10:45:14,BUY,27.1,26 Aug 2021 10:47:00,-71.5,6155.5
412,NIFTY02SEP2116600PE,65,BUY,72.2,27 Aug 2021 10:45:14,SELL,75.8,27 Aug 2021 10:58:44,234,6071
412,NIFTY02SEP2116650PE,65,SELL,93.4,27 Aug 2021 10:45:14,BUY,98.3,27 Aug 2021 10:59:00,-318.5,6071
413,NIFTY02SEP2116850PE,65,BUY,74.8,30 Aug 2021 10:45:14,SELL,78.5,30 Aug 2021 10:48:44,240.5,5924.75
413,NIFTY02SEP2116900PE,65,SELL,99.25,30 Aug 2021 10:45:14,BUY,105.2,30 Aug 2021 10:49:00,-386.75,5924.75
414,NIFTY02SEP2116950PE,65,BUY,59.8,31 Aug 2021 10:45:14,SELL,62.75,31 Aug 2021 10:47:44,191.75,5934.5
414,NIFTY02SEP2117000PE,65,SELL,83.5,31 Aug 2021 10:45:14,BUY,86.3,31 Aug 2021 10:48:00,-182,5934.5
415,NIFTY02SEP2117100PE,65,BUY,42.25,01 Sep 2021 10:45:14,SELL,44.35,01 Sep 2021 10:45:44,136.5,5963.75
415,NIFTY02SEP2117150PE,65,SELL,62.55,01 Sep 2021 10:45:14,BUY,64.2,01 Sep 2021 10:46:00,-107.25,5963.75
416,NIFTY02SEP2117100PE,65,BUY,17.2,02 Sep 2021 10:45:14,SELL,18.05,02 Sep 2021 10:45:44,55.25,5882.5
416,NIFTY02SEP2117150PE,65,SELL,41.6,02 Sep 2021 10:45:14,BUY,43.7,02 Sep 2021 10:46:00,-136.5,5882.5
417,NIFTY09SEP2117200PE,65,BUY,91.6,03 Sep 2021 10:45:14,SELL,96.15,03 Sep 2021 10:45:44,295.75,6353.75
417,NIFTY09SEP2117250PE,65,SELL,114.7,03 Sep 2021 10:45:14,BUY,112,03 Sep 2021 10:46:00,175.5,6353.75
418,NIFTY09SEP2117350PE,65,BUY,89.7,06 Sep 2021 10:45:14,SELL,76.15,06 Sep 2021 11:06:29,-880.75,6487
418,NIFTY09SEP2117400PE,65,SELL,113.8,06 Sep 2021 10:45:14,BUY,98.2,06 Sep 2021 11:06:29,1014,6487
419,NIFTY09SEP2117300PE,65,BUY,68.75,07 Sep 2021 10:45:14,SELL,72.15,07 Sep 2021 10:55:44,221,6535.75
419,NIFTY09SEP2117350PE,65,SELL,92.5,07 Sep 2021 10:45:14,BUY,95.15,07 Sep 2021 10:56:00,-172.25,6535.75
420,NIFTY09SEP2117350PE,65,BUY,51.8,08 Sep 2021 10:45:14,SELL,54.35,08 Sep 2021 10:49:44,165.75,6438.25
420,NIFTY09SEP2117400PE,65,SELL,76.3,08 Sep 2021 10:45:14,BUY,80.35,08 Sep 2021 10:50:00,-263.25,6438.25
421,NIFTY09SEP2117300PE,65,BUY,13.6,09 Sep 2021 10:45:14,SELL,14.25,09 Sep 2021 10:45:44,42.25,6311.5
421,NIFTY09SEP2117350PE,65,SELL,28.15,09 Sep 2021 10:45:14,BUY,30.75,09 Sep 2021 10:46:00,-169,6311.5
422,NIFTY16SEP2117250PE,65,BUY,69.6,13 Sep 2021 10:45:14,SELL,60.9,13 Sep 2021 10:56:29,-565.5,6454.5
422,NIFTY16SEP2117300PE,65,SELL,91.8,13 Sep 2021 10:45:14,BUY,80.9,13 Sep 2021 10:56:29,708.5,6454.5
423,NIFTY16SEP2117350PE,65,BUY,39.8,14 Sep 2021 10:45:14,SELL,41.75,14 Sep 2021 11:28:44,126.75,6318
423,NIFTY16SEP2117400PE,65,SELL,57.7,14 Sep 2021 10:45:14,BUY,61.75,14 Sep 2021 11:29:00,-263.25,6318
424,NIFTY16SEP2117400PE,65,BUY,33,15 Sep 2021 10:45:14,SELL,34.65,15 Sep 2021 10:45:44,107.25,6266
424,NIFTY16SEP2117450PE,65,SELL,51.65,15 Sep 2021 10:45:14,BUY,54.1,15 Sep 2021 10:46:00,-159.25,6266
425,NIFTY16SEP2117500PE,65,BUY,11.65,16 Sep 2021 10:45:14,SELL,12.2,16 Sep 2021 10:46:44,35.75,6168.5
425,NIFTY16SEP2117550PE,65,SELL,27.75,16 Sep 2021 10:45:14,BUY,29.8,16 Sep 2021 10:47:00,-133.25,6168.5
426,NIFTY23SEP2117750PE,65,BUY,96.45,17 Sep 2021 10:45:14,SELL,101.25,17 Sep 2021 11:07:44,312,6051.5
426,NIFTY23SEP2117800PE,65,SELL,120.35,17 Sep 2021 10:45:14,BUY,126.95,17 Sep 2021 11:08:00,-429,6051.5
427,NIFTY23SEP2117500PE,65,BUY,72.65,20 Sep 2021 10:45:14,SELL,76.25,20 Sep 2021 10:48:44,234,6038.5
427,NIFTY23SEP2117550PE,65,SELL,91.4,20 Sep 2021 10:45:14,BUY,95.2,20 Sep 2021 10:49:00,-247,6038.5
428,NIFTY23SEP2117350PE,65,BUY,84,21 Sep 2021 10:45:14,SELL,88.2,21 Sep 2021 10:52:44,273,5635.5
428,NIFTY23SEP2117400PE,65,SELL,104.5,21 Sep 2021 10:45:14,BUY,114.9,21 Sep 2021 10:53:00,-676,5635.5
429,NIFTY23SEP2117550PE,65,BUY,55.5,22 Sep 2021 10:45:14,SELL,48.85,22 Sep 2021 10:50:29,-432.25,5775.25
429,NIFTY23SEP2117600PE,65,SELL,76.8,22 Sep 2021 10:45:14,BUY,68,22 Sep 2021 10:50:29,572,5775.25
430,NIFTY23SEP2117650PE,65,BUY,11.85,23 Sep 2021 10:45:14,SELL,12.4,23 Sep 2021 10:51:44,35.75,5677.75
430,NIFTY23SEP2117700PE,65,SELL,24.45,23 Sep 2021 10:45:14,BUY,26.5,23 Sep 2021 10:52:00,-133.25,5677.75
431,NIFTY30SEP2117900PE,65,BUY,112,24 Sep 2021 10:45:14,SELL,117.6,24 Sep 2021 10:52:44,364,5398.25
431,NIFTY30SEP2117950PE,65,SELL,135.35,24 Sep 2021 10:45:14,BUY,145.25,24 Sep 2021 10:53:00,-643.5,5398.25
432,NIFTY30SEP2117800PE,65,BUY,97.85,27 Sep 2021 10:45:14,SELL,102.7,27 Sep 2021 11:37:44,315.25,5313.75
432,NIFTY30SEP2117850PE,65,SELL,119.8,27 Sep 2021 10:45:14,BUY,125.95,27 Sep 2021 11:38:00,-399.75,5313.75
433,NIFTY30SEP2117800PE,65,BUY,80.35,28 Sep 2021 10:45:14,SELL,84.35,28 Sep 2021 10:50:44,260,5216.25
433,NIFTY30SEP2117850PE,65,SELL,102.7,28 Sep 2021 10:45:14,BUY,108.2,28 Sep 2021 10:51:00,-357.5,5216.25
434,NIFTY30SEP2117600PE,65,BUY,70,29 Sep 2021 10:45:14,SELL,73.5,29 Sep 2021 10:48:44,227.5,5021.25
434,NIFTY30SEP2117650PE,65,SELL,92.55,29 Sep 2021 10:45:14,BUY,99.05,29 Sep 2021 10:49:00,-422.5,5021.25
435,NIFTY30SEP2117650PE,65,BUY,29.8,30 Sep 2021 10:45:14,SELL,24.1,30 Sep 2021 10:46:29,-370.5,5183.75
435,NIFTY30SEP2117700PE,65,SELL,50.65,30 Sep 2021 10:45:14,BUY,42.45,30 Sep 2021 10:46:29,533,5183.75
436,NIFTY07OCT2117450PE,65,BUY,118.65,01 Oct 2021 10:45:14,SELL,105.45,01 Oct 2021 10:46:29,-858,5313.75
436,NIFTY07OCT2117500PE,65,SELL,139.4,01 Oct 2021 10:45:14,BUY,124.2,01 Oct 2021 10:46:29,988,5313.75
437,NIFTY07OCT2117700PE,65,BUY,96.5,04 Oct 2021 10:45:14,SELL,101.3,04 Oct 2021 11:25:44,312,5495.75
437,NIFTY07OCT2117750PE,65,SELL,120.1,04 Oct 2021 10:45:14,BUY,122.1,04 Oct 2021 11:26:00,-130,5495.75
438,NIFTY07OCT2117650PE,65,BUY,74.3,05 Oct 2021 10:45:14,SELL,78,05 Oct 2021 11:05:44,240.5,5538
438,NIFTY07OCT2117700PE,65,SELL,97.05,05 Oct 2021 10:45:14,BUY,100.1,05 Oct 2021 11:06:00,-198.25,5538
439,NIFTY07OCT2117750PE,65,BUY,34.75,06 Oct 2021 10:45:14,SELL,36.45,06 Oct 2021 10:47:44,110.5,5453.5
439,NIFTY07OCT2117800PE,65,SELL,51.15,06 Oct 2021 10:45:14,BUY,54.15,06 Oct 2021 10:48:00,-195,5453.5
440,NIFTY07OCT2117800PE,65,BUY,27.3,07 Oct 2021 10:45:14,SELL,28.65,07 Oct 2021 10:46:44,87.75,5450.25
440,NIFTY07OCT2117850PE,65,SELL,51.6,07 Oct 2021 10:45:14,BUY,53,07 Oct 2021 10:47:00,-91,5450.25
441,NIFTY14OCT2117850PE,65,BUY,92.7,08 Oct 2021 10:45:14,SELL,97.3,08 Oct 2021 10:57:44,299,5547.75
441,NIFTY14OCT2117900PE,65,SELL,113.25,08 Oct 2021 10:45:14,BUY,116.35,08 Oct 2021 10:58:00,-201.5,5547.75
442,NIFTY14OCT2117950PE,65,BUY,78.8,11 Oct 2021 10:45:14,SELL,82.7,11 Oct 2021 10:48:44,253.5,5518.5
442,NIFTY14OCT2118000PE,65,SELL,100.2,11 Oct 2021 10:45:14,BUY,104.55,11 Oct 2021 10:49:00,-282.75,5518.5
443,NIFTY14OCT2117850PE,65,BUY,65.4,12 Oct 2021 10:45:14,SELL,68.65,12 Oct 2021 10:45:44,211.25,5473
443,NIFTY14OCT2117900PE,65,SELL,85.35,12 Oct 2021 10:45:14,BUY,89.3,12 Oct 2021 10:46:00,-256.75,5473
444,NIFTY14OCT2118050PE,65,BUY,41.9,13 Oct 2021 10:45:14,SELL,37.75,13 Oct 2021 11:13:29,-269.75,5603
444,NIFTY14OCT2118100PE,65,SELL,58.55,13 Oct 2021 10:45:14,BUY,52.4,13 Oct 2021 11:13:29,399.75,5603
445,NIFTY14OCT2118200PE,65,BUY,13.3,14 Oct 2021 10:45:14,SELL,8.7,14 Oct 2021 10:54:29,-299,5843.5
445,NIFTY14OCT2118250PE,65,SELL,26.7,14 Oct 2021 10:45:14,BUY,18.4,14 Oct 2021 10:54:29,539.5,5843.5
446,NIFTY21OCT2118450PE,65,BUY,91.3,18 Oct 2021 10:45:14,SELL,76.7,18 Oct 2021 12:27:29,-949,5980
446,NIFTY21OCT2118500PE,65,SELL,113.4,18 Oct 2021 10:45:14,BUY,96.7,18 Oct 2021 12:27:29,1085.5,5980
447,NIFTY21OCT2118450PE,65,BUY,69,19 Oct 2021 10:45:14,SELL,60.7,19 Oct 2021 10:52:00,-539.5,6149
447,NIFTY21OCT2118500PE,65,SELL,88.4,19 Oct 2021 10:45:14,BUY,77.5,19 Oct 2021 10:52:00,708.5,6149
448,NIFTY21OCT2118350PE,65,BUY,57.35,20 Oct 2021 10:45:14,SELL,60.2,20 Oct 2021 10:48:44,185.25,5869.5
448,NIFTY21OCT2118400PE,65,SELL,76.8,20 Oct 2021 10:45:14,BUY,83.95,20 Oct 2021 10:49:00,-464.75,5869.5
449,NIFTY21OCT2118150PE,65,BUY,34.05,21 Oct 2021 10:45:14,SELL,35.75,21 Oct 2021 10:45:44,110.5,6168.5
449,NIFTY21OCT2118200PE,65,SELL,54.85,21 Oct 2021 10:45:14,BUY,51.95,21 Oct 2021 10:46:00,188.5,6168.5
450,NIFTY28OCT2118250PE,65,BUY,121.25,22 Oct 2021 10:45:14,SELL,127.3,22 Oct 2021 10:48:44,393.25,6032
450,NIFTY28OCT2118300PE,65,SELL,145,22 Oct 2021 10:45:14,BUY,153.15,22 Oct 2021 10:49:00,-529.75,6032
451,NIFTY28OCT2118050PE,65,BUY,109.45,25 Oct 2021 10:45:14,SELL,114.9,25 Oct 2021 10:50:44,354.25,5976.75
451,NIFTY28OCT2118100PE,65,SELL,131.65,25 Oct 2021 10:45:14,BUY,137.95,25 Oct 2021 10:51:00,-409.5,5976.75
452,NIFTY28OCT2118150PE,65,BUY,87.3,26 Oct 2021 10:45:14,SELL,91.65,26 Oct 2021 10:45:44,282.75,5544.5
452,NIFTY28OCT2118200PE,65,SELL,108.45,26 Oct 2021 10:45:14,BUY,119.45,26 Oct 2021 10:46:00,-715,5544.5
453,NIFTY28OCT2118250PE,65,BUY,59.35,27 Oct 2021 10:45:14,SELL,62.3,27 Oct 2021 10:46:44,191.75,5573.75
453,NIFTY28OCT2118300PE,65,SELL,80.2,27 Oct 2021 10:45:14,BUY,82.7,27 Oct 2021 10:47:00,-162.5,5573.75
454,NIFTY28OCT2118000PE,65,BUY,30.3,28 Oct 2021 10:45:14,SELL,31.8,28 Oct 2021 10:45:44,97.5,5788.25
454,NIFTY28OCT2118050PE,65,SELL,49.05,28 Oct 2021 10:45:14,BUY,47.25,28 Oct 2021 10:46:00,117,5788.25
455,NIFTY03NOV2117900PE,65,BUY,135.9,29 Oct 2021 10:45:14,SELL,142.65,29 Oct 2021 10:46:44,438.75,5713.5
455,NIFTY03NOV2117950PE,65,SELL,160.1,29 Oct 2021 10:45:14,BUY,168,29 Oct 2021 10:47:00,-513.5,5713.5
456,NIFTY03NOV2117750PE,65,BUY,102.05,01 Nov 2021 10:45:14,SELL,107.15,01 Nov 2021 10:45:44,331.5,5915
456,NIFTY03NOV2117800PE,65,SELL,126.15,01 Nov 2021 10:45:14,BUY,128.15,01 Nov 2021 10:46:00,-130,5915
457,NIFTY03NOV2117850PE,65,BUY,65.85,02 Nov 2021 10:45:14,SELL,69.1,02 Nov 2021 10:45:44,211.25,5843.5
457,NIFTY03NOV2117900PE,65,SELL,85.7,02 Nov 2021 10:45:14,BUY,90.05,02 Nov 2021 10:46:00,-282.75,5843.5
458,NIFTY03NOV2117950PE,65,BUY,31.85,03 Nov 2021 10:45:14,SELL,33.4,03 Nov 2021 10:46:44,100.75,5759
458,NIFTY03NOV2118000PE,65,SELL,56.3,03 Nov 2021 10:45:14,BUY,59.15,03 Nov 2021 10:47:00,-185.25,5759
459,NIFTY11NOV2117900PE,65,BUY,104.9,08 Nov 2021 10:45:14,SELL,88.45,08 Nov 2021 11:06:29,-1069.25,5895.5
459,NIFTY11NOV2117950PE,65,SELL,129.15,08 Nov 2021 10:45:14,BUY,110.6,08 Nov 2021 11:06:29,1205.75,5895.5
460,NIFTY11NOV2118050PE,65,BUY,88.4,09 Nov 2021 10:45:14,SELL,92.8,09 Nov 2021 10:47:44,286,5889
460,NIFTY11NOV2118100PE,65,SELL,113.3,09 Nov 2021 10:45:14,BUY,117.8,09 Nov 2021 10:48:00,-292.5,5889
461,NIFTY11NOV2117900PE,65,BUY,59.55,10 Nov 2021 10:45:14,SELL,62.5,10 Nov 2021 10:46:44,191.75,5963.75
461,NIFTY11NOV2117950PE,65,SELL,80.15,10 Nov 2021 10:45:14,BUY,81.95,10 Nov 2021 10:47:00,-117,5963.75
462,NIFTY11NOV2117800PE,65,BUY,29.75,11 Nov 2021 10:45:14,SELL,31.2,11 Nov 2021 10:45:44,94.25,5811
462,NIFTY11NOV2117850PE,65,SELL,49.3,11 Nov 2021 10:45:14,BUY,53.1,11 Nov 2021 10:46:00,-247,5811
463,NIFTY18NOV2117900PE,65,BUY,105.15,12 Nov 2021 10:45:14,SELL,110.4,12 Nov 2021 10:50:44,341.25,5739.5
463,NIFTY18NOV2117950PE,65,SELL,129,12 Nov 2021 10:45:14,BUY,135.35,12 Nov 2021 10:51:00,-412.75,5739.5
464,NIFTY18NOV2118100PE,65,BUY,77.5,15 Nov 2021 10:45:14,SELL,81.35,15 Nov 2021 10:45:44,250.25,5642
464,NIFTY18NOV2118150PE,65,SELL,97,15 Nov 2021 10:45:14,BUY,102.35,15 Nov 2021 10:46:00,-347.75,5642
465,NIFTY18NOV2118050PE,65,BUY,85.45,16 Nov 2021 10:45:14,SELL,89.7,16 Nov 2021 11:01:44,276.25,5434
465,NIFTY18NOV2118100PE,65,SELL,108.65,16 Nov 2021 10:45:14,BUY,116.1,16 Nov 2021 11:02:00,-484.25,5434
466,NIFTY18NOV2117950PE,65,BUY,51.6,17 Nov 2021 10:45:14,SELL,54.15,17 Nov 2021 10:48:44,165.75,5317
466,NIFTY18NOV2118000PE,65,SELL,71.05,17 Nov 2021 10:45:14,BUY,75.4,17 Nov 2021 10:49:00,-282.75,5317
467,NIFTY18NOV2117700PE,65,BUY,34.45,18 Nov 2021 10:45:14,SELL,28.25,18 Nov 2021 10:45:29,-403,5466.5
467,NIFTY18NOV2117750PE,65,SELL,57.8,18 Nov 2021 10:45:14,BUY,49.3,18 Nov 2021 10:45:29,552.5,5466.5
468,NIFTY25NOV2117550PE,65,BUY,93.35,22 Nov 2021 10:45:14,SELL,98,22 Nov 2021 10:59:44,302.25,5248.75
468,NIFTY25NOV2117600PE,65,SELL,112.8,22 Nov 2021 10:45:14,BUY,120.8,22 Nov 2021 11:00:00,-520,5248.75
469,NIFTY25NOV2117350PE,65,BUY,91.25,23 Nov 2021 10:45:14,SELL,95.8,23 Nov 2021 10:47:44,295.75,5297.5
469,NIFTY25NOV2117400PE,65,SELL,112.55,23 Nov 2021 10:45:14,BUY,116.35,23 Nov 2021 10:48:00,-247,5297.5
470,NIFTY25NOV2117500PE,65,BUY,47.3,24 Nov 2021 10:45:14,SELL,39.25,24 Nov 2021 11:00:29,-523.25,5456.75
470,NIFTY25NOV2117550PE,65,SELL,65.75,24 Nov 2021 10:45:14,BUY,55.25,24 Nov 2021 11:00:29,682.5,5456.75
471,NIFTY25NOV2117350PE,65,BUY,30.3,25 Nov 2021 10:45:14,SELL,31.8,25 Nov 2021 10:46:44,97.5,5209.75
471,NIFTY25NOV2117400PE,65,SELL,46.2,25 Nov 2021 10:45:14,BUY,51.5,25 Nov 2021 10:47:00,-344.5,5209.75
472,NIFTY02DEC2117150PE,65,BUY,155.5,26 Nov 2021 10:45:14,SELL,163.25,26 Nov 2021 10:48:44,503.75,5222.75
472,NIFTY02DEC2117200PE,65,SELL,179.65,26 Nov 2021 10:45:14,BUY,187.2,26 Nov 2021 10:49:00,-490.75,5222.75
473,NIFTY02DEC2117000PE,65,BUY,159.55,29 Nov 2021 10:45:14,SELL,167.5,29 Nov 2021 10:51:44,516.75,5258.5
473,NIFTY02DEC2117050PE,65,SELL,180.9,29 Nov 2021 10:45:14,BUY,188.3,29 Nov 2021 10:52:00,-481,5258.5
474,NIFTY02DEC2117250PE,65,BUY,95,30 Nov 2021 10:45:14,SELL,99.75,30 Nov 2021 10:46:44,308.75,5154.5
474,NIFTY02DEC2117300PE,65,SELL,115.55,30 Nov 2021 10:45:14,BUY,121.9,30 Nov 2021 10:47:00,-412.75,5154.5
475,NIFTY02DEC2117150PE,65,BUY,89.85,01 Dec 2021 10:45:14,SELL,94.3,01 Dec 2021 10:46:44,289.25,5096
475,NIFTY02DEC2117200PE,65,SELL,113.2,01 Dec 2021 10:45:14,BUY,118.55,01 Dec 2021 10:47:00,-347.75,5096
476,NIFTY02DEC2117250PE,65,BUY,38.45,02 Dec 2021 10:45:14,SELL,40.35,02 Dec 2021 10:51:44,123.5,4527.25
476,NIFTY02DEC2117300PE,65,SELL,58.15,02 Dec 2021 10:45:14,BUY,68.8,02 Dec 2021 10:52:00,-692.25,4527.25
477,NIFTY09DEC2117350PE,65,BUY,131.8,03 Dec 2021 10:45:14,SELL,109.5,03 Dec 2021 11:45:29,-1449.5,4660.5
477,NIFTY09DEC2117400PE,65,SELL,153.05,03 Dec 2021 10:45:14,BUY,128.7,03 Dec 2021 11:45:29,1582.75,4660.5
478,NIFTY09DEC2117150PE,65,BUY,130.2,06 Dec 2021 10:45:14,SELL,136.7,06 Dec 2021 10:47:44,422.5,4624.75
478,NIFTY09DEC2117200PE,65,SELL,154,06 Dec 2021 10:45:14,BUY,161.05,06 Dec 2021 10:48:00,-458.25,4624.75
479,NIFTY09DEC2117150PE,65,BUY,113.2,07 Dec 2021 10:45:14,SELL,102.4,07 Dec 2021 11:11:00,-702,4754.75
479,NIFTY09DEC2117200PE,65,SELL,139.35,07 Dec 2021 10:45:14,BUY,126.55,07 Dec 2021 11:11:00,832,4754.75
480,NIFTY09DEC2117400PE,65,BUY,73.5,08 Dec 2021 10:45:14,SELL,77.15,08 Dec 2021 10:46:44,237.25,4660.5
480,NIFTY09DEC2117450PE,65,SELL,99.1,08 Dec 2021 10:45:14,BUY,104.2,08 Dec 2021 10:47:00,-331.5,4660.5
481,NIFTY09DEC2117400PE,65,BUY,37.85,09 Dec 2021 10:45:14,SELL,39.7,09 Dec 2021 10:45:44,120.25,4290
481,NIFTY09DEC2117450PE,65,SELL,61.5,09 Dec 2021 10:45:14,BUY,69.05,09 Dec 2021 10:46:00,-490.75,4290
482,NIFTY16DEC2117450PE,65,BUY,121.25,10 Dec 2021 10:45:14,SELL,127.3,10 Dec 2021 11:24:44,393.25,4108
482,NIFTY16DEC2117500PE,65,SELL,142.95,10 Dec 2021 10:45:14,BUY,151.8,10 Dec 2021 11:25:00,-575.25,4108
483,NIFTY16DEC2117600PE,65,BUY,103.5,13 Dec 2021 10:45:14,SELL,108.65,13 Dec 2021 10:48:44,334.75,3968.25
483,NIFTY16DEC2117650PE,65,SELL,127.7,13 Dec 2021 10:45:14,BUY,135,13 Dec 2021 10:49:00,-474.5,3968.25
484,NIFTY16DEC2117250PE,65,BUY,102.8,14 Dec 2021 10:45:14,SELL,107.9,14 Dec 2021 10:46:44,331.5,3874
484,NIFTY16DEC2117300PE,65,SELL,128.35,14 Dec 2021 10:45:14,BUY,134.9,14 Dec 2021 10:47:00,-425.75,3874
485,NIFTY16DEC2117200PE,65,BUY,81.75,15 Dec 2021 10:45:14,SELL,66.4,15 Dec 2021 11:07:29,-997.75,4036.5
485,NIFTY16DEC2117250PE,65,SELL,107.25,15 Dec 2021 10:45:14,BUY,89.4,15 Dec 2021 11:07:29,1160.25,4036.5
486,NIFTY16DEC2117250PE,65,BUY,37.45,16 Dec 2021 10:45:14,SELL,31.65,16 Dec 2021 10:47:00,-377,4173
486,NIFTY16DEC2117300PE,65,SELL,61.25,16 Dec 2021 10:45:14,BUY,53.35,16 Dec 2021 10:47:00,513.5,4173
487,NIFTY23DEC2117000PE,65,BUY,129.35,17 Dec 2021 10:45:14,SELL,135.8,17 Dec 2021 10:49:44,419.25,4228.25
487,NIFTY23DEC2117050PE,65,SELL,151.7,17 Dec 2021 10:45:14,BUY,157.3,17 Dec 2021 10:50:00,-364,4228.25
488,NIFTY23DEC2116600PE,65,BUY,132.35,20 Dec 2021 10:45:14,SELL,138.95,20 Dec 2021 10:52:44,429,4254.25
488,NIFTY23DEC2116650PE,65,SELL,155.55,20 Dec 2021 10:45:14,BUY,161.75,20 Dec 2021 10:53:00,-403,4254.25
489,NIFTY23DEC2116850PE,65,BUY,99.45,21 Dec 2021 10:45:14,SELL,87,21 Dec 2021 11:04:29,-809.25,4387.5
489,NIFTY23DEC2116900PE,65,SELL,121.4,21 Dec 2021 10:45:14,BUY,106.9,21 Dec 2021 11:04:29,942.5,4387.5
490,NIFTY23DEC2116800PE,65,BUY,65.5,22 Dec 2021 10:45:14,SELL,68.75,22 Dec 2021 10:49:44,211.25,4186
490,NIFTY23DEC2116850PE,65,SELL,87.4,22 Dec 2021 10:45:14,BUY,93.75,22 Dec 2021 10:50:00,-412.75,4186
491,NIFTY23DEC2117000PE,65,BUY,18.65,23 Dec 2021 10:45:14,SELL,19.55,23 Dec 2021 10:45:44,58.5,4212
491,NIFTY23DEC2117050PE,65,SELL,35.8,23 Dec 2021 10:45:14,BUY,36.3,23 Dec 2021 10:46:00,-32.5,4212
492,NIFTY30DEC2116900PE,65,BUY,124.55,24 Dec 2021 10:45:14,SELL,113.9,24 Dec 2021 11:06:00,-692.25,4348.5
492,NIFTY30DEC2116950PE,65,SELL,146.8,24 Dec 2021 10:45:14,BUY,134.05,24 Dec 2021 11:06:00,828.75,4348.5
493,NIFTY30DEC2117000PE,65,BUY,112.4,27 Dec 2021 10:45:14,SELL,105,27 Dec 2021 10:47:29,-481,4488.25
493,NIFTY30DEC2117050PE,65,SELL,136.05,27 Dec 2021 10:45:14,BUY,126.5,27 Dec 2021 10:47:29,620.75,4488.25
494,NIFTY30DEC2117150PE,65,BUY,73.85,28 Dec 2021 10:45:14,SELL,60,28 Dec 2021 11:23:29,-900.25,4634.5
494,NIFTY30DEC2117200PE,65,SELL,93.9,28 Dec 2021 10:45:14,BUY,77.8,28 Dec 2021 11:23:29,1046.5,4634.5
495,NIFTY30DEC2117200PE,65,BUY,45.6,29 Dec 2021 10:45:14,SELL,47.85,29 Dec 2021 10:45:44,146.25,4556.5
495,NIFTY30DEC2117250PE,65,SELL,64,29 Dec 2021 10:45:14,BUY,67.45,29 Dec 2021 10:46:00,-224.25,4556.5
496,NIFTY30DEC2117200PE,65,BUY,21.8,30 Dec 2021 10:45:14,SELL,18.15,30 Dec 2021 10:48:29,-237.25,4706
496,NIFTY30DEC2117250PE,65,SELL,40.7,30 Dec 2021 10:45:14,BUY,34.75,30 Dec 2021 10:48:29,386.75,4706
497,NIFTY06JAN2217350PE,65,BUY,126.35,31 Dec 2021 10:45:14,SELL,112,31 Dec 2021 11:48:29,-932.75,4865.25
497,NIFTY06JAN2217400PE,65,SELL,150.6,31 Dec 2021 10:45:14,BUY,133.8,31 Dec 2021 11:48:29,1092,4865.25
498,NIFTY06JAN2217500PE,65,BUY,97.05,03 Jan 2022 10:45:14,SELL,87.75,03 Jan 2022 11:15:00,-604.5,5001.75
498,NIFTY06JAN2217550PE,65,SELL,121.15,03 Jan 2022 10:45:14,BUY,109.75,03 Jan 2022 11:15:00,741,5001.75
499,NIFTY06JAN2217700PE,65,BUY,93.1,04 Jan 2022 10:45:14,SELL,78.9,04 Jan 2022 10:52:29,-923,5157.75
499,NIFTY06JAN2217750PE,65,SELL,119.7,04 Jan 2022 10:45:14,BUY,103.1,04 Jan 2022 10:52:29,1079,5157.75
500,NIFTY06JAN2217800PE,65,BUY,59.4,05 Jan 2022 10:45:14,SELL,62.35,05 Jan 2022 10:46:44,191.75,5177.25
500,NIFTY06JAN2217850PE,65,SELL,82.85,05 Jan 2022 10:45:14,BUY,85.5,05 Jan 2022 10:47:00,-172.25,5177.25
501,NIFTY06JAN2217650PE,65,BUY,32.05,06 Jan 2022 10:45:14,SELL,33.65,06 Jan 2022 10:45:44,104,4988.75
501,NIFTY06JAN2217700PE,65,SELL,57.6,06 Jan 2022 10:45:14,BUY,62.1,06 Jan 2022 10:46:00,-292.5,4988.75
502,NIFTY13JAN2217850PE,65,BUY,121,07 Jan 2022 10:45:14,SELL,127.05,07 Jan 2022 10:50:44,393.25,5014.75
502,NIFTY13JAN2217900PE,65,SELL,143.95,07 Jan 2022 10:45:14,BUY,149.6,07 Jan 2022 10:51:00,-367.25,5014.75
503,NIFTY13JAN2217950PE,65,BUY,117.2,10 Jan 2022 10:45:14,SELL,98.2,10 Jan 2022 10:53:29,-1235,5157.75
503,NIFTY13JAN2218000PE,65,SELL,142.6,10 Jan 2022 10:45:14,BUY,121.4,10 Jan 2022 10:53:29,1378,5157.75
504,NIFTY13JAN2218050PE,65,BUY,105.05,11 Jan 2022 10:45:14,SELL,110.3,11 Jan 2022 10:50:44,341.25,5076.5
504,NIFTY13JAN2218100PE,65,SELL,130.2,11 Jan 2022 10:45:14,BUY,136.7,11 Jan 2022 10:51:00,-422.5,5076.5
505,NIFTY13JAN2218150PE,65,BUY,48.8,12 Jan 2022 10:45:14,SELL,51.2,12 Jan 2022 10:49:44,156,5018
505,NIFTY13JAN2218200PE,65,SELL,70.65,12 Jan 2022 10:45:14,BUY,73.95,12 Jan 2022 10:50:00,-214.5,5018
506,NIFTY13JAN2218150PE,65,BUY,23.2,13 Jan 2022 10:45:14,SELL,19.6,13 Jan 2022 10:45:29,-234,5164.25
506,NIFTY13JAN2218200PE,65,SELL,44.55,13 Jan 2022 10:45:14,BUY,38.7,13 Jan 2022 10:45:29,380.25,5164.25
507,NIFTY20JAN2218150PE,65,BUY,121,14 Jan 2022 10:45:14,SELL,110.7,14 Jan 2022 10:56:29,-669.5,5300.75
507,NIFTY20JAN2218200PE,65,SELL,145.5,14 Jan 2022 10:45:14,BUY,133.1,14 Jan 2022 10:56:29,806,5300.75
508,NIFTY20JAN2218250PE,65,BUY,92.05,17 Jan 2022 10:45:14,SELL,78.1,17 Jan 2022 12:03:00,-906.75,5437.25
508,NIFTY20JAN2218300PE,65,SELL,114.2,17 Jan 2022 10:45:14,BUY,98.15,17 Jan 2022 12:03:00,1043.25,5437.25
509,NIFTY20JAN2218200PE,65,BUY,78.4,18 Jan 2022 10:45:14,SELL,82.3,18 Jan 2022 10:45:44,253.5,5456.75
509,NIFTY20JAN2218250PE,65,SELL,101.25,18 Jan 2022 10:45:14,BUY,104.85,18 Jan 2022 10:46:00,-234,5456.75
510,NIFTY20JAN2218000PE,65,BUY,64.45,19 Jan 2022 10:45:14,SELL,67.65,19 Jan 2022 10:49:44,208,5047.25
510,NIFTY20JAN2218050PE,65,SELL,88.55,19 Jan 2022 10:45:14,BUY,98.05,19 Jan 2022 10:50:00,-617.5,5047.25
511,NIFTY20JAN2217800PE,65,BUY,22.65,20 Jan 2022 10:45:14,SELL,23.75,20 Jan 2022 10:45:44,71.5,5151.25
511,NIFTY20JAN2217850PE,65,SELL,45.05,20 Jan 2022 10:45:14,BUY,44.55,20 Jan 2022 10:46:00,32.5,5151.25
512,NIFTY27JAN2217550PE,65,BUY,144.7,21 Jan 2022 10:45:14,SELL,151.9,21 Jan 2022 10:46:44,468,5226
512,NIFTY27JAN2217600PE,65,SELL,166.95,21 Jan 2022 10:45:14,BUY,173,21 Jan 2022 10:47:00,-393.25,5226
513,NIFTY27JAN2217400PE,65,BUY,125.35,24 Jan 2022 10:45:14,SELL,131.6,24 Jan 2022 10:45:44,406.25,5258.5
513,NIFTY27JAN2217450PE,65,SELL,148.45,24 Jan 2022 10:45:14,BUY,154.2,24 Jan 2022 10:46:00,-373.75,5258.5
514,NIFTY27JAN2217000PE,65,BUY,123.55,25 Jan 2022 10:45:14,SELL,129.7,25 Jan 2022 10:45:44,399.75,5417.75
514,NIFTY27JAN2217050PE,65,SELL,144.5,25 Jan 2022 10:45:14,BUY,148.2,25 Jan 2022 10:46:00,-240.5,5417.75
515,NIFTY27JAN2216950PE,65,BUY,39.55,27 Jan 2022 10:45:14,SELL,41.5,27 Jan 2022 10:45:44,126.75,5209.75
515,NIFTY27JAN2217000PE,65,SELL,60.25,27 Jan 2022 10:45:14,BUY,65.4,27 Jan 2022 10:46:00,-334.75,5209.75
516,NIFTY03FEB2217250PE,65,BUY,217.85,28 Jan 2022 10:45:14,SELL,207,28 Jan 2022 10:51:29,-705.25,5356
516,NIFTY03FEB2217300PE,65,SELL,242.3,28 Jan 2022 10:45:14,BUY,229.2,28 Jan 2022 10:51:29,851.5,5356
517,NIFTY03FEB2217250PE,65,BUY,220.35,31 Jan 2022 10:45:14,SELL,231.35,31 Jan 2022 10:45:44,715,5612.75
517,NIFTY03FEB2217300PE,65,SELL,243.5,31 Jan 2022 10:45:14,BUY,250.55,31 Jan 2022 10:46:00,-458.25,5612.75
518,NIFTY03FEB2217500PE,65,BUY,200.8,01 Feb 2022 10:45:14,SELL,210.8,01 Feb 2022 11:27:44,650,5476.25
518,NIFTY03FEB2217550PE,65,SELL,223.4,01 Feb 2022 10:45:14,BUY,235.5,01 Feb 2022 11:28:00,-786.5,5476.25
519,NIFTY03FEB2217650PE,65,BUY,61.45,02 Feb 2022 10:45:14,SELL,64.5,02 Feb 2022 10:45:44,198.25,5635.5
519,NIFTY03FEB2217700PE,65,SELL,84.6,02 Feb 2022 10:45:14,BUY,85.2,02 Feb 2022 10:46:00,-39,5635.5
520,NIFTY03FEB2217650PE,65,BUY,18.55,03 Feb 2022 10:45:14,SELL,19.45,03 Feb 2022 10:52:44,58.5,5570.5
520,NIFTY03FEB2217700PE,65,SELL,35.8,03 Feb 2022 10:45:14,BUY,37.7,03 Feb 2022 10:53:00,-123.5,5570.5
521,NIFTY10FEB2217500PE,65,BUY,135.45,04 Feb 2022 10:45:14,SELL,142.2,04 Feb 2022 10:46:44,438.75,5632.25
521,NIFTY10FEB2217550PE,65,SELL,156.85,04 Feb 2022 10:45:14,BUY,162.65,04 Feb 2022 10:47:00,-377,5632.25
522,NIFTY10FEB2217350PE,65,BUY,109,07 Feb 2022 10:45:14,SELL,114.45,07 Feb 2022 10:57:44,354.25,5586.75
522,NIFTY10FEB2217400PE,65,SELL,130.55,07 Feb 2022 10:45:14,BUY,136.7,07 Feb 2022 10:58:00,-399.75,5586.75
523,NIFTY10FEB2217050PE,65,BUY,109.7,08 Feb 2022 10:45:14,SELL,97.55,08 Feb 2022 10:52:29,-789.75,5723.25
523,NIFTY10FEB2217100PE,65,SELL,131.65,08 Feb 2022 10:45:14,BUY,117.4,08 Feb 2022 10:52:29,926.25,5723.25
524,NIFTY10FEB2217350PE,65,BUY,53.85,09 Feb 2022 10:45:14,SELL,56.5,09 Feb 2022 11:06:44,172.25,5609.5
524,NIFTY10FEB2217400PE,65,SELL,75.2,09 Feb 2022 10:45:14,BUY,79.6,09 Feb 2022 11:07:00,-286,5609.5
525,NIFTY10FEB2217550PE,65,BUY,23.8,10 Feb 2022 10:45:14,SELL,24.95,10 Feb 2022 10:45:44,74.75,5544.5
525,NIFTY10FEB2217600PE,65,SELL,45.9,10 Feb 2022 10:45:14,BUY,48.05,10 Feb 2022 10:46:00,-139.75,5544.5
526,NIFTY17FEB2217300PE,65,BUY,138.6,11 Feb 2022 10:45:14,SELL,145.5,11 Feb 2022 10:55:44,448.5,5252
526,NIFTY17FEB2217350PE,65,SELL,160.15,11 Feb 2022 10:45:14,BUY,171.55,11 Feb 2022 10:56:00,-741,5252
527,NIFTY17FEB2217000PE,65,BUY,147.35,14 Feb 2022 10:45:14,SELL,146.25,14 Feb 2022 10:59:00,-71.5,5388.5
527,NIFTY17FEB2217050PE,65,SELL,167.85,14 Feb 2022 10:45:14,BUY,164.65,14 Feb 2022 10:59:00,208,5388.5
528,NIFTY17FEB2216800PE,65,BUY,115.1,15 Feb 2022 10:45:14,SELL,98.55,15 Feb 2022 11:00:14,-1075.75,5528.25
528,NIFTY17FEB2216850PE,65,SELL,133.8,15 Feb 2022 10:45:14,BUY,115.1,15 Feb 2022 11:00:14,1215.5,5528.25
529,NIFTY17FEB2217300PE,65,BUY,73.35,16 Feb 2022 10:45:14,SELL,77,16 Feb 2022 10:46:44,237.25,5317
529,NIFTY17FEB2217350PE,65,SELL,94.65,16 Feb 2022 10:45:14,BUY,101.55,16 Feb 2022 10:47:00,-448.5,5317
530,NIFTY17FEB2217250PE,65,BUY,32.15,17 Feb 2022 10:45:14,SELL,33.75,17 Feb 2022 10:45:44,104,5118.75
530,NIFTY17FEB2217300PE,65,SELL,48.25,17 Feb 2022 10:45:14,BUY,52.9,17 Feb 2022 10:46:00,-302.25,5118.75
531,NIFTY24FEB2217200PE,65,BUY,177,18 Feb 2022 10:45:14,SELL,162,18 Feb 2022 10:58:14,-975,5261.75
531,NIFTY24FEB2217250PE,65,SELL,197.2,18 Feb 2022 10:45:14,BUY,180,18 Feb 2022 10:58:14,1118,5261.75
532,NIFTY24FEB2217150PE,65,BUY,145.6,21 Feb 2022 10:45:14,SELL,152.85,21 Feb 2022 10:50:44,471.25,5154.5
532,NIFTY24FEB2217200PE,65,SELL,166.4,21 Feb 2022 10:45:14,BUY,175.3,21 Feb 2022 10:51:00,-578.5,5154.5
533,NIFTY24FEB2216850PE,65,BUY,133.9,22 Feb 2022 10:45:14,SELL,120.75,22 Feb 2022 10:49:29,-854.75,5297.5
533,NIFTY24FEB2216900PE,65,SELL,155.05,22 Feb 2022 10:45:14,BUY,139.7,22 Feb 2022 10:49:29,997.75,5297.5
534,NIFTY24FEB2217050PE,65,BUY,73,23 Feb 2022 10:45:14,SELL,58.25,23 Feb 2022 10:51:29,-958.75,5489.25
534,NIFTY24FEB2217100PE,65,SELL,92.45,23 Feb 2022 10:45:14,BUY,74.75,23 Feb 2022 10:51:29,1150.5,5489.25
535,NIFTY24FEB2216550PE,65,BUY,63.7,24 Feb 2022 10:45:14,SELL,66.85,24 Feb 2022 10:45:44,204.75,5388.5
535,NIFTY24FEB2216600PE,65,SELL,85.9,24 Feb 2022 10:45:14,BUY,90.6,24 Feb 2022 10:46:00,-305.5,5388.5
536,NIFTY03MAR2216700PE,65,BUY,228.4,25 Feb 2022 10:45:14,SELL,239.8,25 Feb 2022 11:13:44,741,5174
536,NIFTY03MAR2216750PE,65,SELL,249.3,25 Feb 2022 10:45:14,BUY,264,25 Feb 2022 11:14:00,-955.5,5174
537,NIFTY03MAR2216500PE,65,BUY,218.85,28 Feb 2022 10:45:14,SELL,197.6,28 Feb 2022 11:01:00,-1381.25,5346.25
537,NIFTY03MAR2216550PE,65,SELL,238.85,28 Feb 2022 10:45:14,BUY,214.95,28 Feb 2022 11:01:00,1553.5,5346.25
538,NIFTY03MAR2216500PE,65,BUY,155.4,02 Mar 2022 10:45:14,SELL,132,02 Mar 2022 11:28:29,-1521,5489.25
538,NIFTY03MAR2216550PE,65,SELL,175.95,02 Mar 2022 10:45:14,BUY,150.35,02 Mar 2022 11:28:29,1664,5489.25
539,NIFTY03MAR2216600PE,65,BUY,55.25,03 Mar 2022 10:45:14,SELL,58,03 Mar 2022 10:45:44,178.75,5430.75
539,NIFTY03MAR2216650PE,65,SELL,75.9,03 Mar 2022 10:45:14,BUY,79.55,03 Mar 2022 10:46:00,-237.25,5430.75
540,NIFTY10MAR2216150PE,65,BUY,241.95,04 Mar 2022 10:45:14,SELL,254,04 Mar 2022 10:58:44,783.25,5177.25
540,NIFTY10MAR2216200PE,65,SELL,263.5,04 Mar 2022 10:45:14,BUY,279.45,04 Mar 2022 10:59:00,-1036.75,5177.25
541,NIFTY10MAR2215750PE,65,BUY,230,07 Mar 2022 10:45:14,SELL,219.1,07 Mar 2022 10:47:00,-708.5,5372.25
541,NIFTY10MAR2215800PE,65,SELL,254.05,07 Mar 2022 10:45:14,BUY,240.15,07 Mar 2022 10:47:00,903.5,5372.25
542,NIFTY10MAR2215800PE,65,BUY,188.15,08 Mar 2022 10:45:14,SELL,197.55,08 Mar 2022 10:46:44,611,5161
542,NIFTY10MAR2215850PE,65,SELL,210,08 Mar 2022 10:45:14,BUY,222.65,08 Mar 2022 10:47:00,-822.25,5161
543,NIFTY10MAR2216100PE,65,BUY,123.9,09 Mar 2022 10:45:14,SELL,111.65,09 Mar 2022 11:00:29,-796.25,5300.75
543,NIFTY10MAR2216150PE,65,SELL,145.85,09 Mar 2022 10:45:14,BUY,131.45,09 Mar 2022 11:00:29,936,5300.75
544,NIFTY10MAR2216650PE,65,BUY,35.7,10 Mar 2022 10:45:14,SELL,37.45,10 Mar 2022 10:45:44,113.75,5586.75
544,NIFTY10MAR2216700PE,65,SELL,56.95,10 Mar 2022 10:45:14,BUY,54.3,10 Mar 2022 10:46:00,172.25,5586.75
545,NIFTY17MAR2216550PE,65,BUY,229.95,11 Mar 2022 10:45:14,SELL,198.5,11 Mar 2022 11:00:29,-2044.25,5736.25
545,NIFTY17MAR2216600PE,65,SELL,251.8,11 Mar 2022 10:45:14,BUY,218.05,11 Mar 2022 11:00:29,2193.75,5736.25
546,NIFTY17MAR2216650PE,65,BUY,194.2,14 Mar 2022 10:45:14,SELL,175.15,14 Mar 2022 11:12:29,-1238.25,5869.5
546,NIFTY17MAR2216700PE,65,SELL,216.3,14 Mar 2022 10:45:14,BUY,195.2,14 Mar 2022 11:12:29,1371.5,5869.5
547,NIFTY17MAR2216850PE,65,BUY,174.95,15 Mar 2022 10:45:14,SELL,183.65,15 Mar 2022 10:45:44,565.5,5755.75
547,NIFTY17MAR2216900PE,65,SELL,198.45,15 Mar 2022 10:45:14,BUY,208.9,15 Mar 2022 10:46:00,-679.25,5755.75
548,NIFTY17MAR2216850PE,65,BUY,105.4,16 Mar 2022 10:45:14,SELL,110.65,16 Mar 2022 11:00:44,341.25,5957.25
548,NIFTY17MAR2216900PE,65,SELL,127.5,16 Mar 2022 10:45:14,BUY,129.65,16 Mar 2022 11:01:00,-139.75,5957.25
549,NIFTY17MAR2217250PE,65,BUY,52.8,17 Mar 2022 10:45:14,SELL,55.4,17 Mar 2022 10:51:44,169,5824
549,NIFTY17MAR2217300PE,65,SELL,78,17 Mar 2022 10:45:14,BUY,82.65,17 Mar 2022 10:52:00,-302.25,5824
550,NIFTY24MAR2217200PE,65,BUY,164.85,21 Mar 2022 10:45:14,SELL,148.25,21 Mar 2022 11:05:29,-1079,5967
550,NIFTY24MAR2217250PE,65,SELL,186.45,21 Mar 2022 10:45:14,BUY,167.65,21 Mar 2022 11:05:29,1222,5967
551,NIFTY24MAR2217000PE,65,BUY,151.95,22 Mar 2022 10:45:14,SELL,139.75,22 Mar 2022 10:58:29,-793,6097
551,NIFTY24MAR2217050PE,65,SELL,175.3,22 Mar 2022 10:45:14,BUY,161.1,22 Mar 2022 10:58:29,923,6097
552,NIFTY24MAR2217300PE,65,BUY,89.2,23 Mar 2022 10:45:14,SELL,73.9,23 Mar 2022 10:54:14,-994.5,6227
552,NIFTY24MAR2217350PE,65,SELL,110.85,23 Mar 2022 10:45:14,BUY,93.55,23 Mar 2022 10:54:14,1124.5,6227
553,NIFTY24MAR2217200PE,65,BUY,45.9,24 Mar 2022 10:45:14,SELL,39.2,24 Mar 2022 10:45:29,-435.5,6435
553,NIFTY24MAR2217250PE,65,SELL,71.7,24 Mar 2022 10:45:14,BUY,61.8,24 Mar 2022 10:45:29,643.5,6435
554,NIFTY31MAR2217150PE,65,BUY,156.3,25 Mar 2022 10:45:14,SELL,164.1,25 Mar 2022 10:59:44,507,6506.5
554,NIFTY31MAR2217200PE,65,SELL,177.85,25 Mar 2022 10:45:14,BUY,184.55,25 Mar 2022 11:00:00,-435.5,6506.5
555,NIFTY31MAR2217000PE,65,BUY,143.05,28 Mar 2022 10:45:14,SELL,121.45,28 Mar 2022 11:23:29,-1404,6646.25
555,NIFTY31MAR2217050PE,65,SELL,166,28 Mar 2022 10:45:14,BUY,142.25,28 Mar 2022 11:23:29,1543.75,6646.25
556,NIFTY31MAR2217250PE,65,BUY,86.1,29 Mar 2022 10:45:14,SELL,74.6,29 Mar 2022 11:01:14,-747.5,6779.5
556,NIFTY31MAR2217300PE,65,SELL,107.4,29 Mar 2022 10:45:14,BUY,93.85,29 Mar 2022 11:01:14,880.75,6779.5
557,NIFTY31MAR2217450PE,65,BUY,53.15,30 Mar 2022 10:45:14,SELL,46.9,30 Mar 2022 11:41:00,-406.25,6909.5
557,NIFTY31MAR2217500PE,65,SELL,71.8,30 Mar 2022 10:45:14,BUY,63.55,30 Mar 2022 11:41:00,536.25,6909.5
558,NIFTY31MAR2217450PE,65,BUY,17.6,31 Mar 2022 10:45:14,SELL,18.45,31 Mar 2022 10:48:44,55.25,6838
558,NIFTY31MAR2217500PE,65,SELL,31.85,31 Mar 2022 10:45:14,BUY,33.8,31 Mar 2022 10:49:00,-126.75,6838
559,NIFTY07APR2217550PE,65,BUY,158.35,01 Apr 2022 10:45:14,SELL,142.45,01 Apr 2022 11:10:29,-1033.5,6987.5
559,NIFTY07APR2217600PE,65,SELL,183.1,01 Apr 2022 10:45:14,BUY,164.9,01 Apr 2022 11:10:29,1183,6987.5
560,NIFTY07APR2218000PE,65,BUY,108.25,04 Apr 2022 10:45:14,SELL,113.65,04 Apr 2022 10:54:44,351,6948.5
560,NIFTY07APR2218050PE,65,SELL,131,04 Apr 2022 10:45:14,BUY,137,04 Apr 2022 10:55:00,-390,6948.5
561,NIFTY07APR2218000PE,65,BUY,109.25,05 Apr 2022 10:45:14,SELL,98.6,05 Apr 2022 10:53:00,-692.25,7101.25
561,NIFTY07APR2218050PE,65,SELL,136.55,05 Apr 2022 10:45:14,BUY,123.55,05 Apr 2022 10:53:00,845,7101.25
562,NIFTY07APR2217800PE,65,BUY,70.4,06 Apr 2022 10:45:14,SELL,73.9,06 Apr 2022 10:48:44,227.5,6912.75
562,NIFTY07APR2217850PE,65,SELL,95.95,06 Apr 2022 10:45:14,BUY,102.35,06 Apr 2022 10:49:00,-416,6912.75
563,NIFTY07APR2217700PE,65,BUY,36.5,07 Apr 2022 10:45:14,SELL,38.3,07 Apr 2022 10:47:44,117,6880.25
563,NIFTY07APR2217750PE,65,SELL,68.75,07 Apr 2022 10:45:14,BUY,71.05,07 Apr 2022 10:48:00,-149.5,6880.25
564,NIFTY13APR2217650PE,65,BUY,130.55,08 Apr 2022 10:45:14,SELL,137.05,08 Apr 2022 11:14:44,422.5,6929
564,NIFTY13APR2217700PE,65,SELL,154.55,08 Apr 2022 10:45:14,BUY,160.3,08 Apr 2022 11:15:00,-373.75,6929
565,NIFTY13APR2217700PE,65,BUY,112.6,11 Apr 2022 10:45:14,SELL,118.2,11 Apr 2022 10:54:44,364,6916
565,NIFTY13APR2217750PE,65,SELL,139.95,11 Apr 2022 10:45:14,BUY,145.75,11 Apr 2022 10:55:00,-377,6916
566,NIFTY13APR2217500PE,65,BUY,66.3,12 Apr 2022 10:45:14,SELL,69.6,12 Apr 2022 10:45:44,214.5,7094.75
566,NIFTY13APR2217550PE,65,SELL,92.4,12 Apr 2022 10:45:14,BUY,92.95,12 Apr 2022 10:46:00,-35.75,7094.75
567,NIFTY13APR2217550PE,65,BUY,41.3,13 Apr 2022 10:45:14,SELL,43.35,13 Apr 2022 10:45:44,133.25,7046
567,NIFTY13APR2217600PE,65,SELL,71.45,13 Apr 2022 10:45:14,BUY,74.25,13 Apr 2022 10:46:00,-182,7046
568,NIFTY21APR2217150PE,65,BUY,117,18 Apr 2022 10:45:14,SELL,122.85,18 Apr 2022 10:46:44,380.25,7179.25
568,NIFTY21APR2217200PE,65,SELL,140.65,18 Apr 2022 10:45:14,BUY,144.45,18 Apr 2022 10:47:00,-247,7179.25
569,NIFTY21APR2217200PE,65,BUY,99.4,19 Apr 2022 10:45:14,SELL,104.35,19 Apr 2022 10:47:44,321.75,7085
569,NIFTY21APR2217250PE,65,SELL,124.25,19 Apr 2022 10:45:14,BUY,130.65,19 Apr 2022 10:48:00,-416,7085
570,NIFTY21APR2217050PE,65,BUY,65.6,20 Apr 2022 10:45:14,SELL,68.85,20 Apr 2022 11:00:44,211.25,6990.75
570,NIFTY21APR2217100PE,65,SELL,86,20 Apr 2022 10:45:14,BUY,90.7,20 Apr 2022 11:01:00,-305.5,6990.75
571,NIFTY21APR2217250PE,65,BUY,29.75,21 Apr 2022 10:45:14,SELL,25.9,21 Apr 2022 10:46:29,-250.25,7195.5
571,NIFTY21APR2217300PE,65,SELL,56.1,21 Apr 2022 10:45:14,BUY,49.1,21 Apr 2022 10:46:29,455,7195.5
572,NIFTY28APR2217200PE,65,BUY,126,22 Apr 2022 10:45:14,SELL,104.9,22 Apr 2022 11:10:29,-1371.5,7328.75
572,NIFTY28APR2217250PE,65,SELL,147,22 Apr 2022 10:45:14,BUY,123.85,22 Apr 2022 11:10:29,1504.75,7328.75
573,NIFTY28APR2216950PE,65,BUY,123.4,25 Apr 2022 10:45:14,SELL,129.55,25 Apr 2022 11:18:44,399.75,7432.75
573,NIFTY28APR2217000PE,65,SELL,145.7,25 Apr 2022 10:45:14,BUY,150.25,25 Apr 2022 11:19:00,-295.75,7432.75
574,NIFTY28APR2217100PE,65,BUY,82.7,26 Apr 2022 10:45:14,SELL,86.8,26 Apr 2022 11:09:44,266.5,7507.5
574,NIFTY28APR2217150PE,65,SELL,104.3,26 Apr 2022 10:45:14,BUY,107.25,26 Apr 2022 11:10:00,-191.75,7507.5
575,NIFTY28APR2217000PE,65,BUY,65.65,27 Apr 2022 10:45:14,SELL,68.9,27 Apr 2022 10:51:44,211.25,7458.75
575,NIFTY28APR2217050PE,65,SELL,85.65,27 Apr 2022 10:45:14,BUY,89.65,27 Apr 2022 10:52:00,-260,7458.75
576,NIFTY28APR2217050PE,65,BUY,31.45,28 Apr 2022 10:45:14,SELL,33,28 Apr 2022 10:45:44,100.75,7094.75
576,NIFTY28APR2217100PE,65,SELL,53.35,28 Apr 2022 10:45:14,BUY,60.5,28 Apr 2022 10:46:00,-464.75,7094.75
577,NIFTY05MAY2217300PE,65,BUY,133.85,29 Apr 2022 10:45:14,SELL,140.5,29 Apr 2022 10:47:44,432.25,7127.25
577,NIFTY05MAY2217350PE,65,SELL,156.85,29 Apr 2022 10:45:14,BUY,163,29 Apr 2022 10:48:00,-399.75,7127.25
578,NIFTY05MAY2217000PE,65,BUY,131.75,02 May 2022 10:45:14,SELL,138.3,02 May 2022 10:46:44,425.75,6912.75
578,NIFTY05MAY2217050PE,65,SELL,155.05,02 May 2022 10:45:14,BUY,164.9,02 May 2022 10:47:00,-640.25,6912.75
579,NIFTY05MAY2216900PE,65,BUY,87.85,04 May 2022 10:45:14,SELL,92.2,04 May 2022 10:45:44,282.75,6825
579,NIFTY05MAY2216950PE,65,SELL,110.9,04 May 2022 10:45:14,BUY,116.6,04 May 2022 10:46:00,-370.5,6825
580,NIFTY05MAY2216850PE,65,BUY,30.2,05 May 2022 10:45:14,SELL,24.95,05 May 2022 10:48:29,-341.25,6981
580,NIFTY05MAY2216900PE,65,SELL,51.75,05 May 2022 10:45:14,BUY,44.1,05 May 2022 10:48:29,497.25,6981
581,NIFTY12MAY2216350PE,65,BUY,172.75,06 May 2022 10:45:14,SELL,181.35,06 May 2022 10:56:44,559,7055.75
581,NIFTY12MAY2216400PE,65,SELL,194.2,06 May 2022 10:45:14,BUY,201.65,06 May 2022 10:57:00,-484.25,7055.75
582,NIFTY12MAY2216200PE,65,BUY,144.1,09 May 2022 10:45:14,SELL,151.3,09 May 2022 10:52:44,468,7075.25
582,NIFTY12MAY2216250PE,65,SELL,166,09 May 2022 10:45:14,BUY,172.9,09 May 2022 10:53:00,-448.5,7075.25
583,NIFTY12MAY2216300PE,65,BUY,126.75,10 May 2022 10:45:14,SELL,133.05,10 May 2022 10:50:44,409.5,7013.5
583,NIFTY12MAY2216350PE,65,SELL,150.45,10 May 2022 10:45:14,BUY,157.7,10 May 2022 10:51:00,-471.25,7013.5
584,NIFTY12MAY2216050PE,65,BUY,97.85,11 May 2022 10:45:14,SELL,86.35,11 May 2022 10:45:29,-747.5,7143.5
584,NIFTY12MAY2216100PE,65,SELL,121,11 May 2022 10:45:14,BUY,107.5,11 May 2022 10:45:29,877.5,7143.5
585,NIFTY12MAY2215850PE,65,BUY,39.2,12 May 2022 10:45:14,SELL,41.15,12 May 2022 10:45:44,126.75,7244.25
585,NIFTY12MAY2215900PE,65,SELL,59.25,12 May 2022 10:45:14,BUY,59.65,12 May 2022 10:46:00,-26,7244.25
586,NIFTY19MAY2215950PE,65,BUY,174.5,13 May 2022 10:45:14,SELL,157.15,13 May 2022 11:01:29,-1127.75,7397
586,NIFTY19MAY2216000PE,65,SELL,198.7,13 May 2022 10:45:14,BUY,179,13 May 2022 11:01:29,1280.5,7397
587,NIFTY19MAY2215900PE,65,BUY,146.2,16 May 2022 10:45:14,SELL,153.5,16 May 2022 10:54:44,474.5,7033
587,NIFTY19MAY2215950PE,65,SELL,168.25,16 May 2022 10:45:14,BUY,181.15,16 May 2022 10:55:00,-838.5,7033
588,NIFTY19MAY2216000PE,65,BUY,109,17 May 2022 10:45:14,SELL,100,17 May 2022 10:55:29,-585,7176
588,NIFTY19MAY2216050PE,65,SELL,129.4,17 May 2022 10:45:14,BUY,118.2,17 May 2022 10:55:29,728,7176
589,NIFTY19MAY2216300PE,65,BUY,75.65,18 May 2022 10:45:14,SELL,79.4,18 May 2022 10:45:44,243.75,6912.75
589,NIFTY19MAY2216350PE,65,SELL,97,18 May 2022 10:45:14,BUY,104.8,18 May 2022 10:46:00,-507,6912.75
590,NIFTY19MAY2215850PE,65,BUY,32.2,19 May 2022 10:45:14,SELL,33.8,19 May 2022 10:45:44,104,6776.25
590,NIFTY19MAY2215900PE,65,SELL,49.85,19 May 2022 10:45:14,BUY,53.55,19 May 2022 10:46:00,-240.5,6776.25
591,NIFTY26MAY2216100PE,65,BUY,158,20 May 2022 10:45:14,SELL,165.9,20 May 2022 10:46:44,513.5,6578
591,NIFTY26MAY2216150PE,65,SELL,179,20 May 2022 10:45:14,BUY,189.95,20 May 2022 10:47:00,-711.75,6578
592,NIFTY26MAY2216250PE,65,BUY,138.15,23 May 2022 10:45:14,SELL,128.8,23 May 2022 10:50:29,-607.75,6737.25
592,NIFTY26MAY2216300PE,65,SELL,158.95,23 May 2022 10:45:14,BUY,147.15,23 May 2022 10:50:29,767,6737.25
593,NIFTY26MAY2216050PE,65,BUY,112,24 May 2022 10:45:14,SELL,96.5,24 May 2022 11:40:29,-1007.5,6919.25
593,NIFTY26MAY2216100PE,65,SELL,132.55,24 May 2022 10:45:14,BUY,114.25,24 May 2022 11:40:29,1189.5,6919.25
594,NIFTY26MAY2216100PE,65,BUY,86.5,25 May 2022 10:45:14,SELL,90.8,25 May 2022 11:00:44,279.5,6818.5
594,NIFTY26MAY2216150PE,65,SELL,108.95,25 May 2022 10:45:14,BUY,114.8,25 May 2022 11:01:00,-380.25,6818.5
595,NIFTY26MAY2215900PE,65,BUY,44.25,26 May 2022 10:45:14,SELL,46.45,26 May 2022 10:45:44,143,6948.5
595,NIFTY26MAY2215950PE,65,SELL,68.7,26 May 2022 10:45:14,BUY,68.9,26 May 2022 10:46:00,-13,6948.5
596,NIFTY02JUN2216200PE,65,BUY,145.65,27 May 2022 10:45:14,SELL,152.9,27 May 2022 10:50:44,471.25,7013.5
596,NIFTY02JUN2216250PE,65,SELL,165.95,27 May 2022 10:45:14,BUY,172.2,27 May 2022 10:51:00,-406.25,7013.5
597,NIFTY02JUN2216550PE,65,BUY,108.25,30 May 2022 10:45:14,SELL,96.95,30 May 2022 11:14:00,-734.5,7143.5
597,NIFTY02JUN2216600PE,65,SELL,128.4,30 May 2022 10:45:14,BUY,115.1,30 May 2022 11:14:00,864.5,7143.5
598,NIFTY02JUN2216600PE,65,BUY,101.95,31 May 2022 10:45:14,SELL,107,31 May 2022 10:51:44,328.25,7341.75
598,NIFTY02JUN2216650PE,65,SELL,124.1,31 May 2022 10:45:14,BUY,126.1,31 May 2022 10:52:00,-130,7341.75
599,NIFTY02JUN2216550PE,65,BUY,70.65,01 Jun 2022 10:45:14,SELL,74.15,01 Jun 2022 10:49:44,227.5,7377.5
599,NIFTY02JUN2216600PE,65,SELL,91.65,01 Jun 2022 10:45:14,BUY,94.6,01 Jun 2022 10:50:00,-191.75,7377.5
600,NIFTY02JUN2216500PE,65,BUY,36.15,02 Jun 2022 10:45:14,SELL,37.95,02 Jun 2022 10:45:44,117,7146.75
600,NIFTY02JUN2216550PE,65,SELL,55.9,02 Jun 2022 10:45:14,BUY,61.25,02 Jun 2022 10:46:00,-347.75,7146.75
601,NIFTY09JUN2216650PE,65,BUY,128.4,03 Jun 2022 10:45:14,SELL,116.6,03 Jun 2022 11:34:00,-767,7283.25
601,NIFTY09JUN2216700PE,65,SELL,150,03 Jun 2022 10:45:14,BUY,136.1,03 Jun 2022 11:34:00,903.5,7283.25
602,NIFTY09JUN2216450PE,65,BUY,113.75,06 Jun 2022 10:45:14,SELL,119.4,06 Jun 2022 11:35:44,367.25,7026.5
602,NIFTY09JUN2216500PE,65,SELL,136.45,06 Jun 2022 10:45:14,BUY,146.05,06 Jun 2022 11:36:00,-624,7026.5
603,NIFTY09JUN2216350PE,65,BUY,89.8,07 Jun 2022 10:45:14,SELL,94.25,07 Jun 2022 10:52:44,289.25,6984.25
603,NIFTY09JUN2216400PE,65,SELL,111.45,07 Jun 2022 10:45:14,BUY,116.55,07 Jun 2022 10:53:00,-331.5,6984.25
604,NIFTY09JUN2216500PE,65,BUY,83.05,08 Jun 2022 10:45:14,SELL,87.2,08 Jun 2022 10:48:44,269.75,6916
604,NIFTY09JUN2216550PE,65,SELL,108.4,08 Jun 2022 10:45:14,BUY,113.6,08 Jun 2022 10:49:00,-338,6916
605,NIFTY09JUN2216350PE,65,BUY,33.35,09 Jun 2022 10:45:14,SELL,35,09 Jun 2022 10:45:44,107.25,6760
605,NIFTY09JUN2216400PE,65,SELL,58.55,09 Jun 2022 10:45:14,BUY,62.6,09 Jun 2022 10:46:00,-263.25,6760
606,NIFTY16JUN2216250PE,65,BUY,135.55,10 Jun 2022 10:45:14,SELL,142.3,10 Jun 2022 11:16:44,438.75,6730.75
606,NIFTY16JUN2216300PE,65,SELL,158.45,10 Jun 2022 10:45:14,BUY,165.65,10 Jun 2022 11:17:00,-468,6730.75
607,NIFTY16JUN2215750PE,65,BUY,132.7,13 Jun 2022 10:45:14,SELL,117.5,13 Jun 2022 11:27:14,-988,6867.25
607,NIFTY16JUN2215800PE,65,SELL,156.45,13 Jun 2022 10:45:14,BUY,139.15,13 Jun 2022 11:27:14,1124.5,6867.25
608,NIFTY16JUN2215800PE,65,BUY,130.45,14 Jun 2022 10:45:14,SELL,136.95,14 Jun 2022 10:50:44,422.5,6919.25
608,NIFTY16JUN2215850PE,65,SELL,155.3,14 Jun 2022 10:45:14,BUY,161,14 Jun 2022 10:51:00,-370.5,6919.25
609,NIFTY16JUN2215700PE,65,BUY,95.1,15 Jun 2022 10:45:14,SELL,99.85,15 Jun 2022 10:54:14,308.75,6864
609,NIFTY16JUN2215750PE,65,SELL,119.4,15 Jun 2022 10:45:14,BUY,125,15 Jun 2022 10:54:29,-364,6864
610,NIFTY16JUN2215650PE,65,BUY,25.5,16 Jun 2022 10:45:14,SELL,26.75,16 Jun 2022 10:45:44,81.25,6802.25
610,NIFTY16JUN2215700PE,65,SELL,44.4,16 Jun 2022 10:45:14,BUY,46.6,16 Jun 2022 10:46:00,-143,6802.25
611,NIFTY23JUN2215300PE,65,BUY,191.1,17 Jun 2022 10:45:14,SELL,200.65,17 Jun 2022 11:20:44,620.75,6480.5
611,NIFTY23JUN2215350PE,65,SELL,213.35,17 Jun 2022 10:45:14,BUY,227.85,17 Jun 2022 11:21:00,-942.5,6480.5
612,NIFTY23JUN2215250PE,65,BUY,136.2,20 Jun 2022 10:45:14,SELL,143,20 Jun 2022 10:46:44,442,6318
612,NIFTY23JUN2215300PE,65,SELL,156.95,20 Jun 2022 10:45:14,BUY,166.25,20 Jun 2022 10:47:00,-604.5,6318
613,NIFTY23JUN2215550PE,65,BUY,106.1,21 Jun 2022 10:45:14,SELL,89.95,21 Jun 2022 11:37:29,-1049.75,6477.25
613,NIFTY23JUN2215600PE,65,SELL,127.9,21 Jun 2022 10:45:14,BUY,109.3,21 Jun 2022 11:37:29,1209,6477.25
614,NIFTY23JUN2215450PE,65,BUY,69.55,22 Jun 2022 10:45:14,SELL,61.9,22 Jun 2022 10:55:29,-497.25,6610.5
614,NIFTY23JUN2215500PE,65,SELL,90.15,22 Jun 2022 10:45:14,BUY,80.45,22 Jun 2022 10:55:29,630.5,6610.5
615,NIFTY23JUN2215500PE,65,BUY,25.75,23 Jun 2022 10:45:14,SELL,20.75,23 Jun 2022 10:46:29,-325,6760
615,NIFTY23JUN2215550PE,65,SELL,40.45,23 Jun 2022 10:45:14,BUY,33.15,23 Jun 2022 10:46:29,474.5,6760
616,NIFTY30JUN2215650PE,65,BUY,153.15,24 Jun 2022 10:45:14,SELL,160.8,24 Jun 2022 10:49:44,497.25,6701.5
616,NIFTY30JUN2215700PE,65,SELL,175.45,24 Jun 2022 10:45:14,BUY,184,24 Jun 2022 10:50:00,-555.75,6701.5
617,NIFTY30JUN2215850PE,65,BUY,121.95,27 Jun 2022 10:45:14,SELL,128,27 Jun 2022 10:48:44,393.25,6617
617,NIFTY30JUN2215900PE,65,SELL,145,27 Jun 2022 10:45:14,BUY,152.35,27 Jun 2022 10:49:00,-477.75,6617
618,NIFTY30JUN2215700PE,65,BUY,95,28 Jun 2022 10:45:14,SELL,99.75,28 Jun 2022 10:58:44,308.75,6613.75
618,NIFTY30JUN2215750PE,65,SELL,116.45,28 Jun 2022 10:45:14,BUY,121.25,28 Jun 2022 10:59:00,-312,6613.75
619,NIFTY30JUN2215700PE,65,BUY,71.1,29 Jun 2022 10:45:14,SELL,74.65,29 Jun 2022 10:59:44,230.75,6500
619,NIFTY30JUN2215750PE,65,SELL,92.9,29 Jun 2022 10:45:14,BUY,98.2,29 Jun 2022 11:00:00,-344.5,6500
620,NIFTY30JUN2215750PE,65,BUY,37.45,30 Jun 2022 10:45:14,SELL,30.5,30 Jun 2022 10:45:29,-451.75,6659.25
620,NIFTY30JUN2215800PE,65,SELL,56.05,30 Jun 2022 10:45:14,BUY,46.65,30 Jun 2022 10:45:29,611,6659.25
621,NIFTY07JUL2215550PE,65,BUY,151.9,01 Jul 2022 10:45:14,SELL,159.45,01 Jul 2022 10:47:44,490.75,6821.75
621,NIFTY07JUL2215600PE,65,SELL,174.65,01 Jul 2022 10:45:14,BUY,179.7,01 Jul 2022 10:48:00,-328.25,6821.75
622,NIFTY07JUL2215650PE,65,BUY,118.75,04 Jul 2022 10:45:14,SELL,109.85,04 Jul 2022 10:50:14,-578.5,6974.5
622,NIFTY07JUL2215700PE,65,SELL,141.5,04 Jul 2022 10:45:14,BUY,130.25,04 Jul 2022 10:50:14,731.25,6974.5
623,NIFTY07JUL2215950PE,65,BUY,93.4,05 Jul 2022 10:45:14,SELL,98.05,05 Jul 2022 11:13:44,302.25,6851
623,NIFTY07JUL2216000PE,65,SELL,115.75,05 Jul 2022 10:45:14,BUY,122.3,05 Jul 2022 11:14:00,-425.75,6851
624,NIFTY07JUL2215800PE,65,BUY,57.35,06 Jul 2022 10:45:14,SELL,51.4,06 Jul 2022 10:50:29,-386.75,7000.5
624,NIFTY07JUL2215850PE,65,SELL,75.95,06 Jul 2022 10:45:14,BUY,67.7,06 Jul 2022 10:50:29,536.25,7000.5
625,NIFTY07JUL2216100PE,65,BUY,39.1,07 Jul 2022 10:45:14,SELL,41.05,07 Jul 2022 10:46:44,126.75,6760
625,NIFTY07JUL2216150PE,65,SELL,61.95,07 Jul 2022 10:45:14,BUY,67.6,07 Jul 2022 10:47:00,-367.25,6760
626,NIFTY14JUL2216150PE,65,BUY,120.55,08 Jul 2022 10:45:14,SELL,126.55,08 Jul 2022 11:15:44,390,6730.75
626,NIFTY14JUL2216200PE,65,SELL,141.4,08 Jul 2022 10:45:14,BUY,147.85,08 Jul 2022 11:16:00,-419.25,6730.75
627,NIFTY14JUL2216100PE,65,BUY,102.6,11 Jul 2022 10:45:14,SELL,107.7,11 Jul 2022 11:29:44,331.5,6639.75
627,NIFTY14JUL2216150PE,65,SELL,125.55,11 Jul 2022 10:45:14,BUY,132.05,11 Jul 2022 11:30:00,-422.5,6639.75
628,NIFTY14JUL2216100PE,65,BUY,89.1,12 Jul 2022 10:45:14,SELL,93.55,12 Jul 2022 11:27:44,289.25,6704.75
628,NIFTY14JUL2216150PE,65,SELL,113.05,12 Jul 2022 10:45:14,BUY,116.5,12 Jul 2022 11:28:00,-224.25,6704.75
629,NIFTY14JUL2216050PE,65,BUY,68.1,13 Jul 2022 10:45:14,SELL,71.5,13 Jul 2022 10:50:44,221,6532.5
629,NIFTY14JUL2216100PE,65,SELL,92.7,13 Jul 2022 10:45:14,BUY,98.75,13 Jul 2022 10:51:00,-393.25,6532.5
630,NIFTY14JUL2216000PE,65,BUY,38.25,14 Jul 2022 10:45:14,SELL,40.15,14 Jul 2022 10:46:44,123.5,6548.75
630,NIFTY14JUL2216050PE,65,SELL,63.05,14 Jul 2022 10:45:14,BUY,64.7,14 Jul 2022 10:47:00,-107.25,6548.75
631,NIFTY21JUL2215950PE,65,BUY,113.9,15 Jul 2022 10:45:14,SELL,119.55,15 Jul 2022 10:47:44,367.25,6506.5
631,NIFTY21JUL2216000PE,65,SELL,136.65,15 Jul 2022 10:45:14,BUY,142.95,15 Jul 2022 10:48:00,-409.5,6506.5
632,NIFTY21JUL2216150PE,65,BUY,81.9,18 Jul 2022 10:45:14,SELL,71.65,18 Jul 2022 10:59:29,-666.25,6643
632,NIFTY21JUL2216200PE,65,SELL,103.45,18 Jul 2022 10:45:14,BUY,91.1,18 Jul 2022 10:59:29,802.75,6643
633,NIFTY21JUL2216250PE,65,BUY,70.65,19 Jul 2022 10:45:14,SELL,74.15,19 Jul 2022 10:46:44,227.5,6652.75
633,NIFTY21JUL2216300PE,65,SELL,92.55,19 Jul 2022 10:45:14,BUY,95.9,19 Jul 2022 10:47:00,-217.75,6652.75
634,NIFTY21JUL2216500PE,65,BUY,47.45,20 Jul 2022 10:45:14,SELL,49.8,20 Jul 2022 11:55:44,152.75,6509.75
634,NIFTY21JUL2216550PE,65,SELL,68.55,20 Jul 2022 10:45:14,BUY,73.1,20 Jul 2022 11:56:00,-295.75,6509.75
635,NIFTY21JUL2216500PE,65,BUY,18.05,21 Jul 2022 10:45:14,SELL,14.35,21 Jul 2022 10:54:29,-240.5,6652.75
635,NIFTY21JUL2216550PE,65,SELL,33.6,21 Jul 2022 10:45:14,BUY,27.7,21 Jul 2022 10:54:29,383.5,6652.75
636,NIFTY28JUL2216550PE,65,BUY,98.6,22 Jul 2022 10:45:14,SELL,83.85,22 Jul 2022 11:45:14,-958.75,6792.5
636,NIFTY28JUL2216600PE,65,SELL,118.8,22 Jul 2022 10:45:14,BUY,101.9,22 Jul 2022 11:45:14,1098.5,6792.5
637,NIFTY28JUL2216550PE,65,BUY,91.3,25 Jul 2022 10:45:14,SELL,95.85,25 Jul 2022 11:04:44,295.75,6708
637,NIFTY28JUL2216600PE,65,SELL,113.8,25 Jul 2022 10:45:14,BUY,119.65,25 Jul 2022 11:05:00,-380.25,6708
638,NIFTY28JUL2216450PE,65,BUY,65.2,26 Jul 2022 10:45:14,SELL,56.3,26 Jul 2022 11:34:29,-578.5,6877
638,NIFTY28JUL2216500PE,65,SELL,86.45,26 Jul 2022 10:45:14,BUY,74.95,26 Jul 2022 11:34:29,747.5,6877
639,NIFTY28JUL2216500PE,65,BUY,62.65,27 Jul 2022 10:45:14,SELL,56.35,27 Jul 2022 11:36:29,-409.5,7007
639,NIFTY28JUL2216550PE,65,SELL,84.1,27 Jul 2022 10:45:14,BUY,75.8,27 Jul 2022 11:36:29,539.5,7007
640,NIFTY28JUL2216800PE,65,BUY,26.8,28 Jul 2022 10:45:14,SELL,22.6,28 Jul 2022 10:55:29,-273,7146.75
640,NIFTY28JUL2216850PE,65,SELL,46.9,28 Jul 2022 10:45:14,BUY,40.55,28 Jul 2022 10:55:29,412.75,7146.75
641,NIFTY04AUG2217050PE,65,BUY,130.2,29 Jul 2022 10:45:14,SELL,113.05,29 Jul 2022 10:49:14,-1114.75,7289.75
641,NIFTY04AUG2217100PE,65,SELL,155.6,29 Jul 2022 10:45:14,BUY,136.25,29 Jul 2022 10:49:14,1257.75,7289.75
642,NIFTY04AUG2217250PE,65,BUY,97.9,01 Aug 2022 10:45:14,SELL,102.75,01 Aug 2022 10:51:44,315.25,7133.75
642,NIFTY04AUG2217300PE,65,SELL,119.8,01 Aug 2022 10:45:14,BUY,127.05,01 Aug 2022 10:52:00,-471.25,7133.75
643,NIFTY04AUG2217250PE,65,BUY,95.2,02 Aug 2022 10:45:14,SELL,99.95,02 Aug 2022 10:48:14,308.75,7215
643,NIFTY04AUG2217300PE,65,SELL,120.65,02 Aug 2022 10:45:14,BUY,124.15,02 Aug 2022 10:48:29,-227.5,7215
644,NIFTY04AUG2217250PE,65,BUY,80.15,03 Aug 2022 10:45:14,SELL,84.15,03 Aug 2022 10:46:44,260,7166.25
644,NIFTY04AUG2217300PE,65,SELL,103.25,03 Aug 2022 10:45:14,BUY,108,03 Aug 2022 10:47:00,-308.75,7166.25
645,NIFTY04AUG2217400PE,65,BUY,32.55,04 Aug 2022 10:45:14,SELL,29.2,04 Aug 2022 10:46:29,-217.75,7299.5
645,NIFTY04AUG2217450PE,65,SELL,57.15,04 Aug 2022 10:45:14,BUY,51.75,04 Aug 2022 10:46:29,351,7299.5
646,NIFTY11AUG2217400PE,65,BUY,127.75,05 Aug 2022 10:45:14,SELL,134.1,05 Aug 2022 10:46:44,412.75,7374.25
646,NIFTY11AUG2217450PE,65,SELL,149.3,05 Aug 2022 10:45:14,BUY,154.5,05 Aug 2022 10:47:00,-338,7374.25
647,NIFTY11AUG2217450PE,65,BUY,107.95,08 Aug 2022 10:45:14,SELL,100.8,08 Aug 2022 10:53:29,-464.75,7546.5
647,NIFTY11AUG2217500PE,65,SELL,132.8,08 Aug 2022 10:45:14,BUY,123,08 Aug 2022 10:53:29,637,7546.5
648,NIFTY11AUG2217500PE,65,BUY,76.6,10 Aug 2022 10:45:14,SELL,80.4,10 Aug 2022 10:57:44,247,7611.5
648,NIFTY11AUG2217550PE,65,SELL,99.95,10 Aug 2022 10:45:14,BUY,102.75,10 Aug 2022 10:58:00,-182,7611.5
649,NIFTY11AUG2217650PE,65,BUY,26.7,11 Aug 2022 10:45:14,SELL,28,11 Aug 2022 10:47:44,84.5,7546.5
649,NIFTY11AUG2217700PE,65,SELL,47,11 Aug 2022 10:45:14,BUY,49.3,11 Aug 2022 10:48:00,-149.5,7546.5
650,NIFTY18AUG2217600PE,65,BUY,90.8,12 Aug 2022 10:45:14,SELL,79.4,12 Aug 2022 10:57:14,-741,7679.75
650,NIFTY18AUG2217650PE,65,SELL,111.75,12 Aug 2022 10:45:14,BUY,98.3,12 Aug 2022 10:57:14,874.25,7679.75
651,NIFTY18AUG2217800PE,65,BUY,71.7,16 Aug 2022 10:45:14,SELL,75.25,16 Aug 2022 10:47:44,230.75,7644
651,NIFTY18AUG2217850PE,65,SELL,95.5,16 Aug 2022 10:45:14,BUY,99.6,16 Aug 2022 10:48:00,-266.5,7644
652,NIFTY18AUG2217900PE,65,BUY,58.5,17 Aug 2022 10:45:14,SELL,51.15,17 Aug 2022 11:25:29,-477.75,7813
652,NIFTY18AUG2217950PE,65,SELL,83.35,17 Aug 2022 10:45:14,BUY,73.4,17 Aug 2022 11:25:29,646.75,7813
653,NIFTY18AUG2217850PE,65,BUY,17.9,18 Aug 2022 10:45:14,SELL,18.75,18 Aug 2022 10:46:44,55.25,7754.5
653,NIFTY18AUG2217900PE,65,SELL,34.75,18 Aug 2022 10:45:14,BUY,36.5,18 Aug 2022 10:47:00,-113.75,7754.5
654,NIFTY25AUG2217900PE,65,BUY,90.35,19 Aug 2022 10:45:14,SELL,94.85,19 Aug 2022 10:53:44,292.5,7556.25
654,NIFTY25AUG2217950PE,65,SELL,111,19 Aug 2022 10:45:14,BUY,118.55,19 Aug 2022 10:54:00,-490.75,7556.25
655,NIFTY25AUG2217500PE,65,BUY,83.3,22 Aug 2022 10:45:14,SELL,70.35,22 Aug 2022 11:04:29,-841.75,7722
655,NIFTY25AUG2217550PE,65,SELL,104.5,22 Aug 2022 10:45:14,BUY,89,22 Aug 2022 11:04:29,1007.5,7722
656,NIFTY25AUG2217400PE,65,BUY,77,23 Aug 2022 10:45:14,SELL,80.85,23 Aug 2022 10:45:44,250.25,7709
656,NIFTY25AUG2217450PE,65,SELL,97.95,23 Aug 2022 10:45:14,BUY,102,23 Aug 2022 10:46:00,-263.25,7709
657,NIFTY25AUG2217550PE,65,BUY,65.75,24 Aug 2022 10:45:14,SELL,53.2,24 Aug 2022 10:51:29,-815.75,7910.5
657,NIFTY25AUG2217600PE,65,SELL,89.4,24 Aug 2022 10:45:14,BUY,73.75,24 Aug 2022 10:51:29,1017.25,7910.5
658,NIFTY25AUG2217650PE,65,BUY,23.25,25 Aug 2022 10:45:14,SELL,24.4,25 Aug 2022 10:45:44,74.75,7803.25
658,NIFTY25AUG2217700PE,65,SELL,42.3,25 Aug 2022 10:45:14,BUY,45.1,25 Aug 2022 10:46:00,-182,7803.25
659,NIFTY01SEP2217650PE,65,BUY,155.65,26 Aug 2022 10:45:14,SELL,163.4,26 Aug 2022 11:11:44,503.75,7839
659,NIFTY01SEP2217700PE,65,SELL,182.5,26 Aug 2022 10:45:14,BUY,189.7,26 Aug 2022 11:12:00,-468,7839
660,NIFTY01SEP2217300PE,65,BUY,121.15,29 Aug 2022 10:45:14,SELL,127.2,29 Aug 2022 11:11:44,393.25,7419.75
660,NIFTY01SEP2217350PE,65,SELL,145.45,29 Aug 2022 10:45:14,BUY,157.95,29 Aug 2022 11:12:00,-812.5,7419.75
661,NIFTY01SEP2217500PE,65,BUY,81.85,30 Aug 2022 10:45:14,SELL,73.65,30 Aug 2022 10:58:29,-533,7556.25
661,NIFTY01SEP2217550PE,65,SELL,105.7,30 Aug 2022 10:45:14,BUY,95.4,30 Aug 2022 10:58:29,669.5,7556.25
662,NIFTY01SEP2217650PE,65,BUY,56.5,01 Sep 2022 10:45:14,SELL,59.3,01 Sep 2022 10:48:44,182,7549.75
662,NIFTY01SEP2217700PE,65,SELL,83.6,01 Sep 2022 10:45:14,BUY,86.5,01 Sep 2022 10:49:00,-188.5,7549.75
663,NIFTY08SEP2217500PE,65,BUY,144.7,02 Sep 2022 10:45:14,SELL,151.9,02 Sep 2022 10:50:44,468,7527
663,NIFTY08SEP2217550PE,65,SELL,167.7,02 Sep 2022 10:45:14,BUY,175.25,02 Sep 2022 10:51:00,-490.75,7527
664,NIFTY08SEP2217650PE,65,BUY,134.9,05 Sep 2022 10:45:14,SELL,141.6,05 Sep 2022 10:56:44,435.5,7540
664,NIFTY08SEP2217700PE,65,SELL,160.4,05 Sep 2022 10:45:14,BUY,166.9,05 Sep 2022 10:57:00,-422.5,7540
665,NIFTY08SEP2217550PE,65,BUY,98.8,06 Sep 2022 10:45:14,SELL,85.1,06 Sep 2022 10:59:14,-890.5,7676.5
665,NIFTY08SEP2217600PE,65,SELL,120.25,06 Sep 2022 10:45:14,BUY,104.45,06 Sep 2022 10:59:14,1027,7676.5
666,NIFTY08SEP2217550PE,65,BUY,84.25,07 Sep 2022 10:45:14,SELL,88.45,07 Sep 2022 10:46:44,273,8050.25
666,NIFTY08SEP2217600PE,65,SELL,109.65,07 Sep 2022 10:45:14,BUY,108.1,07 Sep 2022 10:47:00,100.75,8050.25
667,NIFTY08SEP2217700PE,65,BUY,33.75,08 Sep 2022 10:45:14,SELL,35.4,08 Sep 2022 10:45:44,107.25,8030.75
667,NIFTY08SEP2217750PE,65,SELL,54.3,08 Sep 2022 10:45:14,BUY,56.25,08 Sep 2022 10:46:00,-126.75,8030.75
668,NIFTY15SEP2217900PE,65,BUY,129.1,09 Sep 2022 10:45:14,SELL,135.55,09 Sep 2022 11:05:44,419.25,7978.75
668,NIFTY15SEP2217950PE,65,SELL,153.5,09 Sep 2022 10:45:14,BUY,160.75,09 Sep 2022 11:06:00,-471.25,7978.75
669,NIFTY15SEP2217900PE,65,BUY,96.6,12 Sep 2022 10:45:14,SELL,101.4,12 Sep 2022 10:48:44,312,7985.25
669,NIFTY15SEP2217950PE,65,SELL,117.3,12 Sep 2022 10:45:14,BUY,122,12 Sep 2022 10:49:00,-305.5,7985.25
670,NIFTY15SEP2218050PE,65,BUY,95.5,13 Sep 2022 10:45:14,SELL,83.4,13 Sep 2022 11:56:29,-786.5,8134.75
670,NIFTY15SEP2218100PE,65,SELL,120.45,13 Sep 2022 10:45:14,BUY,106.05,13 Sep 2022 11:56:29,936,8134.75
671,NIFTY15SEP2217900PE,65,BUY,79.3,14 Sep 2022 10:45:14,SELL,67,14 Sep 2022 11:05:29,-799.5,8294
671,NIFTY15SEP2217950PE,65,SELL,102.5,14 Sep 2022 10:45:14,BUY,87.75,14 Sep 2022 11:05:29,958.75,8294
672,NIFTY15SEP2217850PE,65,BUY,35.9,15 Sep 2022 10:45:14,SELL,27.25,15 Sep 2022 10:47:29,-562.25,8430.5
672,NIFTY15SEP2217900PE,65,SELL,56,15 Sep 2022 10:45:14,BUY,45.25,15 Sep 2022 10:47:29,698.75,8430.5
673,NIFTY22SEP2217650PE,65,BUY,140.15,16 Sep 2022 10:45:14,SELL,147.15,16 Sep 2022 10:49:44,455,8736
673,NIFTY22SEP2217700PE,65,SELL,162.7,16 Sep 2022 10:45:14,BUY,165,16 Sep 2022 10:50:00,-149.5,8736
674,NIFTY22SEP2217600PE,65,BUY,122.9,19 Sep 2022 10:45:14,SELL,129,19 Sep 2022 10:49:44,396.5,8508.5
674,NIFTY22SEP2217650PE,65,SELL,144.15,19 Sep 2022 10:45:14,BUY,153.75,19 Sep 2022 10:50:00,-624,8508.5
675,NIFTY22SEP2217800PE,65,BUY,91.5,20 Sep 2022 10:45:14,SELL,80.25,20 Sep 2022 11:09:29,-731.25,8654.75
675,NIFTY22SEP2217850PE,65,SELL,112.75,20 Sep 2022 10:45:14,BUY,99.25,20 Sep 2022 11:09:29,877.5,8654.75
676,NIFTY22SEP2217750PE,65,BUY,94,21 Sep 2022 10:45:14,SELL,84,21 Sep 2022 10:53:29,-650,8784.75
676,NIFTY22SEP2217800PE,65,SELL,116,21 Sep 2022 10:45:14,BUY,104,21 Sep 2022 10:53:29,780,8784.75
677,NIFTY22SEP2217550PE,65,BUY,35.4,22 Sep 2022 10:45:14,SELL,28.6,22 Sep 2022 10:46:29,-442,8953.75
677,NIFTY22SEP2217600PE,65,SELL,54.6,22 Sep 2022 10:45:14,BUY,45.2,22 Sep 2022 10:46:29,611,8953.75
678,NIFTY29SEP2217400PE,65,BUY,159.3,23 Sep 2022 10:45:14,SELL,167.25,23 Sep 2022 11:16:44,516.75,8830.25
678,NIFTY29SEP2217450PE,65,SELL,182.2,23 Sep 2022 10:45:14,BUY,192.05,23 Sep 2022 11:17:00,-640.25,8830.25
679,NIFTY29SEP2217000PE,65,BUY,137,26 Sep 2022 10:45:14,SELL,143.85,26 Sep 2022 10:56:44,445.25,8755.5
679,NIFTY29SEP2217050PE,65,SELL,159.9,26 Sep 2022 10:45:14,BUY,167.9,26 Sep 2022 10:57:00,-520,8755.5
680,NIFTY29SEP2217000PE,65,BUY,110.8,27 Sep 2022 10:45:14,SELL,116.3,27 Sep 2022 10:46:44,357.5,8472.75
680,NIFTY29SEP2217050PE,65,SELL,133.5,27 Sep 2022 10:45:14,BUY,143.35,27 Sep 2022 10:47:00,-640.25,8472.75
681,NIFTY29SEP2216850PE,65,BUY,71.55,28 Sep 2022 10:45:14,SELL,75.1,28 Sep 2022 10:46:44,230.75,8469.5
681,NIFTY29SEP2216900PE,65,SELL,93.05,28 Sep 2022 10:45:14,BUY,96.65,28 Sep 2022 10:47:00,-234,8469.5
682,NIFTY29SEP2216900PE,65,BUY,37.95,29 Sep 2022 10:45:14,SELL,39.8,29 Sep 2022 10:45:44,120.25,8385
682,NIFTY29SEP2216950PE,65,SELL,59.65,29 Sep 2022 10:45:14,BUY,62.8,29 Sep 2022 10:46:00,-204.75,8385
683,NIFTY06OCT2216900PE,65,BUY,150.95,30 Sep 2022 10:45:14,SELL,158.45,30 Sep 2022 11:03:44,487.5,8268
683,NIFTY06OCT2216950PE,65,SELL,171.55,30 Sep 2022 10:45:14,BUY,180.85,30 Sep 2022 11:04:00,-604.5,8268
684,NIFTY06OCT2216900PE,65,BUY,120.2,03 Oct 2022 10:45:14,SELL,126.2,03 Oct 2022 11:00:44,390,8128.25
684,NIFTY06OCT2216950PE,65,SELL,140.55,03 Oct 2022 10:45:14,BUY,148.7,03 Oct 2022 11:01:00,-529.75,8128.25
685,NIFTY06OCT2217250PE,65,BUY,89.05,04 Oct 2022 10:45:14,SELL,93.5,04 Oct 2022 10:46:44,289.25,8014.5
685,NIFTY06OCT2217300PE,65,SELL,112.85,04 Oct 2022 10:45:14,BUY,119.05,04 Oct 2022 10:47:00,-403,8014.5
686,NIFTY06OCT2217350PE,65,BUY,24.3,06 Oct 2022 10:45:14,SELL,25.5,06 Oct 2022 10:45:44,78,8056.75
686,NIFTY06OCT2217400PE,65,SELL,43.5,06 Oct 2022 10:45:14,BUY,44.05,06 Oct 2022 10:46:00,-35.75,8056.75
687,NIFTY13OCT2217250PE,65,BUY,131.75,07 Oct 2022 10:45:14,SELL,138.3,07 Oct 2022 10:47:44,425.75,8008
687,NIFTY13OCT2217300PE,65,SELL,154.45,07 Oct 2022 10:45:14,BUY,161.75,07 Oct 2022 10:48:00,-474.5,8008
688,NIFTY13OCT2217050PE,65,BUY,105.95,10 Oct 2022 10:45:14,SELL,92.3,10 Oct 2022 11:14:00,-887.25,8147.75
688,NIFTY13OCT2217100PE,65,SELL,128.85,10 Oct 2022 10:45:14,BUY,113.05,10 Oct 2022 11:14:00,1027,8147.75
689,NIFTY13OCT2217100PE,65,BUY,88,11 Oct 2022 10:45:14,SELL,92.4,11 Oct 2022 10:52:44,286,8131.5
689,NIFTY13OCT2217150PE,65,SELL,110.05,11 Oct 2022 10:45:14,BUY,114.7,11 Oct 2022 10:53:00,-302.25,8131.5
690,NIFTY13OCT2216950PE,65,BUY,70.5,12 Oct 2022 10:45:14,SELL,74,12 Oct 2022 10:45:44,227.5,8151
690,NIFTY13OCT2217000PE,65,SELL,92.6,12 Oct 2022 10:45:14,BUY,95.8,12 Oct 2022 10:46:00,-208,8151
691,NIFTY13OCT2216950PE,65,BUY,22.6,13 Oct 2022 10:45:14,SELL,23.7,13 Oct 2022 10:45:44,71.5,8209.5
691,NIFTY13OCT2217000PE,65,SELL,39.7,13 Oct 2022 10:45:14,BUY,39.9,13 Oct 2022 10:46:00,-13,8209.5
692,NIFTY20OCT2217250PE,65,BUY,134.2,14 Oct 2022 10:45:14,SELL,121.15,14 Oct 2022 11:17:29,-848.25,8339.5
692,NIFTY20OCT2217300PE,65,SELL,157.55,14 Oct 2022 10:45:14,BUY,142.5,14 Oct 2022 11:17:29,978.25,8339.5
693,NIFTY20OCT2217250PE,65,BUY,115,17 Oct 2022 10:45:14,SELL,120.75,17 Oct 2022 10:47:44,373.75,8281
693,NIFTY20OCT2217300PE,65,SELL,138.2,17 Oct 2022 10:45:14,BUY,144.85,17 Oct 2022 10:48:00,-432.25,8281
694,NIFTY20OCT2217450PE,65,BUY,74.5,18 Oct 2022 10:45:14,SELL,78.2,18 Oct 2022 10:47:44,240.5,8258.25
694,NIFTY20OCT2217500PE,65,SELL,95.65,18 Oct 2022 10:45:14,BUY,99.7,18 Oct 2022 10:48:00,-263.25,8258.25
695,NIFTY20OCT2217550PE,65,BUY,53.55,19 Oct 2022 10:45:14,SELL,56.2,19 Oct 2022 10:53:44,172.25,8245.25
695,NIFTY20OCT2217600PE,65,SELL,74.9,19 Oct 2022 10:45:14,BUY,77.75,19 Oct 2022 10:54:00,-185.25,8245.25
696,NIFTY20OCT2217450PE,65,BUY,25.85,20 Oct 2022 10:45:14,SELL,27.1,20 Oct 2022 10:46:44,81.25,8375.25
696,NIFTY20OCT2217500PE,65,SELL,46.2,20 Oct 2022 10:45:14,BUY,45.45,20 Oct 2022 10:47:00,48.75,8375.25
697,NIFTY27OCT2217550PE,65,BUY,84.25,21 Oct 2022 10:45:14,SELL,88.45,21 Oct 2022 11:05:44,273,8355.75
697,NIFTY27OCT2217600PE,65,SELL,105.2,21 Oct 2022 10:45:14,BUY,109.7,21 Oct 2022 11:06:00,-292.5,8355.75
698,NIFTY27OCT2217650PE,65,BUY,51.05,25 Oct 2022 10:45:14,SELL,53.6,25 Oct 2022 11:00:44,165.75,8453.25
698,NIFTY27OCT2217700PE,65,SELL,71.85,25 Oct 2022 10:45:14,BUY,72.9,25 Oct 2022 11:01:00,-68.25,8453.25
699,NIFTY27OCT2217700PE,65,BUY,26.05,27 Oct 2022 10:45:14,SELL,27.35,27 Oct 2022 10:45:44,84.5,8495.5
699,NIFTY27OCT2217750PE,65,SELL,49.7,27 Oct 2022 10:45:14,BUY,50.35,27 Oct 2022 10:46:00,-42.25,8495.5
700,NIFTY03NOV2217800PE,65,BUY,128.5,28 Oct 2022 10:45:14,SELL,134.9,28 Oct 2022 11:15:44,416,8498.75
700,NIFTY03NOV2217850PE,65,SELL,152.5,28 Oct 2022 10:45:14,BUY,158.85,28 Oct 2022 11:16:00,-412.75,8498.75
701,NIFTY03NOV2217950PE,65,BUY,100.7,31 Oct 2022 10:45:14,SELL,88.2,31 Oct 2022 11:19:29,-812.5,8632
701,NIFTY03NOV2218000PE,65,SELL,125.55,31 Oct 2022 10:45:14,BUY,111,31 Oct 2022 11:19:29,945.75,8632
702,NIFTY03NOV2218150PE,65,BUY,85.75,01 Nov 2022 10:45:14,SELL,90,01 Nov 2022 11:02:44,276.25,8589.75
702,NIFTY03NOV2218200PE,65,SELL,109.65,01 Nov 2022 10:45:14,BUY,114.55,01 Nov 2022 11:03:00,-318.5,8589.75
703,NIFTY03NOV2218100PE,65,BUY,74.05,02 Nov 2022 10:45:14,SELL,77.75,02 Nov 2022 10:57:44,240.5,8479.25
703,NIFTY03NOV2218150PE,65,SELL,97.9,02 Nov 2022 10:45:14,BUY,103.3,02 Nov 2022 10:58:00,-351,8479.25
704,NIFTY03NOV2218100PE,65,BUY,48.7,03 Nov 2022 10:45:14,SELL,51.1,03 Nov 2022 10:45:44,156,8375.25
704,NIFTY03NOV2218150PE,65,SELL,80.95,03 Nov 2022 10:45:14,BUY,84.95,03 Nov 2022 10:46:00,-260,8375.25
705,NIFTY10NOV2218050PE,65,BUY,129.3,04 Nov 2022 10:45:14,SELL,110.55,04 Nov 2022 11:24:29,-1218.75,8544.25
705,NIFTY10NOV2218100PE,65,SELL,155.25,04 Nov 2022 10:45:14,BUY,133.9,04 Nov 2022 11:24:29,1387.75,8544.25
706,NIFTY10NOV2218150PE,65,BUY,94.95,07 Nov 2022 10:45:14,SELL,99.65,07 Nov 2022 10:46:44,305.5,8378.5
706,NIFTY10NOV2218200PE,65,SELL,121.75,07 Nov 2022 10:45:14,BUY,129,07 Nov 2022 10:47:00,-471.25,8378.5
707,NIFTY10NOV2218200PE,65,BUY,61.8,09 Nov 2022 10:45:14,SELL,64.85,09 Nov 2022 10:52:44,198.25,8186.75
707,NIFTY10NOV2218250PE,65,SELL,87.05,09 Nov 2022 10:45:14,BUY,93.05,09 Nov 2022 10:53:00,-390,8186.75
708,NIFTY10NOV2218050PE,65,BUY,33.65,10 Nov 2022 10:45:14,SELL,35.3,10 Nov 2022 10:47:44,107.25,8108.75
708,NIFTY10NOV2218100PE,65,SELL,65.55,10 Nov 2022 10:45:14,BUY,68.4,10 Nov 2022 10:48:00,-185.25,8108.75
709,NIFTY17NOV2218300PE,65,BUY,104,11 Nov 2022 10:45:14,SELL,87.3,11 Nov 2022 12:18:29,-1085.5,8287.5
709,NIFTY17NOV2218350PE,65,SELL,128.45,11 Nov 2022 10:45:14,BUY,109,11 Nov 2022 12:18:29,1264.25,8287.5
710,NIFTY17NOV2218350PE,65,BUY,92.05,14 Nov 2022 10:45:14,SELL,77.85,14 Nov 2022 13:06:29,-923,8424
710,NIFTY17NOV2218400PE,65,SELL,117.9,14 Nov 2022 10:45:14,BUY,101.6,14 Nov 2022 13:06:29,1059.5,8424
711,NIFTY17NOV2218300PE,65,BUY,75.4,15 Nov 2022 10:45:14,SELL,79.15,15 Nov 2022 11:07:44,243.75,8518.25
711,NIFTY17NOV2218350PE,65,SELL,101,15 Nov 2022 10:45:14,BUY,103.3,15 Nov 2022 11:08:00,-149.5,8518.25
712,NIFTY17NOV2218400PE,65,BUY,60.25,16 Nov 2022 10:45:14,SELL,53.65,16 Nov 2022 10:50:29,-429,8661.25
712,NIFTY17NOV2218450PE,65,SELL,85.75,16 Nov 2022 10:45:14,BUY,76.95,16 Nov 2022 10:50:29,572,8661.25
713,NIFTY17NOV2218350PE,65,BUY,17.75,17 Nov 2022 10:45:14,SELL,18.6,17 Nov 2022 10:45:44,55.25,8625.5
713,NIFTY17NOV2218400PE,65,SELL,40.95,17 Nov 2022 10:45:14,BUY,42.35,17 Nov 2022 10:46:00,-91,8625.5
714,NIFTY24NOV2218250PE,65,BUY,84.45,18 Nov 2022 10:45:14,SELL,88.65,18 Nov 2022 10:51:44,273,8625.5
714,NIFTY24NOV2218300PE,65,SELL,105.2,18 Nov 2022 10:45:14,BUY,109.4,18 Nov 2022 10:52:00,-273,8625.5
715,NIFTY24NOV2218150PE,65,BUY,74.3,21 Nov 2022 10:45:14,SELL,64.55,21 Nov 2022 11:06:29,-633.75,8755.5
715,NIFTY24NOV2218200PE,65,SELL,98.35,21 Nov 2022 10:45:14,BUY,86.6,21 Nov 2022 11:06:29,763.75,8755.5
716,NIFTY24NOV2218200PE,65,BUY,54.2,22 Nov 2022 10:45:14,SELL,56.9,22 Nov 2022 11:02:44,175.5,8612.5
716,NIFTY24NOV2218250PE,65,SELL,75.25,22 Nov 2022 10:45:14,BUY,80.15,22 Nov 2022 11:03:00,-318.5,8612.5
717,NIFTY24NOV2218250PE,65,BUY,38.1,23 Nov 2022 10:45:14,SELL,29.6,23 Nov 2022 11:35:29,-552.5,8749
717,NIFTY24NOV2218300PE,65,SELL,58.3,23 Nov 2022 10:45:14,BUY,47.7,23 Nov 2022 11:35:29,689,8749
718,NIFTY24NOV2218300PE,65,BUY,7.85,24 Nov 2022 10:45:14,SELL,8.2,24 Nov 2022 11:00:44,22.75,8648.25
718,NIFTY24NOV2218350PE,65,SELL,18.7,24 Nov 2022 10:45:14,BUY,20.6,24 Nov 2022 11:01:00,-123.5,8648.25
719,NIFTY01DEC2218600PE,65,BUY,141.75,25 Nov 2022 10:45:14,SELL,148.8,25 Nov 2022 10:50:44,458.25,8609.25
719,NIFTY01DEC2218650PE,65,SELL,174.65,25 Nov 2022 10:45:14,BUY,182.3,25 Nov 2022 10:51:00,-497.25,8609.25
720,NIFTY01DEC2218650PE,65,BUY,132.65,28 Nov 2022 10:45:14,SELL,119.1,28 Nov 2022 11:07:14,-880.75,8755.5
720,NIFTY01DEC2218700PE,65,SELL,167.8,28 Nov 2022 10:45:14,BUY,152,28 Nov 2022 11:07:14,1027,8755.5
721,NIFTY01DEC2218700PE,65,BUY,100,29 Nov 2022 10:45:14,SELL,89.6,29 Nov 2022 11:06:00,-676,8888.75
721,NIFTY01DEC2218750PE,65,SELL,133.85,29 Nov 2022 10:45:14,BUY,121.4,29 Nov 2022 11:06:00,809.25,8888.75
722,NIFTY01DEC2218700PE,65,BUY,98,30 Nov 2022 10:45:14,SELL,85.9,30 Nov 2022 11:07:29,-786.5,9044.75
722,NIFTY01DEC2218750PE,65,SELL,136.6,30 Nov 2022 10:45:14,BUY,122.1,30 Nov 2022 11:07:29,942.5,9044.75
723,NIFTY01DEC2218900PE,65,BUY,78.4,01 Dec 2022 10:45:14,SELL,58.8,01 Dec 2022 12:18:29,-1274,5781.75
723,NIFTY01DEC2218950PE,65,SELL,122.45,01 Dec 2022 10:45:14,BUY,153.05,01 Dec 2022 13:25:44,-1989,5781.75
724,NIFTY08DEC2218800PE,65,BUY,141.6,02 Dec 2022 10:45:14,SELL,148.65,02 Dec 2022 11:26:44,458.25,5486
724,NIFTY08DEC2218850PE,65,SELL,171.5,02 Dec 2022 10:45:14,BUY,183.1,02 Dec 2022 11:27:00,-754,5486
725,NIFTY08DEC2218700PE,65,BUY,121.7,05 Dec 2022 10:45:14,SELL,102.35,05 Dec 2022 11:15:29,-1257.75,5645.25
725,NIFTY08DEC2218750PE,65,SELL,153.1,05 Dec 2022 10:45:14,BUY,131.3,05 Dec 2022 11:15:29,1417,5645.25
726,NIFTY08DEC2218700PE,65,BUY,104.6,06 Dec 2022 10:45:14,SELL,109.8,06 Dec 2022 11:00:44,338,5401.5
726,NIFTY08DEC2218750PE,65,SELL,136.5,06 Dec 2022 10:45:14,BUY,145.45,06 Dec 2022 11:01:00,-581.75,5401.5
727,NIFTY08DEC2218700PE,65,BUY,99.25,07 Dec 2022 10:45:14,SELL,104.2,07 Dec 2022 10:46:44,321.75,5261.75
727,NIFTY08DEC2218750PE,65,SELL,134.55,07 Dec 2022 10:45:14,BUY,141.65,07 Dec 2022 10:47:00,-461.5,5261.75
728,NIFTY08DEC2218650PE,65,BUY,70.9,08 Dec 2022 10:45:14,SELL,74.4,08 Dec 2022 10:50:44,227.5,5109
728,NIFTY08DEC2218700PE,65,SELL,114.4,08 Dec 2022 10:45:14,BUY,120.25,08 Dec 2022 10:51:00,-380.25,5109
729,NIFTY15DEC2218650PE,65,BUY,115,09 Dec 2022 10:45:14,SELL,120.75,09 Dec 2022 10:45:44,373.75,4946.5
729,NIFTY15DEC2218700PE,65,SELL,144.25,09 Dec 2022 10:45:14,BUY,152.5,09 Dec 2022 10:46:00,-536.25,4946.5
730,NIFTY15DEC2218550PE,65,BUY,90.9,12 Dec 2022 10:45:14,SELL,95.4,12 Dec 2022 11:03:44,292.5,4858.75
730,NIFTY15DEC2218600PE,65,SELL,117.6,12 Dec 2022 10:45:14,BUY,123.45,12 Dec 2022 11:04:00,-380.25,4858.75
731,NIFTY15DEC2218550PE,65,BUY,82.05,13 Dec 2022 10:45:14,SELL,74.7,13 Dec 2022 10:56:29,-477.75,4988.75
731,NIFTY15DEC2218600PE,65,SELL,110.35,13 Dec 2022 10:45:14,BUY,101,13 Dec 2022 10:56:29,607.75,4988.75
732,NIFTY15DEC2218700PE,65,BUY,66.5,14 Dec 2022 10:45:14,SELL,55.8,14 Dec 2022 11:26:00,-695.5,5122
732,NIFTY15DEC2218750PE,65,SELL,94.85,14 Dec 2022 10:45:14,BUY,82.1,14 Dec 2022 11:26:00,828.75,5122
733,NIFTY15DEC2218600PE,65,BUY,37,15 Dec 2022 10:45:14,SELL,38.85,15 Dec 2022 10:54:44,120.25,5089.5
733,NIFTY15DEC2218650PE,65,SELL,73.6,15 Dec 2022 10:45:14,BUY,75.95,15 Dec 2022 10:55:00,-152.75,5089.5
734,NIFTY22DEC2218300PE,65,BUY,102,16 Dec 2022 10:45:14,SELL,107.1,16 Dec 2022 10:47:44,331.5,5031
734,NIFTY22DEC2218350PE,65,SELL,126.25,16 Dec 2022 10:45:14,BUY,132.25,16 Dec 2022 10:48:00,-390,5031
735,NIFTY22DEC2218350PE,65,BUY,82.7,19 Dec 2022 10:45:14,SELL,86.8,19 Dec 2022 10:53:44,266.5,4878.25
735,NIFTY22DEC2218400PE,65,SELL,107.3,19 Dec 2022 10:45:14,BUY,113.75,19 Dec 2022 10:54:00,-419.25,4878.25
736,NIFTY22DEC2218200PE,65,BUY,67.6,20 Dec 2022 10:45:14,SELL,70.95,20 Dec 2022 10:46:44,217.75,4992
736,NIFTY22DEC2218250PE,65,SELL,90.2,20 Dec 2022 10:45:14,BUY,91.8,20 Dec 2022 10:47:00,-104,4992
737,NIFTY22DEC2218350PE,65,BUY,59.2,21 Dec 2022 10:45:14,SELL,62.15,21 Dec 2022 10:49:44,191.75,4865.25
737,NIFTY22DEC2218400PE,65,SELL,84.35,21 Dec 2022 10:45:14,BUY,89.25,21 Dec 2022 10:50:00,-318.5,4865.25
738,NIFTY22DEC2218150PE,65,BUY,53.6,22 Dec 2022 10:45:14,SELL,46.05,22 Dec 2022 10:46:29,-490.75,5014.75
738,NIFTY22DEC2218200PE,65,SELL,81.95,22 Dec 2022 10:45:14,BUY,72.1,22 Dec 2022 10:46:29,640.25,5014.75
739,NIFTY29DEC2217950PE,65,BUY,111.3,23 Dec 2022 10:45:14,SELL,116.85,23 Dec 2022 10:55:44,360.75,5216.25
739,NIFTY29DEC2218000PE,65,SELL,133.35,23 Dec 2022 10:45:14,BUY,135.8,23 Dec 2022 10:56:00,-159.25,5216.25
740,NIFTY29DEC2217900PE,65,BUY,81.6,26 Dec 2022 10:45:14,SELL,68.4,26 Dec 2022 11:00:14,-858,5365.75
740,NIFTY29DEC2217950PE,65,SELL,101.2,26 Dec 2022 10:45:14,BUY,85.7,26 Dec 2022 11:00:14,1007.5,5365.75
741,NIFTY29DEC2218000PE,65,BUY,76.15,27 Dec 2022 10:45:14,SELL,79.95,27 Dec 2022 10:46:44,247,5261.75
741,NIFTY29DEC2218050PE,65,SELL,98.1,27 Dec 2022 10:45:14,BUY,103.5,27 Dec 2022 10:47:00,-351,5261.75
742,NIFTY29DEC2218050PE,65,BUY,41.95,28 Dec 2022 10:45:14,SELL,36.5,28 Dec 2022 10:54:29,-354.25,5398.25
742,NIFTY29DEC2218100PE,65,SELL,59.9,28 Dec 2022 10:45:14,BUY,52.35,28 Dec 2022 10:54:29,490.75,5398.25
743,NIFTY29DEC2217950PE,65,BUY,14.2,29 Dec 2022 10:45:14,SELL,14.9,29 Dec 2022 10:45:44,45.5,5424.25
743,NIFTY29DEC2218000PE,65,SELL,29.75,29 Dec 2022 10:45:14,BUY,30.05,29 Dec 2022 10:46:00,-19.5,5424.25
744,NIFTY05JAN2318300PE,65,BUY,132.45,30 Dec 2022 10:45:14,SELL,139.05,30 Dec 2022 10:55:44,429,5323.5
744,NIFTY05JAN2318350PE,65,SELL,161,30 Dec 2022 10:45:14,BUY,169.15,30 Dec 2022 10:56:00,-529.75,5323.5
745,NIFTY05JAN2318200PE,65,BUY,102.6,02 Jan 2023 10:45:14,SELL,107.7,02 Jan 2023 11:58:44,331.5,5356
745,NIFTY05JAN2318250PE,65,SELL,129.75,02 Jan 2023 10:45:14,BUY,134.35,02 Jan 2023 11:59:00,-299,5356
746,NIFTY05JAN2318250PE,65,BUY,92.4,03 Jan 2023 10:45:14,SELL,80.6,03 Jan 2023 11:19:14,-767,5492.5
746,NIFTY05JAN2318300PE,65,SELL,120.9,03 Jan 2023 10:45:14,BUY,107,03 Jan 2023 11:19:14,903.5,5492.5
747,NIFTY05JAN2318150PE,65,BUY,67.5,04 Jan 2023 10:45:14,SELL,70.85,04 Jan 2023 10:45:44,217.75,5411.25
747,NIFTY05JAN2318200PE,65,SELL,96.1,04 Jan 2023 10:45:14,BUY,100.7,04 Jan 2023 10:46:00,-299,5411.25
748,NIFTY05JAN2318100PE,65,BUY,67.65,05 Jan 2023 10:45:14,SELL,71,05 Jan 2023 10:45:44,217.75,5274.75
748,NIFTY05JAN2318150PE,65,SELL,104.9,05 Jan 2023 10:45:14,BUY,110.35,05 Jan 2023 10:46:00,-354.25,5274.75
749,NIFTY12JAN2317950PE,65,BUY,109.7,06 Jan 2023 10:45:14,SELL,115.15,06 Jan 2023 10:59:44,354.25,5330
749,NIFTY12JAN2318000PE,65,SELL,135,06 Jan 2023 10:45:14,BUY,139.6,06 Jan 2023 11:00:00,-299,5330
750,NIFTY12JAN2318150PE,65,BUY,109.85,09 Jan 2023 10:45:14,SELL,97.9,09 Jan 2023 11:07:29,-776.75,5460
750,NIFTY12JAN2318200PE,65,SELL,139.15,09 Jan 2023 10:45:14,BUY,125.2,09 Jan 2023 11:07:29,906.75,5460
751,NIFTY12JAN2318000PE,65,BUY,99.9,10 Jan 2023 10:45:14,SELL,104.85,10 Jan 2023 10:45:44,321.75,5385.25
751,NIFTY12JAN2318050PE,65,SELL,129.65,10 Jan 2023 10:45:14,BUY,135.75,10 Jan 2023 10:46:00,-396.5,5385.25
752,NIFTY12JAN2318000PE,65,BUY,90.9,11 Jan 2023 10:45:14,SELL,95.4,11 Jan 2023 10:49:44,292.5,5161
752,NIFTY12JAN2318050PE,65,SELL,121.55,11 Jan 2023 10:45:14,BUY,129.5,11 Jan 2023 10:50:00,-516.75,5161
753,NIFTY12JAN2317850PE,65,BUY,55.35,12 Jan 2023 10:45:14,SELL,58.1,12 Jan 2023 10:50:44,178.75,4904.25
753,NIFTY12JAN2317900PE,65,SELL,88.4,12 Jan 2023 10:45:14,BUY,95.1,12 Jan 2023 10:51:00,-435.5,4904.25
754,NIFTY19JAN2317850PE,65,BUY,125.95,13 Jan 2023 10:45:14,SELL,132.2,13 Jan 2023 10:59:44,406.25,5073.25
754,NIFTY19JAN2317900PE,65,SELL,152.05,13 Jan 2023 10:45:14,BUY,155.7,13 Jan 2023 11:00:00,-237.25,5073.25
755,NIFTY19JAN2317950PE,65,BUY,83.6,16 Jan 2023 10:45:14,SELL,87.75,16 Jan 2023 10:51:44,269.75,5079.75
755,NIFTY19JAN2318000PE,65,SELL,106.5,16 Jan 2023 10:45:14,BUY,110.55,16 Jan 2023 10:52:00,-263.25,5079.75
756,NIFTY19JAN2318000PE,65,BUY,71.8,17 Jan 2023 10:45:14,SELL,75.35,17 Jan 2023 10:47:44,230.75,4953
756,NIFTY19JAN2318050PE,65,SELL,95.75,17 Jan 2023 10:45:14,BUY,101.25,17 Jan 2023 10:48:00,-357.5,4953
757,NIFTY19JAN2318100PE,65,BUY,53,18 Jan 2023 10:45:14,SELL,55.65,18 Jan 2023 10:45:44,172.25,4923.75
757,NIFTY19JAN2318150PE,65,SELL,76.35,18 Jan 2023 10:45:14,BUY,79.45,18 Jan 2023 10:46:00,-201.5,4923.75
758,NIFTY19JAN2318100PE,65,BUY,32.9,19 Jan 2023 10:45:14,SELL,28.25,19 Jan 2023 10:50:29,-302.25,5096
758,NIFTY19JAN2318150PE,65,SELL,61.5,19 Jan 2023 10:45:14,BUY,54.2,19 Jan 2023 10:50:29,474.5,5096
759,NIFTY25JAN2318100PE,65,BUY,67.65,20 Jan 2023 10:45:14,SELL,71,20 Jan 2023 10:52:44,217.75,4923.75
759,NIFTY25JAN2318150PE,65,SELL,88.25,20 Jan 2023 10:45:14,BUY,94.25,20 Jan 2023 10:53:00,-390,4923.75
760,NIFTY25JAN2318100PE,65,BUY,44.95,23 Jan 2023 10:45:14,SELL,47.15,23 Jan 2023 11:55:44,143,4897.75
760,NIFTY25JAN2318150PE,65,SELL,63.95,23 Jan 2023 10:45:14,BUY,66.55,23 Jan 2023 11:56:00,-169,4897.75
761,NIFTY25JAN2318150PE,65,BUY,33.55,24 Jan 2023 10:45:14,SELL,35.2,24 Jan 2023 10:47:44,107.25,4907.5
761,NIFTY25JAN2318200PE,65,SELL,54.75,24 Jan 2023 10:45:14,BUY,56.25,24 Jan 2023 10:48:00,-97.5,4907.5
762,NIFTY25JAN2317850PE,65,BUY,10.7,25 Jan 2023 10:45:14,SELL,11.2,25 Jan 2023 10:48:44,32.5,4933.5
762,NIFTY25JAN2317900PE,65,SELL,25.9,25 Jan 2023 10:45:14,BUY,26,25 Jan 2023 10:49:00,-6.5,4933.5
763,NIFTY02FEB2317800PE,65,BUY,197.95,27 Jan 2023 10:45:14,SELL,207.8,27 Jan 2023 10:45:44,640.25,4654
763,NIFTY02FEB2317850PE,65,SELL,224.9,27 Jan 2023 10:45:14,BUY,239.05,27 Jan 2023 10:46:00,-919.75,4654
764,NIFTY02FEB2317600PE,65,BUY,189,30 Jan 2023 10:45:14,SELL,151.25,30 Jan 2023 11:53:29,-2453.75,4800.25
764,NIFTY02FEB2317650PE,65,SELL,214.25,30 Jan 2023 10:45:14,BUY,174.25,30 Jan 2023 11:53:29,2600,4800.25
765,NIFTY02FEB2317700PE,65,BUY,178.65,31 Jan 2023 10:45:14,SELL,187.55,31 Jan 2023 10:47:44,578.5,4800.25
765,NIFTY02FEB2317750PE,65,SELL,207.4,31 Jan 2023 10:45:14,BUY,216.3,31 Jan 2023 10:48:00,-578.5,4800.25
766,NIFTY02FEB2317850PE,65,BUY,139.95,01 Feb 2023 10:45:14,SELL,127.2,01 Feb 2023 10:49:29,-828.75,4946.5
766,NIFTY02FEB2317900PE,65,SELL,168,01 Feb 2023 10:45:14,BUY,153,01 Feb 2023 10:49:29,975,4946.5
767,NIFTY02FEB2317600PE,65,BUY,73.4,02 Feb 2023 10:45:14,SELL,77.05,02 Feb 2023 10:45:44,237.25,4556.5
767,NIFTY02FEB2317650PE,65,SELL,105.25,02 Feb 2023 10:45:14,BUY,114.9,02 Feb 2023 10:46:00,-627.25,4556.5
768,NIFTY09FEB2317600PE,65,BUY,145,03 Feb 2023 10:45:14,SELL,116.4,03 Feb 2023 10:49:29,-1859,4728.75
768,NIFTY09FEB2317650PE,65,SELL,169.8,03 Feb 2023 10:45:14,BUY,138.55,03 Feb 2023 10:49:29,2031.25,4728.75
769,NIFTY09FEB2317700PE,65,BUY,99.35,06 Feb 2023 10:45:14,SELL,104.3,06 Feb 2023 10:45:44,321.75,4699.5
769,NIFTY09FEB2317750PE,65,SELL,122.7,06 Feb 2023 10:45:14,BUY,128.1,06 Feb 2023 10:46:00,-351,4699.5
770,NIFTY09FEB2317800PE,65,BUY,99.85,07 Feb 2023 10:45:14,SELL,104.8,07 Feb 2023 10:55:44,321.75,4403.75
770,NIFTY09FEB2317850PE,65,SELL,127.5,07 Feb 2023 10:45:14,BUY,137,07 Feb 2023 10:56:00,-617.5,4403.75
771,NIFTY09FEB2317800PE,65,BUY,64.95,08 Feb 2023 10:45:14,SELL,68.15,08 Feb 2023 10:48:44,208,4465.5
771,NIFTY09FEB2317850PE,65,SELL,90.15,08 Feb 2023 10:45:14,BUY,92.4,08 Feb 2023 10:49:00,-146.25,4465.5
772,NIFTY09FEB2317850PE,65,BUY,27.3,09 Feb 2023 10:45:14,SELL,28.65,09 Feb 2023 10:45:44,87.75,4572.75
772,NIFTY09FEB2317900PE,65,SELL,53.85,09 Feb 2023 10:45:14,BUY,53.55,09 Feb 2023 10:46:00,19.5,4572.75
773,NIFTY16FEB2317800PE,65,BUY,80.75,10 Feb 2023 10:45:14,SELL,69.35,10 Feb 2023 11:05:29,-741,4715.75
773,NIFTY16FEB2317850PE,65,SELL,102.4,10 Feb 2023 10:45:14,BUY,88.8,10 Feb 2023 11:05:29,884,4715.75
774,NIFTY16FEB2317750PE,65,BUY,77,13 Feb 2023 10:45:14,SELL,66.9,13 Feb 2023 11:14:29,-656.5,4855.5
774,NIFTY16FEB2317800PE,65,SELL,100.7,13 Feb 2023 10:45:14,BUY,88.45,13 Feb 2023 11:14:29,796.25,4855.5
775,NIFTY16FEB2317800PE,65,BUY,54.9,14 Feb 2023 10:45:14,SELL,57.6,14 Feb 2023 10:49:44,175.5,4741.75
775,NIFTY16FEB2317850PE,65,SELL,76.65,14 Feb 2023 10:45:14,BUY,81.1,14 Feb 2023 10:50:00,-289.25,4741.75
776,NIFTY16FEB2317900PE,65,BUY,45.6,15 Feb 2023 10:45:14,SELL,40.15,15 Feb 2023 11:10:29,-354.25,4871.75
776,NIFTY16FEB2317950PE,65,SELL,69.95,15 Feb 2023 10:45:14,BUY,62.5,15 Feb 2023 11:10:29,484.25,4871.75
777,NIFTY16FEB2318100PE,65,BUY,25.7,16 Feb 2023 10:45:14,SELL,23.15,16 Feb 2023 10:46:29,-165.75,5018
777,NIFTY16FEB2318150PE,65,SELL,55,16 Feb 2023 10:45:14,BUY,50.2,16 Feb 2023 10:46:29,312,5018
778,NIFTY23FEB2317950PE,65,BUY,71,17 Feb 2023 10:45:14,SELL,74.55,17 Feb 2023 10:59:44,230.75,4797
778,NIFTY23FEB2318000PE,65,SELL,91.7,17 Feb 2023 10:45:14,BUY,98.65,17 Feb 2023 11:00:00,-451.75,4797
779,NIFTY23FEB2317900PE,65,BUY,54.25,20 Feb 2023 10:45:14,SELL,56.95,20 Feb 2023 10:50:44,175.5,4927
779,NIFTY23FEB2317950PE,65,SELL,73.95,20 Feb 2023 10:45:14,BUY,74.65,20 Feb 2023 10:51:00,-45.5,4927
780,NIFTY23FEB2317850PE,65,BUY,51.8,21 Feb 2023 10:45:14,SELL,54.35,21 Feb 2023 10:55:44,165.75,4813.25
780,NIFTY23FEB2317900PE,65,SELL,72.85,21 Feb 2023 10:45:14,BUY,77.15,21 Feb 2023 10:56:00,-279.5,4813.25
781,NIFTY23FEB2317600PE,65,BUY,34.4,22 Feb 2023 10:45:14,SELL,36.1,22 Feb 2023 10:51:44,110.5,4904.25
781,NIFTY23FEB2317650PE,65,SELL,53.85,22 Feb 2023 10:45:14,BUY,54.15,22 Feb 2023 10:52:00,-19.5,4904.25
782,NIFTY23FEB2317550PE,65,BUY,15.6,23 Feb 2023 10:45:14,SELL,16.35,23 Feb 2023 10:45:44,48.75,4722.25
782,NIFTY23FEB2317600PE,65,SELL,32.1,23 Feb 2023 10:45:14,BUY,35.65,23 Feb 2023 10:46:00,-230.75,4722.25
783,NIFTY02MAR2317600PE,65,BUY,132.4,24 Feb 2023 10:45:14,SELL,139,24 Feb 2023 10:46:44,429,4611.75
783,NIFTY02MAR2317650PE,65,SELL,161.55,24 Feb 2023 10:45:14,BUY,169.85,24 Feb 2023 10:47:00,-539.5,4611.75
784,NIFTY02MAR2317350PE,65,BUY,101.2,27 Feb 2023 10:45:14,SELL,106.25,27 Feb 2023 10:47:44,328.25,4621.5
784,NIFTY02MAR2317400PE,65,SELL,128.45,27 Feb 2023 10:45:14,BUY,133.35,27 Feb 2023 10:48:00,-318.5,4621.5
785,NIFTY02MAR2317400PE,65,BUY,99,28 Feb 2023 10:45:14,SELL,103.95,28 Feb 2023 10:46:44,321.75,4527.25
785,NIFTY02MAR2317450PE,65,SELL,128.1,28 Feb 2023 10:45:14,BUY,134.5,28 Feb 2023 10:47:00,-416,4527.25
786,NIFTY02MAR2317450PE,65,BUY,75.75,01 Mar 2023 10:45:14,SELL,79.5,01 Mar 2023 10:46:44,243.75,4650.75
786,NIFTY02MAR2317500PE,65,SELL,107.7,01 Mar 2023 10:45:14,BUY,109.55,01 Mar 2023 10:47:00,-120.25,4650.75
787,NIFTY02MAR2317400PE,65,BUY,40.65,02 Mar 2023 10:45:14,SELL,42.65,02 Mar 2023 10:46:44,130,4517.5
787,NIFTY02MAR2317450PE,65,SELL,76.45,02 Mar 2023 10:45:14,BUY,80.5,02 Mar 2023 10:47:00,-263.25,4517.5
788,NIFTY09MAR2317550PE,65,BUY,89.45,03 Mar 2023 10:45:14,SELL,77.35,03 Mar 2023 11:23:29,-786.5,4696.25
788,NIFTY09MAR2317600PE,65,SELL,116.3,03 Mar 2023 10:45:14,BUY,101.45,03 Mar 2023 11:23:29,965.25,4696.25
789,NIFTY09MAR2317800PE,65,BUY,74.1,06 Mar 2023 10:45:14,SELL,77.8,06 Mar 2023 10:58:44,240.5,4618.25
789,NIFTY09MAR2317850PE,65,SELL,102.85,06 Mar 2023 10:45:14,BUY,107.75,06 Mar 2023 10:59:00,-318.5,4618.25
790,NIFTY09MAR2317700PE,65,BUY,62.1,08 Mar 2023 10:45:14,SELL,65.2,08 Mar 2023 11:05:44,201.5,4335.5
790,NIFTY09MAR2317750PE,65,SELL,90.5,08 Mar 2023 10:45:14,BUY,97.95,08 Mar 2023 11:06:00,-484.25,4335.5
791,NIFTY09MAR2317650PE,65,BUY,15.6,09 Mar 2023 10:45:14,SELL,13.8,09 Mar 2023 10:45:29,-117,4468.75
791,NIFTY09MAR2317700PE,65,SELL,38.95,09 Mar 2023 10:45:14,BUY,35.1,09 Mar 2023 10:45:29,250.25,4468.75
792,NIFTY16MAR2317400PE,65,BUY,101.3,10 Mar 2023 10:45:14,SELL,89.85,10 Mar 2023 11:10:00,-744.25,4615
792,NIFTY16MAR2317450PE,65,SELL,125.65,10 Mar 2023 10:45:14,BUY,111.95,10 Mar 2023 11:10:00,890.5,4615
793,NIFTY16MAR2317400PE,65,BUY,73.3,13 Mar 2023 10:45:14,SELL,64.05,13 Mar 2023 10:49:29,-601.25,4745
793,NIFTY16MAR2317450PE,65,SELL,95.3,13 Mar 2023 10:45:14,BUY,84.05,13 Mar 2023 10:49:29,731.25,4745
794,NIFTY16MAR2317100PE,65,BUY,98,14 Mar 2023 10:45:14,SELL,102.9,14 Mar 2023 10:51:44,318.5,4689.75
794,NIFTY16MAR2317150PE,65,SELL,120.8,14 Mar 2023 10:45:14,BUY,126.55,14 Mar 2023 10:52:00,-373.75,4689.75
795,NIFTY16MAR2317100PE,65,BUY,61.7,15 Mar 2023 10:45:14,SELL,64.75,15 Mar 2023 10:46:44,198.25,4793.75
795,NIFTY16MAR2317150PE,65,SELL,86,15 Mar 2023 10:45:14,BUY,87.45,15 Mar 2023 10:47:00,-94.25,4793.75
796,NIFTY16MAR2317000PE,65,BUY,52.5,16 Mar 2023 10:45:14,SELL,55.1,16 Mar 2023 10:45:44,169,4735.25
796,NIFTY16MAR2317050PE,65,SELL,81.8,16 Mar 2023 10:45:14,BUY,85.3,16 Mar 2023 10:46:00,-227.5,4735.25
797,NIFTY23MAR2317050PE,65,BUY,118.65,17 Mar 2023 10:45:14,SELL,124.55,17 Mar 2023 10:50:44,383.5,4702.75
797,NIFTY23MAR2317100PE,65,SELL,141.15,17 Mar 2023 10:45:14,BUY,147.55,17 Mar 2023 10:51:00,-416,4702.75
798,NIFTY23MAR2316900PE,65,BUY,114.3,20 Mar 2023 10:45:14,SELL,98.15,20 Mar 2023 10:55:29,-1049.75,4839.25
798,NIFTY23MAR2316950PE,65,SELL,138.8,20 Mar 2023 10:45:14,BUY,120.55,20 Mar 2023 10:55:29,1186.25,4839.25
799,NIFTY23MAR2317050PE,65,BUY,89.25,21 Mar 2023 10:45:14,SELL,93.7,21 Mar 2023 10:57:44,289.25,4784
799,NIFTY23MAR2317100PE,65,SELL,112.25,21 Mar 2023 10:45:14,BUY,117.55,21 Mar 2023 10:58:00,-344.5,4784
800,NIFTY23MAR2317100PE,65,BUY,62.05,22 Mar 2023 10:45:14,SELL,56,22 Mar 2023 10:48:29,-393.25,4920.5
800,NIFTY23MAR2317150PE,65,SELL,84.4,22 Mar 2023 10:45:14,BUY,76.25,22 Mar 2023 10:48:29,529.75,4920.5
801,NIFTY23MAR2317150PE,65,BUY,36.35,23 Mar 2023 10:45:14,SELL,38.15,23 Mar 2023 10:45:44,117,4832.75
801,NIFTY23MAR2317200PE,65,SELL,63.9,23 Mar 2023 10:45:14,BUY,67.05,23 Mar 2023 10:46:00,-204.75,4832.75
802,NIFTY29MAR2317000PE,65,BUY,99.6,24 Mar 2023 10:45:14,SELL,89.85,24 Mar 2023 10:57:00,-633.75,4962.75
802,NIFTY29MAR2317050PE,65,SELL,122.55,24 Mar 2023 10:45:14,BUY,110.8,24 Mar 2023 10:57:00,763.75,4962.75
803,NIFTY29MAR2316950PE,65,BUY,76.35,27 Mar 2023 10:45:14,SELL,66,27 Mar 2023 10:57:29,-672.75,5092.75
803,NIFTY29MAR2317000PE,65,SELL,97.1,27 Mar 2023 10:45:14,BUY,84.75,27 Mar 2023 10:57:29,802.75,5092.75
804,NIFTY29MAR2316950PE,65,BUY,60.4,28 Mar 2023 10:45:14,SELL,63.4,28 Mar 2023 10:56:44,195,4998.5
804,NIFTY29MAR2317000PE,65,SELL,83.1,28 Mar 2023 10:45:14,BUY,87.55,28 Mar 2023 10:57:00,-289.25,4998.5
805,NIFTY29MAR2317000PE,65,BUY,21.6,29 Mar 2023 10:45:14,SELL,22.65,29 Mar 2023 10:45:44,68.25,4949.75
805,NIFTY29MAR2317050PE,65,SELL,42.2,29 Mar 2023 10:45:14,BUY,44,29 Mar 2023 10:46:00,-117,4949.75
806,NIFTY06APR2317300PE,65,BUY,123.35,31 Mar 2023 10:45:14,SELL,109.7,31 Mar 2023 11:40:14,-887.25,5099.25
806,NIFTY06APR2317350PE,65,SELL,151.95,31 Mar 2023 10:45:14,BUY,136,31 Mar 2023 11:40:14,1036.75,5099.25
807,NIFTY06APR2317350PE,65,BUY,93,03 Apr 2023 10:45:14,SELL,97.65,03 Apr 2023 11:10:44,302.25,4966
807,NIFTY06APR2317400PE,65,SELL,119.4,03 Apr 2023 10:45:14,BUY,126.1,03 Apr 2023 11:11:00,-435.5,4966
808,NIFTY06APR2317550PE,65,BUY,85.7,05 Apr 2023 10:45:14,SELL,89.95,05 Apr 2023 10:45:44,276.25,4741.75
808,NIFTY06APR2317600PE,65,SELL,118.15,05 Apr 2023 10:45:14,BUY,125.85,05 Apr 2023 10:46:00,-500.5,4741.75
809,NIFTY06APR2317600PE,65,BUY,33,06 Apr 2023 10:45:14,SELL,34.65,06 Apr 2023 10:45:44,107.25,4670.25
809,NIFTY06APR2317650PE,65,SELL,65.45,06 Apr 2023 10:45:14,BUY,68.2,06 Apr 2023 10:46:00,-178.75,4670.25
810,NIFTY13APR2317650PE,65,BUY,83.25,10 Apr 2023 10:45:14,SELL,87.4,10 Apr 2023 10:51:44,269.75,4416.75
810,NIFTY13APR2317700PE,65,SELL,111.25,10 Apr 2023 10:45:14,BUY,119.3,10 Apr 2023 10:52:00,-523.25,4416.75
811,NIFTY13APR2317750PE,65,BUY,75,11 Apr 2023 10:45:14,SELL,78.75,11 Apr 2023 10:54:44,243.75,4306.25
811,NIFTY13APR2317800PE,65,SELL,106.05,11 Apr 2023 10:45:14,BUY,111.5,11 Apr 2023 10:55:00,-354.25,4306.25
812,NIFTY13APR2317750PE,65,BUY,52.75,12 Apr 2023 10:45:14,SELL,47.95,12 Apr 2023 10:49:29,-312,4442.75
812,NIFTY13APR2317800PE,65,SELL,82.55,12 Apr 2023 10:45:14,BUY,75.65,12 Apr 2023 10:49:29,448.5,4442.75
813,NIFTY13APR2317800PE,65,BUY,34.3,13 Apr 2023 10:45:14,SELL,36,13 Apr 2023 10:45:44,110.5,4342
813,NIFTY13APR2317850PE,65,SELL,67,13 Apr 2023 10:45:14,BUY,70.25,13 Apr 2023 10:46:00,-211.25,4342
814,NIFTY20APR2317650PE,65,BUY,71.1,17 Apr 2023 10:45:14,SELL,56.8,17 Apr 2023 10:48:29,-929.5,4543.5
814,NIFTY20APR2317700PE,65,SELL,95.15,17 Apr 2023 10:45:14,BUY,77.75,17 Apr 2023 10:48:29,1131,4543.5
815,NIFTY20APR2317650PE,65,BUY,45.75,18 Apr 2023 10:45:14,SELL,48,18 Apr 2023 10:47:44,146.25,4517.5
815,NIFTY20APR2317700PE,65,SELL,67.05,18 Apr 2023 10:45:14,BUY,69.7,18 Apr 2023 10:48:00,-172.25,4517.5
816,NIFTY20APR2317650PE,65,BUY,53.5,19 Apr 2023 10:45:14,SELL,47,19 Apr 2023 10:55:29,-422.5,4680
816,NIFTY20APR2317700PE,65,SELL,84.2,19 Apr 2023 10:45:14,BUY,75.2,19 Apr 2023 10:55:29,585,4680
817,NIFTY20APR2317600PE,65,BUY,32.6,20 Apr 2023 10:45:14,SELL,27.05,20 Apr 2023 10:46:29,-360.75,4871.75
817,NIFTY20APR2317650PE,65,SELL,64.85,20 Apr 2023 10:45:14,BUY,56.35,20 Apr 2023 10:46:29,552.5,4871.75
818,NIFTY27APR2317550PE,65,BUY,57.8,21 Apr 2023 10:45:14,SELL,60.65,21 Apr 2023 10:46:44,185.25,4758
818,NIFTY27APR2317600PE,65,SELL,77.2,21 Apr 2023 10:45:14,BUY,81.8,21 Apr 2023 10:47:00,-299,4758
819,NIFTY27APR2317600PE,65,BUY,49.6,24 Apr 2023 10:45:14,SELL,41.65,24 Apr 2023 11:15:29,-516.75,4901
819,NIFTY27APR2317650PE,65,SELL,69.6,24 Apr 2023 10:45:14,BUY,59.45,24 Apr 2023 11:15:29,659.75,4901
820,NIFTY27APR2317750PE,65,BUY,42.05,25 Apr 2023 10:45:14,SELL,44.15,25 Apr 2023 10:57:44,136.5,4793.75
820,NIFTY27APR2317800PE,65,SELL,64.25,25 Apr 2023 10:45:14,BUY,68,25 Apr 2023 10:58:00,-243.75,4793.75
821,NIFTY27APR2317700PE,65,BUY,22.45,26 Apr 2023 10:45:14,SELL,23.55,26 Apr 2023 10:45:44,71.5,4706
821,NIFTY27APR2317750PE,65,SELL,38.8,26 Apr 2023 10:45:14,BUY,41.25,26 Apr 2023 10:46:00,-159.25,4706
822,NIFTY27APR2317800PE,65,BUY,15.05,27 Apr 2023 10:45:14,SELL,15.8,27 Apr 2023 10:45:44,48.75,4764.5
822,NIFTY27APR2317850PE,65,SELL,35.45,27 Apr 2023 10:45:14,BUY,35.3,27 Apr 2023 10:46:00,9.75,4764.5
823,NIFTY04MAY2317950PE,65,BUY,87.85,28 Apr 2023 10:45:14,SELL,76,28 Apr 2023 10:49:29,-770.25,4904.25
823,NIFTY04MAY2318000PE,65,SELL,115.35,28 Apr 2023 10:45:14,BUY,101.35,28 Apr 2023 10:49:29,910,4904.25
824,NIFTY04MAY2318150PE,65,BUY,55.65,02 May 2023 10:45:14,SELL,49.3,02 May 2023 11:00:29,-412.75,5037.5
824,NIFTY04MAY2318200PE,65,SELL,81.2,02 May 2023 10:45:14,BUY,72.8,02 May 2023 11:00:29,546,5037.5
825,NIFTY04MAY2318100PE,65,BUY,44,03 May 2023 10:45:14,SELL,46.2,03 May 2023 10:56:44,143,5092.75
825,NIFTY04MAY2318150PE,65,SELL,70.05,03 May 2023 10:45:14,BUY,71.4,03 May 2023 10:57:00,-87.75,5092.75
826,NIFTY04MAY2318150PE,65,BUY,30,04 May 2023 10:45:14,SELL,31.5,04 May 2023 10:46:44,97.5,5083
826,NIFTY04MAY2318200PE,65,SELL,64.55,04 May 2023 10:45:14,BUY,66.2,04 May 2023 10:47:00,-107.25,5083
827,NIFTY11MAY2318200PE,65,BUY,66.2,05 May 2023 10:45:14,SELL,69.5,05 May 2023 11:01:44,214.5,4793.75
827,NIFTY11MAY2318250PE,65,SELL,89.45,05 May 2023 10:45:14,BUY,97.2,05 May 2023 11:02:00,-503.75,4793.75
828,NIFTY11MAY2318250PE,65,BUY,69,08 May 2023 10:45:14,SELL,72.45,08 May 2023 10:51:44,224.25,4641
828,NIFTY11MAY2318300PE,65,SELL,94.4,08 May 2023 10:45:14,BUY,100.2,08 May 2023 10:52:00,-377,4641
829,NIFTY11MAY2318350PE,65,BUY,64.6,09 May 2023 10:45:14,SELL,67.8,09 May 2023 11:23:44,208,4563
829,NIFTY11MAY2318400PE,65,SELL,92.5,09 May 2023 10:45:14,BUY,96.9,09 May 2023 11:24:00,-286,4563
830,NIFTY11MAY2318250PE,65,BUY,55.35,10 May 2023 10:45:14,SELL,58.1,10 May 2023 10:45:44,178.75,4475.25
830,NIFTY11MAY2318300PE,65,SELL,83,10 May 2023 10:45:14,BUY,87.1,10 May 2023 10:46:00,-266.5,4475.25
831,NIFTY11MAY2318300PE,65,BUY,16.4,11 May 2023 10:45:14,SELL,12.65,11 May 2023 10:51:29,-243.75,4644.25
831,NIFTY11MAY2318350PE,65,SELL,35.35,11 May 2023 10:45:14,BUY,29,11 May 2023 10:51:29,412.75,4644.25
832,NIFTY18MAY2318250PE,65,BUY,79,12 May 2023 10:45:14,SELL,82.95,12 May 2023 10:47:44,256.75,4647.5
832,NIFTY18MAY2318300PE,65,SELL,102.7,12 May 2023 10:45:14,BUY,106.6,12 May 2023 10:48:00,-253.5,4647.5
833,NIFTY18MAY2318350PE,65,BUY,58.75,15 May 2023 10:45:14,SELL,61.65,15 May 2023 10:51:44,188.5,4553.25
833,NIFTY18MAY2318400PE,65,SELL,79.6,15 May 2023 10:45:14,BUY,83.95,15 May 2023 10:52:00,-282.75,4553.25
834,NIFTY18MAY2318350PE,65,BUY,47.7,16 May 2023 10:45:14,SELL,50.05,16 May 2023 10:45:44,152.75,4423.25
834,NIFTY18MAY2318400PE,65,SELL,68,16 May 2023 10:45:14,BUY,72.35,16 May 2023 10:46:00,-282.75,4423.25
835,NIFTY18MAY2318200PE,65,BUY,37.45,17 May 2023 10:45:14,SELL,39.3,17 May 2023 10:49:44,120.25,4429.75
835,NIFTY18MAY2318250PE,65,SELL,60,17 May 2023 10:45:14,BUY,61.75,17 May 2023 10:50:00,-113.75,4429.75
836,NIFTY18MAY2318200PE,65,BUY,14.4,18 May 2023 10:45:14,SELL,15.1,18 May 2023 10:46:44,45.5,4290
836,NIFTY18MAY2318250PE,65,SELL,35.85,18 May 2023 10:45:14,BUY,38.7,18 May 2023 10:47:00,-185.25,4290
837,NIFTY25MAY2318050PE,65,BUY,75.1,19 May 2023 10:45:14,SELL,66.9,19 May 2023 10:51:29,-533,4426.5
837,NIFTY25MAY2318100PE,65,SELL,97.45,19 May 2023 10:45:14,BUY,87.15,19 May 2023 10:51:29,669.5,4426.5
838,NIFTY25MAY2318250PE,65,BUY,54.5,22 May 2023 10:45:14,SELL,47.4,22 May 2023 10:46:29,-461.5,4559.75
838,NIFTY25MAY2318300PE,65,SELL,74.95,22 May 2023 10:45:14,BUY,65.8,22 May 2023 10:46:29,594.75,4559.75
839,NIFTY25MAY2318350PE,65,BUY,35.25,23 May 2023 10:45:14,SELL,37,23 May 2023 10:51:44,113.75,4488.25
839,NIFTY25MAY2318400PE,65,SELL,52.05,23 May 2023 10:45:14,BUY,54.9,23 May 2023 10:52:00,-185.25,4488.25
840,NIFTY25MAY2318350PE,65,BUY,38.15,24 May 2023 10:45:14,SELL,34.35,24 May 2023 10:50:29,-247,4621.5
840,NIFTY25MAY2318400PE,65,SELL,60.3,24 May 2023 10:45:14,BUY,54.45,24 May 2023 10:50:29,380.25,4621.5
841,NIFTY25MAY2318200PE,65,BUY,12.15,25 May 2023 10:45:14,SELL,12.75,25 May 2023 10:45:44,39,4673.5
841,NIFTY25MAY2318250PE,65,SELL,29.15,25 May 2023 10:45:14,BUY,28.95,25 May 2023 10:46:00,13,4673.5
842,NIFTY01JUN2318400PE,65,BUY,89.85,26 May 2023 10:45:14,SELL,79.8,26 May 2023 11:11:14,-653.25,4855.5
842,NIFTY01JUN2318450PE,65,SELL,114.75,26 May 2023 10:45:14,BUY,101.9,26 May 2023 11:11:14,835.25,4855.5
843,NIFTY01JUN2318650PE,65,BUY,87.1,29 May 2023 10:45:14,SELL,76,29 May 2023 11:07:29,-721.5,5031
843,NIFTY01JUN2318700PE,65,SELL,114.6,29 May 2023 10:45:14,BUY,100.8,29 May 2023 11:07:29,897,5031
844,NIFTY01JUN2318650PE,65,BUY,72.9,30 May 2023 10:45:14,SELL,76.5,30 May 2023 10:47:44,234,4936.75
844,NIFTY01JUN2318700PE,65,SELL,101.4,30 May 2023 10:45:14,BUY,106.45,30 May 2023 10:48:00,-328.25,4936.75
845,NIFTY01JUN2318550PE,65,BUY,54.55,31 May 2023 10:45:14,SELL,47.7,31 May 2023 10:59:29,-445.25,5073.25
845,NIFTY01JUN2318600PE,65,SELL,83.85,31 May 2023 10:45:14,BUY,74.9,31 May 2023 10:59:29,581.75,5073.25
846,NIFTY01JUN2318600PE,65,BUY,49.9,01 Jun 2023 10:45:14,SELL,52.35,01 Jun 2023 10:46:44,159.25,4949.75
846,NIFTY01JUN2318650PE,65,SELL,88.5,01 Jun 2023 10:45:14,BUY,92.85,01 Jun 2023 10:47:00,-282.75,4949.75
847,NIFTY08JUN2318550PE,65,BUY,97.65,02 Jun 2023 10:45:14,SELL,87.85,02 Jun 2023 11:13:14,-637,5099.25
847,NIFTY08JUN2318600PE,65,SELL,124.2,02 Jun 2023 10:45:14,BUY,112.1,02 Jun 2023 11:13:14,786.5,5099.25
848,NIFTY08JUN2318650PE,65,BUY,72.2,05 Jun 2023 10:45:14,SELL,75.8,05 Jun 2023 10:51:44,234,5047.25
848,NIFTY08JUN2318700PE,65,SELL,98.8,05 Jun 2023 10:45:14,BUY,103.2,05 Jun 2023 10:52:00,-286,5047.25
849,NIFTY08JUN2318600PE,65,BUY,74.45,06 Jun 2023 10:45:14,SELL,78.15,06 Jun 2023 10:49:44,240.5,4936.75
849,NIFTY08JUN2318650PE,65,SELL,104.95,06 Jun 2023 10:45:14,BUY,110.35,06 Jun 2023 10:50:00,-351,4936.75
850,NIFTY08JUN2318700PE,65,BUY,68.3,07 Jun 2023 10:45:14,SELL,71.7,07 Jun 2023 10:46:44,221,4748.25
850,NIFTY08JUN2318750PE,65,SELL,104.1,07 Jun 2023 10:45:14,BUY,110.4,07 Jun 2023 10:47:00,-409.5,4748.25
851,NIFTY08JUN2318800PE,65,BUY,46.1,08 Jun 2023 10:45:14,SELL,48.4,08 Jun 2023 11:20:44,149.5,4647.5
851,NIFTY08JUN2318850PE,65,SELL,86.2,08 Jun 2023 10:45:14,BUY,90.05,08 Jun 2023 11:21:00,-250.25,4647.5
852,NIFTY15JUN2318650PE,65,BUY,89.1,09 Jun 2023 10:45:14,SELL,93.55,09 Jun 2023 10:47:44,289.25,4563
852,NIFTY15JUN2318700PE,65,SELL,115.6,09 Jun 2023 10:45:14,BUY,121.35,09 Jun 2023 10:48:00,-373.75,4563
853,NIFTY15JUN2318600PE,65,BUY,64.65,12 Jun 2023 10:45:14,SELL,56.5,12 Jun 2023 11:05:29,-529.75,4696.25
853,NIFTY15JUN2318650PE,65,SELL,88.2,12 Jun 2023 10:45:14,BUY,78,12 Jun 2023 11:05:29,663,4696.25
854,NIFTY15JUN2318700PE,65,BUY,52.6,13 Jun 2023 10:45:14,SELL,55.2,13 Jun 2023 10:50:44,169,4615
854,NIFTY15JUN2318750PE,65,SELL,77.2,13 Jun 2023 10:45:14,BUY,81.05,13 Jun 2023 10:51:00,-250.25,4615
855,NIFTY15JUN2318700PE,65,BUY,39.7,14 Jun 2023 10:45:14,SELL,34.4,14 Jun 2023 10:49:29,-344.5,4748.25
855,NIFTY15JUN2318750PE,65,SELL,64.4,14 Jun 2023 10:45:14,BUY,57.05,14 Jun 2023 10:49:29,477.75,4748.25
856,NIFTY15JUN2318800PE,65,BUY,34.05,15 Jun 2023 10:45:14,SELL,35.75,15 Jun 2023 10:54:44,110.5,4371.25
856,NIFTY15JUN2318850PE,65,SELL,69,15 Jun 2023 10:45:14,BUY,76.5,15 Jun 2023 10:55:00,-487.5,4371.25
857,NIFTY22JUN2318800PE,65,BUY,74.45,16 Jun 2023 10:45:14,SELL,78.15,16 Jun 2023 10:47:44,240.5,4228.25
857,NIFTY22JUN2318850PE,65,SELL,99.2,16 Jun 2023 10:45:14,BUY,105.1,16 Jun 2023 10:48:00,-383.5,4228.25
858,NIFTY22JUN2318800PE,65,BUY,61.5,19 Jun 2023 10:45:14,SELL,64.55,19 Jun 2023 10:47:44,198.25,4199
858,NIFTY22JUN2318850PE,65,SELL,84.45,19 Jun 2023 10:45:14,BUY,87.95,19 Jun 2023 10:48:00,-227.5,4199
859,NIFTY22JUN2318700PE,65,BUY,68.25,20 Jun 2023 10:45:14,SELL,60.15,20 Jun 2023 10:56:29,-526.5,4329
859,NIFTY22JUN2318750PE,65,SELL,98.4,20 Jun 2023 10:45:14,BUY,88.3,20 Jun 2023 10:56:29,656.5,4329
860,NIFTY22JUN2318800PE,65,BUY,39.4,21 Jun 2023 10:45:14,SELL,35.45,21 Jun 2023 10:48:29,-256.75,4465.5
860,NIFTY22JUN2318850PE,65,SELL,63.35,21 Jun 2023 10:45:14,BUY,57.3,21 Jun 2023 10:48:29,393.25,4465.5
861,NIFTY22JUN2318850PE,65,BUY,25.3,22 Jun 2023 10:45:14,SELL,26.55,22 Jun 2023 10:45:44,81.25,4507.75
861,NIFTY22JUN2318900PE,65,SELL,52.6,22 Jun 2023 10:45:14,BUY,53.2,22 Jun 2023 10:46:00,-39,4507.75
862,NIFTY28JUN2318700PE,65,BUY,72.55,23 Jun 2023 10:45:14,SELL,76.15,23 Jun 2023 10:49:44,234,4576
862,NIFTY28JUN2318750PE,65,SELL,95.85,23 Jun 2023 10:45:14,BUY,98.4,23 Jun 2023 10:50:00,-165.75,4576
863,NIFTY28JUN2318650PE,65,BUY,57.9,26 Jun 2023 10:45:14,SELL,60.75,26 Jun 2023 10:57:44,185.25,4712.5
863,NIFTY28JUN2318700PE,65,SELL,80.5,26 Jun 2023 10:45:14,BUY,81.25,26 Jun 2023 10:58:00,-48.75,4712.5
864,NIFTY28JUN2318700PE,65,BUY,39.3,27 Jun 2023 10:45:14,SELL,41.25,27 Jun 2023 10:54:44,126.75,4670.25
864,NIFTY28JUN2318750PE,65,SELL,60.7,27 Jun 2023 10:45:14,BUY,63.3,27 Jun 2023 10:55:00,-169,4670.25
865,NIFTY28JUN2318850PE,65,BUY,12.7,28 Jun 2023 10:45:14,SELL,10.6,28 Jun 2023 10:49:29,-136.5,4800.25
865,NIFTY28JUN2318900PE,65,SELL,27.25,28 Jun 2023 10:45:14,BUY,23.15,28 Jun 2023 10:49:29,266.5,4800.25
866,NIFTY06JUL2319150PE,65,BUY,108.55,30 Jun 2023 10:45:14,SELL,98.15,30 Jun 2023 11:38:29,-676,4930.25
866,NIFTY06JUL2319200PE,65,SELL,138.55,30 Jun 2023 10:45:14,BUY,126.15,30 Jun 2023 11:38:29,806,4930.25
867,NIFTY06JUL2319350PE,65,BUY,98.5,03 Jul 2023 10:45:14,SELL,103.4,03 Jul 2023 10:52:44,318.5,4764.5
867,NIFTY06JUL2319400PE,65,SELL,127.6,03 Jul 2023 10:45:14,BUY,135.05,03 Jul 2023 10:53:00,-484.25,4764.5
868,NIFTY06JUL2319350PE,65,BUY,67.9,04 Jul 2023 10:45:14,SELL,71.25,04 Jul 2023 10:52:44,217.75,4842.5
868,NIFTY06JUL2319400PE,65,SELL,95.85,04 Jul 2023 10:45:14,BUY,98,04 Jul 2023 10:53:00,-139.75,4842.5
869,NIFTY06JUL2319400PE,65,BUY,73.4,05 Jul 2023 10:45:14,SELL,77.05,05 Jul 2023 11:04:44,237.25,4862
869,NIFTY06JUL2319450PE,65,SELL,104.85,05 Jul 2023 10:45:14,BUY,108.2,05 Jul 2023 11:05:00,-217.75,4862
870,NIFTY06JUL2319450PE,65,BUY,44.7,06 Jul 2023 10:45:14,SELL,46.9,06 Jul 2023 10:46:44,143,5226
870,NIFTY06JUL2319500PE,65,SELL,75.75,06 Jul 2023 10:45:14,BUY,72.35,06 Jul 2023 10:47:00,221,5226
871,NIFTY13JUL2319450PE,65,BUY,99.35,07 Jul 2023 10:45:14,SELL,104.3,07 Jul 2023 10:46:44,321.75,5008.25
871,NIFTY13JUL2319500PE,65,SELL,125.3,07 Jul 2023 10:45:14,BUY,133.6,07 Jul 2023 10:47:00,-539.5,5008.25
872,NIFTY13JUL2319450PE,65,BUY,92.85,10 Jul 2023 10:45:14,SELL,97.45,10 Jul 2023 10:50:44,299,4823
872,NIFTY13JUL2319500PE,65,SELL,122.7,10 Jul 2023 10:45:14,BUY,130.15,10 Jul 2023 10:51:00,-484.25,4823
873,NIFTY13JUL2319500PE,65,BUY,67.75,11 Jul 2023 10:45:14,SELL,61.25,11 Jul 2023 11:21:29,-422.5,4959.5
873,NIFTY13JUL2319550PE,65,SELL,96.9,11 Jul 2023 10:45:14,BUY,88.3,11 Jul 2023 11:21:29,559,4959.5
874,NIFTY13JUL2319450PE,65,BUY,42.3,12 Jul 2023 10:45:14,SELL,37.2,12 Jul 2023 10:45:29,-331.5,5109
874,NIFTY13JUL2319500PE,65,SELL,68.3,12 Jul 2023 10:45:14,BUY,60.9,12 Jul 2023 10:45:29,481,5109
875,NIFTY13JUL2319550PE,65,BUY,38,13 Jul 2023 10:45:14,SELL,39.9,13 Jul 2023 10:49:44,123.5,5037.5
875,NIFTY13JUL2319600PE,65,SELL,70.4,13 Jul 2023 10:45:14,BUY,73.4,13 Jul 2023 10:50:00,-195,5037.5
876,NIFTY20JUL2319450PE,65,BUY,75.15,14 Jul 2023 10:45:14,SELL,78.9,14 Jul 2023 10:45:44,243.75,4966
876,NIFTY20JUL2319500PE,65,SELL,99,14 Jul 2023 10:45:14,BUY,103.85,14 Jul 2023 10:46:00,-315.25,4966
877,NIFTY20JUL2319600PE,65,BUY,73.5,17 Jul 2023 10:45:14,SELL,64.15,17 Jul 2023 12:15:29,-607.75,5122
877,NIFTY20JUL2319650PE,65,SELL,98,17 Jul 2023 10:45:14,BUY,86.25,17 Jul 2023 12:15:29,763.75,5122
878,NIFTY20JUL2319700PE,65,BUY,54.75,18 Jul 2023 10:45:14,SELL,45.55,18 Jul 2023 10:59:29,-598,5281.25
878,NIFTY20JUL2319750PE,65,SELL,73.15,18 Jul 2023 10:45:14,BUY,61.5,18 Jul 2023 10:59:29,757.25,5281.25
879,NIFTY20JUL2319750PE,65,BUY,49.85,19 Jul 2023 10:45:14,SELL,52.3,19 Jul 2023 10:45:44,159.25,5619.25
879,NIFTY20JUL2319800PE,65,SELL,73,19 Jul 2023 10:45:14,BUY,70.25,19 Jul 2023 10:46:00,178.75,5619.25
880,NIFTY20JUL2319800PE,65,BUY,30.5,20 Jul 2023 10:45:14,SELL,32,20 Jul 2023 10:45:44,97.5,5547.75
880,NIFTY20JUL2319850PE,65,SELL,53.45,20 Jul 2023 10:45:14,BUY,56.05,20 Jul 2023 10:46:00,-169,5547.75
881,NIFTY27JUL2319800PE,65,BUY,99.6,21 Jul 2023 10:45:14,SELL,104.55,21 Jul 2023 10:48:44,321.75,5482.75
881,NIFTY27JUL2319850PE,65,SELL,122.6,21 Jul 2023 10:45:14,BUY,128.55,21 Jul 2023 10:49:00,-386.75,5482.75
882,NIFTY27JUL2319750PE,65,BUY,76.6,24 Jul 2023 10:45:14,SELL,80.4,24 Jul 2023 10:46:44,247,5430.75
882,NIFTY27JUL2319800PE,65,SELL,98.75,24 Jul 2023 10:45:14,BUY,103.35,24 Jul 2023 10:47:00,-299,5430.75
883,NIFTY27JUL2319650PE,65,BUY,61.85,25 Jul 2023 10:45:14,SELL,64.9,25 Jul 2023 10:57:44,198.25,5362.5
883,NIFTY27JUL2319700PE,65,SELL,84.85,25 Jul 2023 10:45:14,BUY,88.95,25 Jul 2023 10:58:00,-266.5,5362.5
884,NIFTY27JUL2319750PE,65,BUY,41,26 Jul 2023 10:45:14,SELL,43.05,26 Jul 2023 10:56:44,133.25,5297.5
884,NIFTY27JUL2319800PE,65,SELL,61.05,26 Jul 2023 10:45:14,BUY,64.1,26 Jul 2023 10:57:00,-198.25,5297.5
885,NIFTY27JUL2319750PE,65,BUY,21.8,27 Jul 2023 10:45:14,SELL,22.85,27 Jul 2023 10:45:44,68.25,5245.5
885,NIFTY27JUL2319800PE,65,SELL,42.65,27 Jul 2023 10:45:14,BUY,44.5,27 Jul 2023 10:46:00,-120.25,5245.5
886,NIFTY03AUG2319700PE,65,BUY,133.15,28 Jul 2023 10:45:14,SELL,139.8,28 Jul 2023 10:58:44,432.25,5382
886,NIFTY03AUG2319750PE,65,SELL,163.6,28 Jul 2023 10:45:14,BUY,168.15,28 Jul 2023 10:59:00,-295.75,5382
887,NIFTY03AUG2319750PE,65,BUY,108.5,31 Jul 2023 10:45:14,SELL,95.2,31 Jul 2023 11:27:29,-864.5,5525
887,NIFTY03AUG2319800PE,65,SELL,139.35,31 Jul 2023 10:45:14,BUY,123.85,31 Jul 2023 11:27:29,1007.5,5525
888,NIFTY03AUG2319750PE,65,BUY,80,01 Aug 2023 10:45:14,SELL,84,01 Aug 2023 10:45:44,260,5525
888,NIFTY03AUG2319800PE,65,SELL,109.85,01 Aug 2023 10:45:14,BUY,113.85,01 Aug 2023 10:46:00,-260,5525
889,NIFTY03AUG2319600PE,65,BUY,71.3,02 Aug 2023 10:45:14,SELL,74.85,02 Aug 2023 10:53:44,230.75,5781.75
889,NIFTY03AUG2319650PE,65,SELL,102.45,02 Aug 2023 10:45:14,BUY,102.05,02 Aug 2023 10:54:00,26,5781.75
890,NIFTY03AUG2319500PE,65,BUY,62.9,03 Aug 2023 10:45:14,SELL,66,03 Aug 2023 10:49:44,201.5,5723.25
890,NIFTY03AUG2319550PE,65,SELL,98.8,03 Aug 2023 10:45:14,BUY,102.8,03 Aug 2023 10:50:00,-260,5723.25
891,NIFTY10AUG2319500PE,65,BUY,106.95,04 Aug 2023 10:45:14,SELL,112.25,04 Aug 2023 10:47:44,344.5,5616
891,NIFTY10AUG2319550PE,65,SELL,134.65,04 Aug 2023 10:45:14,BUY,141.6,04 Aug 2023 10:48:00,-451.75,5616
892,NIFTY10AUG2319600PE,65,BUY,86.45,07 Aug 2023 10:45:14,SELL,90.75,07 Aug 2023 10:45:44,279.5,5616
892,NIFTY10AUG2319650PE,65,SELL,114.2,07 Aug 2023 10:45:14,BUY,118.5,07 Aug 2023 10:46:00,-279.5,5616
893,NIFTY10AUG2319600PE,65,BUY,68.55,08 Aug 2023 10:45:14,SELL,71.95,08 Aug 2023 10:46:44,221,5599.75
893,NIFTY10AUG2319650PE,65,SELL,95.25,08 Aug 2023 10:45:14,BUY,98.9,08 Aug 2023 10:47:00,-237.25,5599.75
894,NIFTY10AUG2319500PE,65,BUY,71.45,09 Aug 2023 10:45:14,SELL,75,09 Aug 2023 10:52:44,230.75,5534.75
894,NIFTY10AUG2319550PE,65,SELL,101.55,09 Aug 2023 10:45:14,BUY,106.1,09 Aug 2023 10:53:00,-295.75,5534.75
895,NIFTY10AUG2319500PE,65,BUY,47.3,10 Aug 2023 10:45:14,SELL,34.4,10 Aug 2023 10:46:29,-838.5,5801.25
895,NIFTY10AUG2319550PE,65,SELL,78.1,10 Aug 2023 10:45:14,BUY,61.1,10 Aug 2023 10:46:29,1105,5801.25
896,NIFTY17AUG2319450PE,65,BUY,73.2,11 Aug 2023 10:45:14,SELL,76.85,11 Aug 2023 10:58:44,237.25,5746
896,NIFTY17AUG2319500PE,65,SELL,95.75,11 Aug 2023 10:45:14,BUY,100.25,11 Aug 2023 10:59:00,-292.5,5746
897,NIFTY17AUG2319300PE,65,BUY,66.7,14 Aug 2023 10:45:14,SELL,56.75,14 Aug 2023 11:18:29,-646.75,5918.25
897,NIFTY17AUG2319350PE,65,SELL,91.85,14 Aug 2023 10:45:14,BUY,79.25,14 Aug 2023 11:18:29,819,5918.25
898,NIFTY17AUG2319400PE,65,BUY,56.15,16 Aug 2023 10:45:14,SELL,58.95,16 Aug 2023 10:50:44,182,5746
898,NIFTY17AUG2319450PE,65,SELL,84.3,16 Aug 2023 10:45:14,BUY,89.75,16 Aug 2023 10:51:00,-354.25,5746
899,NIFTY17AUG2319350PE,65,BUY,15.7,17 Aug 2023 10:45:14,SELL,16.45,17 Aug 2023 10:46:44,48.75,5869.5
899,NIFTY17AUG2319400PE,65,SELL,35.7,17 Aug 2023 10:45:14,BUY,34.55,17 Aug 2023 10:47:00,74.75,5869.5
900,NIFTY24AUG2319250PE,65,BUY,82.85,18 Aug 2023 10:45:14,SELL,86.95,18 Aug 2023 10:46:44,266.5,5785
900,NIFTY24AUG2319300PE,65,SELL,107.15,18 Aug 2023 10:45:14,BUY,112.55,18 Aug 2023 10:47:00,-351,5785
901,NIFTY24AUG2319300PE,65,BUY,62.05,21 Aug 2023 10:45:14,SELL,65.15,21 Aug 2023 10:46:44,201.5,5807.75
901,NIFTY24AUG2319350PE,65,SELL,84.75,21 Aug 2023 10:45:14,BUY,87.5,21 Aug 2023 10:47:00,-178.75,5807.75
902,NIFTY24AUG2319350PE,65,BUY,41.75,22 Aug 2023 10:45:14,SELL,43.8,22 Aug 2023 10:45:44,133.25,5827.25
902,NIFTY24AUG2319400PE,65,SELL,63.5,22 Aug 2023 10:45:14,BUY,65.25,22 Aug 2023 10:46:00,-113.75,5827.25
903,NIFTY24AUG2319300PE,65,BUY,24.9,23 Aug 2023 10:45:14,SELL,21.4,23 Aug 2023 10:59:29,-227.5,5976.75
903,NIFTY24AUG2319350PE,65,SELL,43.55,23 Aug 2023 10:45:14,BUY,37.75,23 Aug 2023 10:59:29,377,5976.75
904,NIFTY24AUG2319500PE,65,BUY,21.5,24 Aug 2023 10:45:14,SELL,22.55,24 Aug 2023 10:45:44,68.25,6139.25
904,NIFTY24AUG2319550PE,65,SELL,49.1,24 Aug 2023 10:45:14,BUY,47.65,24 Aug 2023 10:46:00,94.25,6139.25
905,NIFTY31AUG2319200PE,65,BUY,78,25 Aug 2023 10:45:14,SELL,64.85,25 Aug 2023 11:07:29,-854.75,6275.75
905,NIFTY31AUG2319250PE,65,SELL,100.6,25 Aug 2023 10:45:14,BUY,85.35,25 Aug 2023 11:07:29,991.25,6275.75
906,NIFTY31AUG2319250PE,65,BUY,54.85,28 Aug 2023 10:45:14,SELL,44.95,28 Aug 2023 11:16:29,-643.5,6431.75
906,NIFTY31AUG2319300PE,65,SELL,75.6,28 Aug 2023 10:45:14,BUY,63.3,28 Aug 2023 11:16:29,799.5,6431.75
907,NIFTY31AUG2319300PE,65,BUY,43.8,29 Aug 2023 10:45:14,SELL,45.95,29 Aug 2023 10:51:44,139.75,6366.75
907,NIFTY31AUG2319350PE,65,SELL,66.65,29 Aug 2023 10:45:14,BUY,69.8,29 Aug 2023 10:52:00,-204.75,6366.75
908,NIFTY31AUG2319400PE,65,BUY,30.6,30 Aug 2023 10:45:14,SELL,27.1,30 Aug 2023 10:49:29,-227.5,6506.5
908,NIFTY31AUG2319450PE,65,SELL,53.4,30 Aug 2023 10:45:14,BUY,47.75,30 Aug 2023 10:49:29,367.25,6506.5
909,NIFTY31AUG2319250PE,65,BUY,9.8,31 Aug 2023 10:45:14,SELL,10.25,31 Aug 2023 10:46:44,29.25,6594.25
909,NIFTY31AUG2319300PE,65,SELL,27.75,31 Aug 2023 10:45:14,BUY,26.85,31 Aug 2023 10:47:00,58.5,6594.25
910,NIFTY07SEP2319350PE,65,BUY,98.35,01 Sep 2023 10:45:14,SELL,85.2,01 Sep 2023 11:01:29,-854.75,6737.25
910,NIFTY07SEP2319400PE,65,SELL,125.85,01 Sep 2023 10:45:14,BUY,110.5,01 Sep 2023 11:01:29,997.75,6737.25
911,NIFTY07SEP2319450PE,65,BUY,74.25,04 Sep 2023 10:45:14,SELL,64,04 Sep 2023 10:54:29,-666.25,6877
911,NIFTY07SEP2319500PE,65,SELL,101.4,04 Sep 2023 10:45:14,BUY,89,04 Sep 2023 10:54:29,806,6877
912,NIFTY07SEP2319600PE,65,BUY,73.3,05 Sep 2023 10:45:14,SELL,76.95,05 Sep 2023 10:57:44,237.25,6782.75
912,NIFTY07SEP2319650PE,65,SELL,104.4,05 Sep 2023 10:45:14,BUY,109.5,05 Sep 2023 10:58:00,-331.5,6782.75
913,NIFTY07SEP2319600PE,65,BUY,61.25,06 Sep 2023 10:45:14,SELL,64.3,06 Sep 2023 10:52:44,198.25,6886.75
913,NIFTY07SEP2319650PE,65,SELL,94.7,06 Sep 2023 10:45:14,BUY,96.15,06 Sep 2023 10:53:00,-94.25,6886.75
914,NIFTY07SEP2319600PE,65,BUY,17,07 Sep 2023 10:45:14,SELL,17.85,07 Sep 2023 10:45:44,55.25,6672.25
914,NIFTY07SEP2319650PE,65,SELL,41.45,07 Sep 2023 10:45:14,BUY,45.6,07 Sep 2023 10:46:00,-269.75,6672.25
915,NIFTY14SEP2319750PE,65,BUY,91.45,08 Sep 2023 10:45:14,SELL,76.75,08 Sep 2023 10:48:29,-955.5,6857.5
915,NIFTY14SEP2319800PE,65,SELL,118.85,08 Sep 2023 10:45:14,BUY,101.3,08 Sep 2023 10:48:29,1140.75,6857.5
916,NIFTY14SEP2319950PE,65,BUY,81.65,11 Sep 2023 10:45:14,SELL,85.7,11 Sep 2023 10:47:44,263.25,6734
916,NIFTY14SEP2320000PE,65,SELL,108.3,11 Sep 2023 10:45:14,BUY,114.25,11 Sep 2023 10:48:00,-386.75,6734
917,NIFTY14SEP2319950PE,65,BUY,69.45,12 Sep 2023 10:45:14,SELL,58.65,12 Sep 2023 10:49:29,-702,6909.5
917,NIFTY14SEP2320000PE,65,SELL,94.8,12 Sep 2023 10:45:14,BUY,81.3,12 Sep 2023 10:49:29,877.5,6909.5
918,NIFTY14SEP2320000PE,65,BUY,68.35,13 Sep 2023 10:45:14,SELL,56.2,13 Sep 2023 11:03:29,-789.75,7185.75
918,NIFTY14SEP2320050PE,65,SELL,98.9,13 Sep 2023 10:45:14,BUY,82.5,13 Sep 2023 11:03:29,1066,7185.75
919,NIFTY14SEP2320100PE,65,BUY,69.1,14 Sep 2023 10:45:14,SELL,72.55,14 Sep 2023 10:48:44,224.25,7003.75
919,NIFTY14SEP2320150PE,65,SELL,110.95,14 Sep 2023 10:45:14,BUY,117.2,14 Sep 2023 10:49:00,-406.25,7003.75
920,NIFTY21SEP2320150PE,65,BUY,75.2,15 Sep 2023 10:45:14,SELL,67.05,15 Sep 2023 10:59:29,-529.75,7140.25
920,NIFTY21SEP2320200PE,65,SELL,96.75,15 Sep 2023 10:45:14,BUY,86.5,15 Sep 2023 10:59:29,666.25,7140.25
921,NIFTY21SEP2320150PE,65,BUY,61.55,18 Sep 2023 10:45:14,SELL,64.6,18 Sep 2023 10:48:44,198.25,7257.25
921,NIFTY21SEP2320200PE,65,SELL,83.75,18 Sep 2023 10:45:14,BUY,85,18 Sep 2023 10:49:00,-81.25,7257.25
922,NIFTY21SEP2319950PE,65,BUY,48.25,20 Sep 2023 10:45:14,SELL,50.65,20 Sep 2023 10:50:44,156,7328.75
922,NIFTY21SEP2320000PE,65,SELL,72.25,20 Sep 2023 10:45:14,BUY,73.55,20 Sep 2023 10:51:00,-84.5,7328.75
923,NIFTY21SEP2319750PE,65,BUY,41.85,21 Sep 2023 10:45:14,SELL,43.9,21 Sep 2023 11:00:44,133.25,7283.25
923,NIFTY21SEP2319800PE,65,SELL,82.55,21 Sep 2023 10:45:14,BUY,85.3,21 Sep 2023 11:01:00,-178.75,7283.25
924,NIFTY28SEP2319750PE,65,BUY,81.4,22 Sep 2023 10:45:14,SELL,85.45,22 Sep 2023 11:27:44,263.25,7345
924,NIFTY28SEP2319800PE,65,SELL,104.55,22 Sep 2023 10:45:14,BUY,107.65,22 Sep 2023 11:28:00,-201.5,7345
925,NIFTY28SEP2319600PE,65,BUY,52.6,25 Sep 2023 10:45:14,SELL,55.2,25 Sep 2023 10:56:44,169,7514
925,NIFTY28SEP2319650PE,65,SELL,72,25 Sep 2023 10:45:14,BUY,72,25 Sep 2023 10:57:00,0,7514
926,NIFTY28SEP2319650PE,65,BUY,51.65,26 Sep 2023 10:45:14,SELL,54.2,26 Sep 2023 10:48:44,165.75,7432.75
926,NIFTY28SEP2319700PE,65,SELL,73.8,26 Sep 2023 10:45:14,BUY,77.6,26 Sep 2023 10:49:00,-247,7432.75
927,NIFTY28SEP2319500PE,65,BUY,29.9,27 Sep 2023 10:45:14,SELL,31.35,27 Sep 2023 10:47:44,94.25,7332
927,NIFTY28SEP2319550PE,65,SELL,48.3,27 Sep 2023 10:45:14,BUY,51.3,27 Sep 2023 10:48:00,-195,7332
928,NIFTY28SEP2319600PE,65,BUY,9.6,28 Sep 2023 10:45:14,SELL,7.05,28 Sep 2023 10:46:29,-165.75,7536.75
928,NIFTY28SEP2319650PE,65,SELL,23.8,28 Sep 2023 10:45:14,BUY,18.1,28 Sep 2023 10:46:29,370.5,7536.75
929,NIFTY05OCT2319600PE,65,BUY,88.15,29 Sep 2023 10:45:14,SELL,92.55,29 Sep 2023 10:51:44,286,7426.25
929,NIFTY05OCT2319650PE,65,SELL,113,29 Sep 2023 10:45:14,BUY,119.1,29 Sep 2023 10:52:00,-396.5,7426.25
930,NIFTY05OCT2319500PE,65,BUY,70.2,03 Oct 2023 10:45:14,SELL,58.95,03 Oct 2023 11:23:29,-731.25,7566
930,NIFTY05OCT2319550PE,65,SELL,96.15,03 Oct 2023 10:45:14,BUY,82.75,03 Oct 2023 11:23:29,871,7566
931,NIFTY05OCT2319400PE,65,BUY,46.9,04 Oct 2023 10:45:14,SELL,49.2,04 Oct 2023 10:45:44,149.5,7510.75
931,NIFTY05OCT2319450PE,65,SELL,72.15,04 Oct 2023 10:45:14,BUY,75.3,04 Oct 2023 10:46:00,-204.75,7510.75
932,NIFTY05OCT2319500PE,65,BUY,20.1,05 Oct 2023 10:45:14,SELL,21.1,05 Oct 2023 10:45:44,65,7364.5
932,NIFTY05OCT2319550PE,65,SELL,45.75,05 Oct 2023 10:45:14,BUY,49,05 Oct 2023 10:46:00,-211.25,7364.5
933,NIFTY12OCT2319600PE,65,BUY,65.4,06 Oct 2023 10:45:14,SELL,68.65,06 Oct 2023 11:19:44,211.25,7283.25
933,NIFTY12OCT2319650PE,65,SELL,86.1,06 Oct 2023 10:45:14,BUY,90.6,06 Oct 2023 11:20:00,-292.5,7283.25
934,NIFTY12OCT2319550PE,65,BUY,78.35,09 Oct 2023 10:45:14,SELL,70.95,09 Oct 2023 10:57:29,-481,7413.25
934,NIFTY12OCT2319600PE,65,SELL,102.25,09 Oct 2023 10:45:14,BUY,92.85,09 Oct 2023 10:57:29,611,7413.25
935,NIFTY12OCT2319600PE,65,BUY,54.05,10 Oct 2023 10:45:14,SELL,56.75,10 Oct 2023 10:55:44,175.5,7247.5
935,NIFTY12OCT2319650PE,65,SELL,75.35,10 Oct 2023 10:45:14,BUY,80.6,10 Oct 2023 10:56:00,-341.25,7247.5
936,NIFTY12OCT2319800PE,65,BUY,44,11 Oct 2023 10:45:14,SELL,46.2,11 Oct 2023 10:52:44,143,7208.5
936,NIFTY12OCT2319850PE,65,SELL,65.5,11 Oct 2023 10:45:14,BUY,68.3,11 Oct 2023 10:53:00,-182,7208.5
937,NIFTY12OCT2319800PE,65,BUY,21.4,12 Oct 2023 10:45:14,SELL,22.45,12 Oct 2023 10:47:44,68.25,7143.5
937,NIFTY12OCT2319850PE,65,SELL,51.9,12 Oct 2023 10:45:14,BUY,53.95,12 Oct 2023 10:48:00,-133.25,7143.5
938,NIFTY19OCT2319650PE,65,BUY,76.5,13 Oct 2023 10:45:14,SELL,80.3,13 Oct 2023 10:46:44,247,7111
938,NIFTY19OCT2319700PE,65,SELL,98.05,13 Oct 2023 10:45:14,BUY,102.35,13 Oct 2023 10:47:00,-279.5,7111
939,NIFTY19OCT2319700PE,65,BUY,54.85,16 Oct 2023 10:45:14,SELL,57.55,16 Oct 2023 10:50:44,175.5,7163
939,NIFTY19OCT2319750PE,65,SELL,74.6,16 Oct 2023 10:45:14,BUY,76.5,16 Oct 2023 10:51:00,-123.5,7163
940,NIFTY19OCT2319800PE,65,BUY,50.35,17 Oct 2023 10:45:14,SELL,52.85,17 Oct 2023 13:39:44,162.5,6912.75
940,NIFTY19OCT2319850PE,65,SELL,71.9,17 Oct 2023 10:45:14,BUY,78.25,17 Oct 2023 13:40:00,-412.75,6912.75
941,NIFTY19OCT2319750PE,65,BUY,33.8,18 Oct 2023 10:45:14,SELL,35.45,18 Oct 2023 10:45:44,107.25,6639.75
941,NIFTY19OCT2319800PE,65,SELL,54.4,18 Oct 2023 10:45:14,BUY,60.25,18 Oct 2023 10:46:00,-380.25,6639.75
942,NIFTY19OCT2319500PE,65,BUY,7,19 Oct 2023 10:45:14,SELL,4.9,19 Oct 2023 10:47:29,-136.5,6789.25
942,NIFTY19OCT2319550PE,65,SELL,15.65,19 Oct 2023 10:45:14,BUY,11.25,19 Oct 2023 10:47:29,286,6789.25
943,NIFTY26OCT2319500PE,65,BUY,75.6,20 Oct 2023 10:45:14,SELL,79.35,20 Oct 2023 11:44:44,243.75,6451.25
943,NIFTY26OCT2319550PE,65,SELL,97.55,20 Oct 2023 10:45:14,BUY,106.5,20 Oct 2023 11:45:00,-581.75,6451.25
944,NIFTY26OCT2319400PE,65,BUY,61.5,23 Oct 2023 10:45:14,SELL,64.55,23 Oct 2023 11:45:14,198.25,6509.75
944,NIFTY26OCT2319450PE,65,SELL,84.25,23 Oct 2023 10:45:14,BUY,86.4,23 Oct 2023 11:45:29,-139.75,6509.75
945,NIFTY26OCT2319250PE,65,BUY,48,25 Oct 2023 10:45:14,SELL,50.4,25 Oct 2023 10:47:44,156,6350.5
945,NIFTY26OCT2319300PE,65,SELL,69.7,25 Oct 2023 10:45:14,BUY,74.55,25 Oct 2023 10:48:00,-315.25,6350.5
946,NIFTY26OCT2318850PE,65,BUY,21,26 Oct 2023 10:45:14,SELL,22.05,26 Oct 2023 10:46:44,68.25,6126.25
946,NIFTY26OCT2318900PE,65,SELL,50.5,26 Oct 2023 10:45:14,BUY,55,26 Oct 2023 10:47:00,-292.5,6126.25
947,NIFTY02NOV2319050PE,65,BUY,130.8,27 Oct 2023 10:45:14,SELL,114.1,27 Oct 2023 11:00:29,-1085.5,6292
947,NIFTY02NOV2319100PE,65,SELL,158.45,27 Oct 2023 10:45:14,BUY,139.2,27 Oct 2023 11:00:29,1251.25,6292
948,NIFTY02NOV2319100PE,65,BUY,104.15,30 Oct 2023 10:45:14,SELL,85.4,30 Oct 2023 10:48:29,-1218.75,6513
948,NIFTY02NOV2319150PE,65,SELL,131.25,30 Oct 2023 10:45:14,BUY,109.1,30 Oct 2023 10:48:29,1439.75,6513
949,NIFTY02NOV2319100PE,65,BUY,93.45,31 Oct 2023 10:45:14,SELL,81.7,31 Oct 2023 11:00:14,-763.75,6652.75
949,NIFTY02NOV2319150PE,65,SELL,122.25,31 Oct 2023 10:45:14,BUY,108.35,31 Oct 2023 11:00:14,903.5,6652.75
950,NIFTY02NOV2319100PE,65,BUY,87.75,01 Nov 2023 10:45:14,SELL,92.1,01 Nov 2023 10:46:44,282.75,6652.75
950,NIFTY02NOV2319150PE,65,SELL,121.15,01 Nov 2023 10:45:14,BUY,125.5,01 Nov 2023 10:47:00,-282.75,6652.75
951,NIFTY02NOV2319150PE,65,BUY,51.9,02 Nov 2023 10:45:14,SELL,54.45,02 Nov 2023 10:51:44,165.75,6373.25
951,NIFTY02NOV2319200PE,65,SELL,96.35,02 Nov 2023 10:45:14,BUY,103.2,02 Nov 2023 10:52:00,-445.25,6373.25
952,NIFTY09NOV2319250PE,65,BUY,84,03 Nov 2023 10:45:14,SELL,72.9,03 Nov 2023 11:06:29,-721.5,6513
952,NIFTY09NOV2319300PE,65,SELL,108.05,03 Nov 2023 10:45:14,BUY,94.8,03 Nov 2023 11:06:29,861.25,6513
953,NIFTY09NOV2319400PE,65,BUY,88.05,06 Nov 2023 10:45:14,SELL,92.45,06 Nov 2023 10:46:44,286,6461
953,NIFTY09NOV2319450PE,65,SELL,117.35,06 Nov 2023 10:45:14,BUY,122.55,06 Nov 2023 10:47:00,-338,6461
954,NIFTY09NOV2319450PE,65,BUY,77.55,07 Nov 2023 10:45:14,SELL,81.4,07 Nov 2023 10:46:44,250.25,6422
954,NIFTY09NOV2319500PE,65,SELL,108.8,07 Nov 2023 10:45:14,BUY,113.25,07 Nov 2023 10:47:00,-289.25,6422
955,NIFTY09NOV2319450PE,65,BUY,55.15,08 Nov 2023 10:45:14,SELL,57.9,08 Nov 2023 10:58:44,178.75,6350.5
955,NIFTY09NOV2319500PE,65,SELL,86.85,08 Nov 2023 10:45:14,BUY,90.7,08 Nov 2023 10:59:00,-250.25,6350.5
956,NIFTY09NOV2319450PE,65,BUY,46.45,09 Nov 2023 10:45:14,SELL,48.75,09 Nov 2023 10:47:44,149.5,6581.25
956,NIFTY09NOV2319500PE,65,SELL,90.95,09 Nov 2023 10:45:14,BUY,89.7,09 Nov 2023 10:48:00,81.25,6581.25
957,NIFTY16NOV2319400PE,65,BUY,89.7,10 Nov 2023 10:45:14,SELL,94.15,10 Nov 2023 11:04:44,289.25,6493.5
957,NIFTY16NOV2319450PE,65,SELL,116.6,10 Nov 2023 10:45:14,BUY,122.4,10 Nov 2023 11:05:00,-377,6493.5
958,NIFTY16NOV2319450PE,65,BUY,75.55,13 Nov 2023 10:45:14,SELL,60.95,13 Nov 2023 11:33:29,-949,6652.75
958,NIFTY16NOV2319500PE,65,SELL,104.85,13 Nov 2023 10:45:14,BUY,87.8,13 Nov 2023 11:33:29,1108.25,6652.75
959,NIFTY16NOV2319650PE,65,BUY,56.4,15 Nov 2023 10:45:14,SELL,59.2,15 Nov 2023 10:52:44,182,6509.75
959,NIFTY16NOV2319700PE,65,SELL,88.25,15 Nov 2023 10:45:14,BUY,93.25,15 Nov 2023 10:53:00,-325,6509.75
960,NIFTY16NOV2319750PE,65,BUY,34.9,16 Nov 2023 10:45:14,SELL,36.6,16 Nov 2023 10:47:44,110.5,6422
960,NIFTY16NOV2319800PE,65,SELL,73,16 Nov 2023 10:45:14,BUY,76.05,16 Nov 2023 10:48:00,-198.25,6422
961,NIFTY23NOV2319800PE,65,BUY,84.7,17 Nov 2023 10:45:14,SELL,88.9,17 Nov 2023 10:46:44,273,6431.75
961,NIFTY23NOV2319850PE,65,SELL,108.35,17 Nov 2023 10:45:14,BUY,112.4,17 Nov 2023 10:47:00,-263.25,6431.75
962,NIFTY23NOV2319750PE,65,BUY,75.35,20 Nov 2023 10:45:14,SELL,79.1,20 Nov 2023 11:04:44,243.75,5924.75
962,NIFTY23NOV2319800PE,65,SELL,100.6,20 Nov 2023 10:45:14,BUY,112.15,20 Nov 2023 11:05:00,-750.75,5924.75
963,NIFTY23NOV2319800PE,65,BUY,63.65,21 Nov 2023 10:45:14,SELL,66.8,21 Nov 2023 10:48:44,204.75,5963.75
963,NIFTY23NOV2319850PE,65,SELL,90.5,21 Nov 2023 10:45:14,BUY,93.05,21 Nov 2023 10:49:00,-165.75,5963.75
964,NIFTY23NOV2319800PE,65,BUY,39.1,22 Nov 2023 10:45:14,SELL,41.05,22 Nov 2023 11:02:44,126.75,5915
964,NIFTY23NOV2319850PE,65,SELL,62.75,22 Nov 2023 10:45:14,BUY,65.45,22 Nov 2023 11:03:00,-175.5,5915
965,NIFTY23NOV2319850PE,65,BUY,65.4,23 Nov 2023 10:45:14,SELL,68.65,23 Nov 2023 11:00:44,211.25,6493.5
965,NIFTY23NOV2319900PE,65,SELL,110.05,23 Nov 2023 10:45:14,BUY,104.4,23 Nov 2023 11:01:00,367.25,6493.5
966,NIFTY30NOV2319800PE,65,BUY,57.1,24 Nov 2023 10:45:14,SELL,59.95,24 Nov 2023 10:55:44,185.25,6490.25
966,NIFTY30NOV2319850PE,65,SELL,76.65,24 Nov 2023 10:45:14,BUY,79.55,24 Nov 2023 10:56:00,-188.5,6490.25
967,NIFTY30NOV2319800PE,65,BUY,45.4,28 Nov 2023 10:45:14,SELL,37.3,28 Nov 2023 12:08:29,-526.5,6665.75
967,NIFTY30NOV2319850PE,65,SELL,66.35,28 Nov 2023 10:45:14,BUY,55.55,28 Nov 2023 12:08:29,702,6665.75
968,NIFTY30NOV2320000PE,65,BUY,38.2,29 Nov 2023 10:45:14,SELL,40.1,29 Nov 2023 10:47:44,123.5,6730.75
968,NIFTY30NOV2320050PE,65,SELL,60,29 Nov 2023 10:45:14,BUY,60.9,29 Nov 2023 10:48:00,-58.5,6730.75
969,NIFTY30NOV2320050PE,65,BUY,12.35,30 Nov 2023 10:45:14,SELL,12.95,30 Nov 2023 10:45:44,39,6873.75
969,NIFTY30NOV2320100PE,65,SELL,28.05,30 Nov 2023 10:45:14,BUY,26.45,30 Nov 2023 10:46:00,104,6873.75
970,NIFTY07DEC2320300PE,65,BUY,125.25,01 Dec 2023 10:45:14,SELL,109.35,01 Dec 2023 13:50:29,-1033.5,7150
970,NIFTY07DEC2320350PE,65,SELL,149.75,01 Dec 2023 10:45:14,BUY,129.6,01 Dec 2023 13:50:29,1309.75,7150
971,NIFTY07DEC2320600PE,65,BUY,99.5,04 Dec 2023 10:45:14,SELL,88.65,04 Dec 2023 11:14:29,-705.25,7296.25
971,NIFTY07DEC2320650PE,65,SELL,127.55,04 Dec 2023 10:45:14,BUY,114.45,04 Dec 2023 11:14:29,851.5,7296.25
972,NIFTY07DEC2320850PE,65,BUY,115.6,05 Dec 2023 10:45:14,SELL,102.2,05 Dec 2023 11:02:00,-871,7426.25
972,NIFTY07DEC2320900PE,65,SELL,145.35,05 Dec 2023 10:45:14,BUY,129.95,05 Dec 2023 11:02:00,1001,7426.25
973,NIFTY07DEC2320950PE,65,BUY,87.05,06 Dec 2023 10:45:14,SELL,75.45,06 Dec 2023 10:47:29,-754,7566
973,NIFTY07DEC2321000PE,65,SELL,119.35,06 Dec 2023 10:45:14,BUY,105.6,06 Dec 2023 10:47:29,893.75,7566
974,NIFTY07DEC2320950PE,65,BUY,63.75,07 Dec 2023 10:45:14,SELL,66.9,07 Dec 2023 10:45:44,204.75,7709
974,NIFTY07DEC2321000PE,65,SELL,109.15,07 Dec 2023 10:45:14,BUY,110.1,07 Dec 2023 10:46:00,-61.75,7709
975,NIFTY14DEC2321050PE,65,BUY,110.45,08 Dec 2023 10:45:14,SELL,115.95,08 Dec 2023 10:52:44,357.5,7429.5
975,NIFTY14DEC2321100PE,65,SELL,137.35,08 Dec 2023 10:45:14,BUY,147.15,08 Dec 2023 10:53:00,-637,7429.5
976,NIFTY14DEC2321000PE,65,BUY,100.5,11 Dec 2023 10:45:14,SELL,105.5,11 Dec 2023 10:51:44,325,6929
976,NIFTY14DEC2321050PE,65,SELL,129,11 Dec 2023 10:45:14,BUY,141.7,11 Dec 2023 10:52:00,-825.5,6929
977,NIFTY14DEC2321050PE,65,BUY,97.75,12 Dec 2023 10:45:14,SELL,84,12 Dec 2023 11:05:29,-893.75,7062.25
977,NIFTY14DEC2321100PE,65,SELL,127.75,12 Dec 2023 10:45:14,BUY,111.95,12 Dec 2023 11:05:29,1027,7062.25
978,NIFTY14DEC2320900PE,65,BUY,87.55,13 Dec 2023 10:45:14,SELL,91.9,13 Dec 2023 10:45:44,282.75,7120.75
978,NIFTY14DEC2320950PE,65,SELL,121.05,13 Dec 2023 10:45:14,BUY,124.5,13 Dec 2023 10:46:00,-224.25,7120.75
979,NIFTY14DEC2321200PE,65,BUY,79.7,14 Dec 2023 10:45:14,SELL,62.4,14 Dec 2023 10:47:29,-1124.5,7286.5
979,NIFTY14DEC2321250PE,65,SELL,125.9,14 Dec 2023 10:45:14,BUY,106.05,14 Dec 2023 10:47:29,1290.25,7286.5
980,NIFTY21DEC2321350PE,65,BUY,111.3,15 Dec 2023 10:45:14,SELL,116.85,15 Dec 2023 10:47:44,360.75,7020
980,NIFTY21DEC2321400PE,65,SELL,137.95,15 Dec 2023 10:45:14,BUY,147.6,15 Dec 2023 10:48:00,-627.25,7020
981,NIFTY21DEC2321450PE,65,BUY,109.25,18 Dec 2023 10:45:14,SELL,96.25,18 Dec 2023 11:09:29,-845,7163
981,NIFTY21DEC2321500PE,65,SELL,136.2,18 Dec 2023 10:45:14,BUY,121,18 Dec 2023 11:09:29,988,7163
982,NIFTY21DEC2321400PE,65,BUY,77.2,19 Dec 2023 10:45:14,SELL,81.05,19 Dec 2023 10:49:44,250.25,7163
982,NIFTY21DEC2321450PE,65,SELL,103.1,19 Dec 2023 10:45:14,BUY,106.95,19 Dec 2023 10:50:00,-250.25,7163
983,NIFTY21DEC2321600PE,65,BUY,66.3,20 Dec 2023 10:45:14,SELL,69.6,20 Dec 2023 10:54:44,214.5,7068.75
983,NIFTY21DEC2321650PE,65,SELL,96.6,20 Dec 2023 10:45:14,BUY,101.35,20 Dec 2023 10:55:00,-308.75,7068.75
984,NIFTY21DEC2321200PE,65,BUY,73.3,21 Dec 2023 10:45:14,SELL,66.75,21 Dec 2023 10:45:29,-425.75,7270.25
984,NIFTY21DEC2321250PE,65,SELL,113.6,21 Dec 2023 10:45:14,BUY,103.95,21 Dec 2023 10:45:29,627.25,7270.25
985,NIFTY28DEC2321350PE,65,BUY,106.6,22 Dec 2023 10:45:14,SELL,96.6,22 Dec 2023 10:58:00,-650,7406.75
985,NIFTY28DEC2321400PE,65,SELL,126.2,22 Dec 2023 10:45:14,BUY,114.1,22 Dec 2023 10:58:00,786.5,7406.75
986,NIFTY28DEC2321450PE,65,BUY,77.8,26 Dec 2023 10:45:14,SELL,81.65,26 Dec 2023 10:48:44,250.25,7153.25
986,NIFTY28DEC2321500PE,65,SELL,96.45,26 Dec 2023 10:45:14,BUY,104.2,26 Dec 2023 10:49:00,-503.75,7153.25
987,NIFTY28DEC2321550PE,65,BUY,62.5,27 Dec 2023 10:45:14,SELL,65.6,27 Dec 2023 10:46:44,201.5,7007
987,NIFTY28DEC2321600PE,65,SELL,84.45,27 Dec 2023 10:45:14,BUY,89.8,27 Dec 2023 10:47:00,-347.75,7007
988,NIFTY28DEC2321650PE,65,BUY,20.75,28 Dec 2023 10:45:14,SELL,21.75,28 Dec 2023 10:45:44,65,7156.5
988,NIFTY28DEC2321700PE,65,SELL,36.65,28 Dec 2023 10:45:14,BUY,35.35,28 Dec 2023 10:46:00,84.5,7156.5
989,NIFTY04JAN2421850PE,65,BUY,192.2,29 Dec 2023 10:45:14,SELL,201.8,29 Dec 2023 10:54:44,624,7328.75
989,NIFTY04JAN2421900PE,65,SELL,221.15,29 Dec 2023 10:45:14,BUY,228.1,29 Dec 2023 10:55:00,-451.75,7328.75
990,NIFTY04JAN2421800PE,65,BUY,133.05,01 Jan 2024 10:45:14,SELL,112.4,01 Jan 2024 12:15:14,-1342.25,7468.5
990,NIFTY04JAN2421850PE,65,SELL,161.4,01 Jan 2024 10:45:14,BUY,138.6,01 Jan 2024 12:15:14,1482,7468.5
991,NIFTY04JAN2421650PE,65,BUY,118.55,02 Jan 2024 10:45:14,SELL,124.45,02 Jan 2024 10:45:44,383.5,7702.5
991,NIFTY04JAN2421700PE,65,SELL,147.65,02 Jan 2024 10:45:14,BUY,149.95,02 Jan 2024 10:46:00,-149.5,7702.5
992,NIFTY04JAN2421600PE,65,BUY,85,03 Jan 2024 10:45:14,SELL,89.25,03 Jan 2024 10:45:44,276.25,7637.5
992,NIFTY04JAN2421650PE,65,SELL,115,03 Jan 2024 10:45:14,BUY,120.25,03 Jan 2024 10:46:00,-341.25,7637.5
993,NIFTY04JAN2421700PE,65,BUY,66.1,04 Jan 2024 10:45:14,SELL,69.4,04 Jan 2024 10:49:44,214.5,7582.25
993,NIFTY04JAN2421750PE,65,SELL,110.9,04 Jan 2024 10:45:14,BUY,115.05,04 Jan 2024 10:50:00,-269.75,7582.25
994,NIFTY11JAN2421750PE,65,BUY,130.35,05 Jan 2024 10:45:14,SELL,136.85,05 Jan 2024 10:46:44,422.5,7946.25
994,NIFTY11JAN2421800PE,65,SELL,158.4,05 Jan 2024 10:45:14,BUY,159.3,05 Jan 2024 10:47:00,-58.5,7946.25
995,NIFTY11JAN2421700PE,65,BUY,101.55,08 Jan 2024 10:45:14,SELL,106.6,08 Jan 2024 10:46:44,328.25,8079.5
995,NIFTY11JAN2421750PE,65,SELL,128.15,08 Jan 2024 10:45:14,BUY,131.15,08 Jan 2024 10:47:00,-195,8079.5
996,NIFTY11JAN2421750PE,65,BUY,98.45,09 Jan 2024 10:45:14,SELL,103.35,09 Jan 2024 10:47:44,318.5,7969
996,NIFTY11JAN2421800PE,65,SELL,126.6,09 Jan 2024 10:45:14,BUY,133.2,09 Jan 2024 10:48:00,-429,7969
997,NIFTY11JAN2421550PE,65,BUY,88,10 Jan 2024 10:45:14,SELL,92.4,10 Jan 2024 10:46:44,286,8430.5
997,NIFTY11JAN2421600PE,65,SELL,117.4,10 Jan 2024 10:45:14,BUY,114.7,10 Jan 2024 10:47:00,175.5,8430.5
998,NIFTY11JAN2421650PE,65,BUY,19.3,11 Jan 2024 10:45:14,SELL,20.25,11 Jan 2024 10:46:44,61.75,8362.25
998,NIFTY11JAN2421700PE,65,SELL,49.35,11 Jan 2024 10:45:14,BUY,51.35,11 Jan 2024 10:47:00,-130,8362.25
999,NIFTY18JAN2421800PE,65,BUY,114.1,12 Jan 2024 10:45:14,SELL,119.8,12 Jan 2024 12:06:44,370.5,8284.25
999,NIFTY18JAN2421850PE,65,SELL,135.7,12 Jan 2024 10:45:14,BUY,142.6,12 Jan 2024 12:07:00,-448.5,8284.25
1000,NIFTY18JAN2422000PE,65,BUY,105.05,15 Jan 2024 10:45:14,SELL,94.55,15 Jan 2024 11:22:29,-682.5,8417.5
1000,NIFTY18JAN2422050PE,65,SELL,127.05,15 Jan 2024 10:45:14,BUY,114.5,15 Jan 2024 11:22:29,815.75,8417.5
1001,NIFTY18JAN2422050PE,65,BUY,80,16 Jan 2024 10:45:14,SELL,68.65,16 Jan 2024 11:12:29,-737.75,8557.25
1001,NIFTY18JAN2422100PE,65,SELL,100.7,16 Jan 2024 10:45:14,BUY,87.2,16 Jan 2024 11:12:29,877.5,8557.25
1002,NIFTY18JAN2421700PE,65,BUY,59.6,17 Jan 2024 10:45:14,SELL,62.55,17 Jan 2024 10:45:44,191.75,8710
1002,NIFTY18JAN2421750PE,65,SELL,79.9,17 Jan 2024 10:45:14,BUY,80.5,17 Jan 2024 10:46:00,-39,8710
1003,NIFTY18JAN2421400PE,65,BUY,24.1,18 Jan 2024 10:45:14,SELL,25.3,18 Jan 2024 10:45:44,78,8641.75
1003,NIFTY18JAN2421450PE,65,SELL,43.75,18 Jan 2024 10:45:14,BUY,46,18 Jan 2024 10:46:00,-146.25,8641.75
1004,NIFTY25JAN2421600PE,65,BUY,114.95,19 Jan 2024 10:45:14,SELL,120.65,19 Jan 2024 10:53:44,370.5,8703.5
1004,NIFTY25JAN2421650PE,65,SELL,136,19 Jan 2024 10:45:14,BUY,140.75,19 Jan 2024 10:54:00,-308.75,8703.5
1005,NIFTY25JAN2421650PE,65,BUY,108.35,20 Jan 2024 10:45:14,SELL,113.75,20 Jan 2024 10:52:44,351,8508.5
1005,NIFTY25JAN2421700PE,65,SELL,130.25,20 Jan 2024 10:45:14,BUY,138.65,20 Jan 2024 10:53:00,-546,8508.5
1006,NIFTY25JAN2421500PE,65,BUY,99,23 Jan 2024 10:45:14,SELL,103.95,23 Jan 2024 10:47:44,321.75,8378.5
1006,NIFTY25JAN2421550PE,65,SELL,120.2,23 Jan 2024 10:45:14,BUY,127.15,23 Jan 2024 10:48:00,-451.75,8378.5
1007,NIFTY25JAN2421350PE,65,BUY,91.65,24 Jan 2024 10:45:14,SELL,96.2,24 Jan 2024 10:45:44,295.75,8446.75
1007,NIFTY25JAN2421400PE,65,SELL,113.5,24 Jan 2024 10:45:14,BUY,117,24 Jan 2024 10:46:00,-227.5,8446.75
1008,NIFTY25JAN2421250PE,65,BUY,39.05,25 Jan 2024 10:45:14,SELL,41,25 Jan 2024 10:46:44,126.75,8557.25
1008,NIFTY25JAN2421300PE,65,SELL,57.55,25 Jan 2024 10:45:14,BUY,57.8,25 Jan 2024 10:47:00,-16.25,8557.25
1009,NIFTY01FEB2421700PE,65,BUY,194.5,29 Jan 2024 10:45:14,SELL,186.2,29 Jan 2024 11:04:14,-539.5,8703.5
1009,NIFTY01FEB2421750PE,65,SELL,219.65,29 Jan 2024 10:45:14,BUY,209.1,29 Jan 2024 11:04:14,685.75,8703.5
1010,NIFTY01FEB2421800PE,65,BUY,196.1,30 Jan 2024 10:45:14,SELL,205.9,30 Jan 2024 10:48:44,637,8674.25
1010,NIFTY01FEB2421850PE,65,SELL,223.85,30 Jan 2024 10:45:14,BUY,234.1,30 Jan 2024 10:49:00,-666.25,8674.25
1011,NIFTY01FEB2421700PE,65,BUY,145.1,31 Jan 2024 10:45:14,SELL,152.35,31 Jan 2024 10:46:44,471.25,9093.5
1011,NIFTY01FEB2421750PE,65,SELL,174.4,31 Jan 2024 10:45:14,BUY,175.2,31 Jan 2024 10:47:00,-52,9093.5
1012,NIFTY01FEB2421800PE,65,BUY,107.25,01 Feb 2024 10:45:14,SELL,100.1,01 Feb 2024 10:54:29,-464.75,9256
1012,NIFTY01FEB2421850PE,65,SELL,142.95,01 Feb 2024 10:45:14,BUY,133.3,01 Feb 2024 10:54:29,627.25,9256
1013,NIFTY08FEB2422000PE,65,BUY,158.9,02 Feb 2024 10:45:14,SELL,142.05,02 Feb 2024 11:05:00,-1095.25,9386
1013,NIFTY08FEB2422050PE,65,SELL,184.4,02 Feb 2024 10:45:14,BUY,165.55,02 Feb 2024 11:05:00,1225.25,9386
1014,NIFTY08FEB2421950PE,65,BUY,174.5,05 Feb 2024 10:45:14,SELL,183.2,05 Feb 2024 10:51:44,565.5,9236.5
1014,NIFTY08FEB2422000PE,65,SELL,203.6,05 Feb 2024 10:45:14,BUY,214.6,05 Feb 2024 10:52:00,-715,9236.5
1015,NIFTY08FEB2421800PE,65,BUY,128.35,06 Feb 2024 10:45:14,SELL,117.85,06 Feb 2024 10:55:00,-682.5,9366.5
1015,NIFTY08FEB2421850PE,65,SELL,154.4,06 Feb 2024 10:45:14,BUY,141.9,06 Feb 2024 10:55:00,812.5,9366.5
1016,NIFTY08FEB2421950PE,65,BUY,92.65,07 Feb 2024 10:45:14,SELL,97.25,07 Feb 2024 10:45:44,299,9984
1016,NIFTY08FEB2422000PE,65,SELL,117.2,07 Feb 2024 10:45:14,BUY,112.3,07 Feb 2024 10:46:00,318.5,9984
1017,NIFTY08FEB2421900PE,65,BUY,67.85,08 Feb 2024 10:45:14,SELL,71.2,08 Feb 2024 10:45:44,217.75,10660
1017,NIFTY08FEB2421950PE,65,SELL,105.75,08 Feb 2024 10:45:14,BUY,98.7,08 Feb 2024 10:46:00,458.25,10660
1018,NIFTY15FEB2421700PE,65,BUY,163.3,09 Feb 2024 10:45:14,SELL,171.45,09 Feb 2024 10:47:44,529.75,10653.5
1018,NIFTY15FEB2421750PE,65,SELL,185.9,09 Feb 2024 10:45:14,BUY,194.15,09 Feb 2024 10:48:00,-536.25,10653.5
1019,NIFTY15FEB2421700PE,65,BUY,138.05,12 Feb 2024 10:45:14,SELL,144.95,12 Feb 2024 10:50:44,448.5,10354.5
1019,NIFTY15FEB2421750PE,65,SELL,163.15,12 Feb 2024 10:45:14,BUY,174.65,12 Feb 2024 10:51:00,-747.5,10354.5
1020,NIFTY15FEB2421700PE,65,BUY,120.9,13 Feb 2024 10:45:14,SELL,102,13 Feb 2024 10:51:29,-1228.5,10578.75
1020,NIFTY15FEB2421750PE,65,SELL,146.6,13 Feb 2024 10:45:14,BUY,124.25,13 Feb 2024 10:51:29,1452.75,10578.75
1021,NIFTY15FEB2421600PE,65,BUY,96.7,14 Feb 2024 10:45:14,SELL,101.5,14 Feb 2024 10:47:44,312,10660
1021,NIFTY15FEB2421650PE,65,SELL,124.55,14 Feb 2024 10:45:14,BUY,128.1,14 Feb 2024 10:48:00,-230.75,10660
1022,NIFTY15FEB2421850PE,65,BUY,32.75,15 Feb 2024 10:45:14,SELL,34.35,15 Feb 2024 10:45:44,104,10715.25
1022,NIFTY15FEB2421900PE,65,SELL,56.1,15 Feb 2024 10:45:14,BUY,56.85,15 Feb 2024 10:46:00,-48.75,10715.25
1023,NIFTY22FEB2422050PE,65,BUY,150.4,16 Feb 2024 10:45:14,SELL,157.9,16 Feb 2024 11:36:44,487.5,10656.75
1023,NIFTY22FEB2422100PE,65,SELL,174.4,16 Feb 2024 10:45:14,BUY,182.8,16 Feb 2024 11:37:00,-546,10656.75
1024,NIFTY22FEB2422100PE,65,BUY,148,19 Feb 2024 10:45:14,SELL,138,19 Feb 2024 10:57:14,-650,10796.5
1024,NIFTY22FEB2422150PE,65,SELL,174.7,19 Feb 2024 10:45:14,BUY,162.55,19 Feb 2024 10:57:14,789.75,10796.5
1025,NIFTY22FEB2422050PE,65,BUY,110.55,20 Feb 2024 10:45:14,SELL,116.05,20 Feb 2024 10:51:44,357.5,10760.75
1025,NIFTY22FEB2422100PE,65,SELL,133.85,20 Feb 2024 10:45:14,BUY,139.9,20 Feb 2024 10:52:00,-393.25,10760.75
1026,NIFTY22FEB2422150PE,65,BUY,88.8,21 Feb 2024 10:45:14,SELL,93.2,21 Feb 2024 10:45:44,286,10595
1026,NIFTY22FEB2422200PE,65,SELL,113.4,21 Feb 2024 10:45:14,BUY,120.35,21 Feb 2024 10:46:00,-451.75,10595
1027,NIFTY22FEB2421950PE,65,BUY,79.65,22 Feb 2024 10:45:14,SELL,83.6,22 Feb 2024 10:46:44,256.75,10595
1027,NIFTY22FEB2422000PE,65,SELL,115.3,22 Feb 2024 10:45:14,BUY,119.25,22 Feb 2024 10:47:00,-256.75,10595
1028,NIFTY29FEB2422200PE,65,BUY,129.45,23 Feb 2024 10:45:14,SELL,108.8,23 Feb 2024 11:04:29,-1342.25,10757.5
1028,NIFTY29FEB2422250PE,65,SELL,150.7,23 Feb 2024 10:45:14,BUY,127.55,23 Feb 2024 11:04:29,1504.75,10757.5
1029,NIFTY29FEB2422100PE,65,BUY,127.35,26 Feb 2024 10:45:14,SELL,133.7,26 Feb 2024 10:59:44,412.75,10705.5
1029,NIFTY29FEB2422150PE,65,SELL,150.7,26 Feb 2024 10:45:14,BUY,157.85,26 Feb 2024 11:00:00,-464.75,10705.5
1030,NIFTY29FEB2422050PE,65,BUY,89.65,27 Feb 2024 10:45:14,SELL,78.35,27 Feb 2024 11:00:29,-734.5,10848.5
1030,NIFTY29FEB2422100PE,65,SELL,111.15,27 Feb 2024 10:45:14,BUY,97.65,27 Feb 2024 11:00:29,877.5,10848.5
1031,NIFTY29FEB2422150PE,65,BUY,69.45,28 Feb 2024 10:45:14,SELL,72.9,28 Feb 2024 10:46:44,224.25,10725
1031,NIFTY29FEB2422200PE,65,SELL,91.55,28 Feb 2024 10:45:14,BUY,96.9,28 Feb 2024 10:47:00,-347.75,10725
1032,NIFTY29FEB2421850PE,65,BUY,45.55,29 Feb 2024 10:45:14,SELL,47.8,29 Feb 2024 10:45:44,146.25,10679.5
1032,NIFTY29FEB2421900PE,65,SELL,65.3,29 Feb 2024 10:45:14,BUY,68.25,29 Feb 2024 10:46:00,-191.75,10679.5
1033,NIFTY07MAR2422250PE,65,BUY,180.25,01 Mar 2024 10:45:14,SELL,152.55,01 Mar 2024 11:10:29,-1800.5,10871.25
1033,NIFTY07MAR2422300PE,65,SELL,206.35,01 Mar 2024 10:45:14,BUY,175.7,01 Mar 2024 11:10:29,1992.25,10871.25
1034,NIFTY07MAR2422500PE,65,BUY,160.2,04 Mar 2024 10:45:14,SELL,168.2,04 Mar 2024 10:49:44,520,10679.5
1034,NIFTY07MAR2422550PE,65,SELL,187.7,04 Mar 2024 10:45:14,BUY,198.65,04 Mar 2024 10:50:00,-711.75,10679.5
1035,NIFTY07MAR2422350PE,65,BUY,140.45,05 Mar 2024 10:45:14,SELL,147.45,05 Mar 2024 11:07:44,455,10695.75
1035,NIFTY07MAR2422400PE,65,SELL,169.8,05 Mar 2024 10:45:14,BUY,176.55,05 Mar 2024 11:08:00,-438.75,10695.75
1036,NIFTY07MAR2422350PE,65,BUY,106.7,06 Mar 2024 10:45:14,SELL,112,06 Mar 2024 10:45:44,344.5,10809.5
1036,NIFTY07MAR2422400PE,65,SELL,137.45,06 Mar 2024 10:45:14,BUY,141,06 Mar 2024 10:46:00,-230.75,10809.5
1037,NIFTY07MAR2422500PE,65,BUY,63.45,07 Mar 2024 10:45:14,SELL,66.6,07 Mar 2024 10:45:44,204.75,11124.75
1037,NIFTY07MAR2422550PE,65,SELL,104.8,07 Mar 2024 10:45:14,BUY,103.1,07 Mar 2024 10:46:00,110.5,11124.75
1038,NIFTY14MAR2422450PE,65,BUY,123.95,11 Mar 2024 10:45:14,SELL,130.1,11 Mar 2024 10:49:44,399.75,10897.25
1038,NIFTY14MAR2422500PE,65,SELL,149.8,11 Mar 2024 10:45:14,BUY,159.45,11 Mar 2024 10:50:00,-627.25,10897.25
1039,NIFTY14MAR2422400PE,65,BUY,101.5,12 Mar 2024 10:45:14,SELL,106.55,12 Mar 2024 10:45:44,328.25,10663.25
1039,NIFTY14MAR2422450PE,65,SELL,127.35,12 Mar 2024 10:45:14,BUY,136,12 Mar 2024 10:46:00,-562.25,10663.25
1040,NIFTY14MAR2422350PE,65,BUY,87.4,13 Mar 2024 10:45:14,SELL,91.75,13 Mar 2024 10:46:44,282.75,10617.75
1040,NIFTY14MAR2422400PE,65,SELL,113.5,13 Mar 2024 10:45:14,BUY,118.55,13 Mar 2024 10:47:00,-328.25,10617.75
1041,NIFTY14MAR2422150PE,65,BUY,85.8,14 Mar 2024 10:45:14,SELL,90.05,14 Mar 2024 10:48:44,276.25,10341.5
1041,NIFTY14MAR2422200PE,65,SELL,127,14 Mar 2024 10:45:14,BUY,135.5,14 Mar 2024 10:49:00,-552.5,10341.5
1042,NIFTY21MAR2422000PE,65,BUY,157.55,15 Mar 2024 10:45:14,SELL,165.4,15 Mar 2024 11:03:44,510.25,10572.25
1042,NIFTY21MAR2422050PE,65,SELL,181.85,15 Mar 2024 10:45:14,BUY,186.15,15 Mar 2024 11:04:00,-279.5,10572.25
1043,NIFTY21MAR2422050PE,65,BUY,151.95,18 Mar 2024 10:45:14,SELL,159.5,18 Mar 2024 10:57:44,490.75,10617.75
1043,NIFTY21MAR2422100PE,65,SELL,179,18 Mar 2024 10:45:14,BUY,185.85,18 Mar 2024 10:58:00,-445.25,10617.75
1044,NIFTY21MAR2421900PE,65,BUY,127.45,19 Mar 2024 10:45:14,SELL,133.8,19 Mar 2024 10:50:44,412.75,10575.5
1044,NIFTY21MAR2421950PE,65,SELL,155.35,19 Mar 2024 10:45:14,BUY,162.35,19 Mar 2024 10:51:00,-455,10575.5
1045,NIFTY21MAR2421750PE,65,BUY,94.25,20 Mar 2024 10:45:14,SELL,98.95,20 Mar 2024 10:45:44,305.5,10552.75
1045,NIFTY21MAR2421800PE,65,SELL,122.15,20 Mar 2024 10:45:14,BUY,127.2,20 Mar 2024 10:46:00,-328.25,10552.75
1046,NIFTY21MAR2422050PE,65,BUY,39.75,21 Mar 2024 10:45:14,SELL,32.35,21 Mar 2024 10:48:29,-481,10725
1046,NIFTY21MAR2422100PE,65,SELL,76.05,21 Mar 2024 10:45:14,BUY,66,21 Mar 2024 10:48:29,653.25,10725
1047,NIFTY28MAR2422050PE,65,BUY,105.85,22 Mar 2024 10:45:14,SELL,111.1,22 Mar 2024 10:46:44,341.25,10764
1047,NIFTY28MAR2422100PE,65,SELL,125.5,22 Mar 2024 10:45:14,BUY,130.15,22 Mar 2024 10:47:00,-302.25,10764
1048,NIFTY28MAR2422050PE,65,BUY,87.1,26 Mar 2024 10:45:14,SELL,72.45,26 Mar 2024 11:27:29,-952.25,10910.25
1048,NIFTY28MAR2422100PE,65,SELL,108.05,26 Mar 2024 10:45:14,BUY,91.15,26 Mar 2024 11:27:29,1098.5,10910.25
1049,NIFTY28MAR2422150PE,65,BUY,56.25,27 Mar 2024 10:45:14,SELL,59.05,27 Mar 2024 10:48:44,182,10851.75
1049,NIFTY28MAR2422200PE,65,SELL,75.8,27 Mar 2024 10:45:14,BUY,79.5,27 Mar 2024 10:49:00,-240.5,10851.75
1050,NIFTY28MAR2422350PE,65,BUY,35.15,28 Mar 2024 10:45:14,SELL,36.9,28 Mar 2024 10:48:44,113.75,10848.5
1050,NIFTY28MAR2422400PE,65,SELL,55.6,28 Mar 2024 10:45:14,BUY,57.4,28 Mar 2024 10:49:00,-117,10848.5
1051,NIFTY04APR2422550PE,65,BUY,135.55,01 Apr 2024 10:45:14,SELL,142.3,01 Apr 2024 10:47:44,438.75,10936.25
1051,NIFTY04APR2422600PE,65,SELL,163.9,01 Apr 2024 10:45:14,BUY,169.3,01 Apr 2024 10:48:00,-351,10936.25
1052,NIFTY04APR2422500PE,65,BUY,137.65,02 Apr 2024 10:45:14,SELL,144.5,02 Apr 2024 10:55:14,445.25,11004.5
1052,NIFTY04APR2422550PE,65,SELL,169.85,02 Apr 2024 10:45:14,BUY,175.65,02 Apr 2024 10:55:29,-377,11004.5
1053,NIFTY04APR2422500PE,65,BUY,115.4,03 Apr 2024 10:45:14,SELL,121.15,03 Apr 2024 10:46:44,373.75,10708.75
1053,NIFTY04APR2422550PE,65,SELL,151.15,03 Apr 2024 10:45:14,BUY,161.45,03 Apr 2024 10:47:00,-669.5,10708.75
1054,NIFTY04APR2422450PE,65,BUY,85.4,04 Apr 2024 10:45:14,SELL,89.65,04 Apr 2024 10:52:44,276.25,8953.75
1054,NIFTY04APR2422500PE,65,SELL,125.05,04 Apr 2024 10:45:14,BUY,156.3,04 Apr 2024 10:52:44,-2031.25,8953.75
1055,NIFTY10APR2422500PE,65,BUY,125.6,05 Apr 2024 10:45:14,SELL,131.85,05 Apr 2024 11:22:44,406.25,8801
1055,NIFTY10APR2422550PE,65,SELL,150.9,05 Apr 2024 10:45:14,BUY,159.5,05 Apr 2024 11:23:00,-559,8801
1056,NIFTY10APR2422650PE,65,BUY,105.05,08 Apr 2024 10:45:14,SELL,110.3,08 Apr 2024 10:48:44,341.25,8866
1056,NIFTY10APR2422700PE,65,SELL,131.85,08 Apr 2024 10:45:14,BUY,136.1,08 Apr 2024 10:49:00,-276.25,8866
1057,NIFTY10APR2422800PE,65,BUY,81.8,09 Apr 2024 10:45:14,SELL,85.85,09 Apr 2024 10:49:44,263.25,8710
1057,NIFTY10APR2422850PE,65,SELL,109.95,09 Apr 2024 10:45:14,BUY,116.4,09 Apr 2024 10:50:00,-419.25,8710
1058,NIFTY10APR2422750PE,65,BUY,55.7,10 Apr 2024 10:45:14,SELL,58.45,10 Apr 2024 10:50:44,178.75,8775
1058,NIFTY10APR2422800PE,65,SELL,95.25,10 Apr 2024 10:45:14,BUY,97,10 Apr 2024 10:51:00,-113.75,8775
1059,NIFTY18APR2422650PE,65,BUY,110,12 Apr 2024 10:45:14,SELL,115.5,12 Apr 2024 10:54:14,357.5,8859.5
1059,NIFTY18APR2422700PE,65,SELL,134.2,12 Apr 2024 10:45:14,BUY,138.4,12 Apr 2024 10:54:29,-273,8859.5
1060,NIFTY18APR2422400PE,65,BUY,100.75,15 Apr 2024 10:45:14,SELL,87.6,15 Apr 2024 10:54:00,-854.75,9002.5
1060,NIFTY18APR2422450PE,65,SELL,123.3,15 Apr 2024 10:45:14,BUY,107.95,15 Apr 2024 10:54:00,997.75,9002.5
1061,NIFTY18APR2422150PE,65,BUY,68.75,16 Apr 2024 10:45:14,SELL,57.75,16 Apr 2024 11:22:29,-715,9132.5
1061,NIFTY18APR2422200PE,65,SELL,90.85,16 Apr 2024 10:45:14,BUY,77.85,16 Apr 2024 11:22:29,845,9132.5
1062,NIFTY18APR2422150PE,65,BUY,31.75,18 Apr 2024 10:45:14,SELL,33.3,18 Apr 2024 10:45:44,100.75,9080.5
1062,NIFTY18APR2422200PE,65,SELL,53.9,18 Apr 2024 10:45:14,BUY,56.25,18 Apr 2024 10:46:00,-152.75,9080.5
1063,NIFTY25APR2421800PE,65,BUY,142.5,19 Apr 2024 10:45:14,SELL,149.6,19 Apr 2024 10:53:44,461.5,8950.5
1063,NIFTY25APR2421850PE,65,SELL,161.65,19 Apr 2024 10:45:14,BUY,170.75,19 Apr 2024 10:54:00,-591.5,8950.5
1064,NIFTY25APR2422200PE,65,BUY,113.7,22 Apr 2024 10:45:14,SELL,119.35,22 Apr 2024 10:46:44,367.25,9005.75
1064,NIFTY25APR2422250PE,65,SELL,136.3,22 Apr 2024 10:45:14,BUY,141.1,22 Apr 2024 10:47:00,-312,9005.75
1065,NIFTY25APR2422300PE,65,BUY,70.8,23 Apr 2024 10:45:14,SELL,74.3,23 Apr 2024 10:48:44,227.5,8957
1065,NIFTY25APR2422350PE,65,SELL,90.55,23 Apr 2024 10:45:14,BUY,94.8,23 Apr 2024 10:49:00,-276.25,8957
1066,NIFTY25APR2422450PE,65,BUY,53.85,24 Apr 2024 10:45:14,SELL,56.5,24 Apr 2024 10:46:44,172.25,8895.25
1066,NIFTY25APR2422500PE,65,SELL,75.25,24 Apr 2024 10:45:14,BUY,78.85,24 Apr 2024 10:47:00,-234,8895.25
1067,NIFTY25APR2422400PE,65,BUY,30.95,25 Apr 2024 10:45:14,SELL,32.45,25 Apr 2024 10:46:44,97.5,8742.5
1067,NIFTY25APR2422450PE,65,SELL,50.15,25 Apr 2024 10:45:14,BUY,54,25 Apr 2024 10:47:00,-250.25,8742.5
1068,NIFTY02MAY2422600PE,65,BUY,160.7,26 Apr 2024 10:45:14,SELL,145.35,26 Apr 2024 10:59:29,-997.75,8879
1068,NIFTY02MAY2422650PE,65,SELL,188.9,26 Apr 2024 10:45:14,BUY,171.45,26 Apr 2024 10:59:29,1134.25,8879
1069,NIFTY02MAY2422600PE,65,BUY,109.4,29 Apr 2024 10:45:14,SELL,114.85,29 Apr 2024 10:49:44,354.25,8992.75
1069,NIFTY02MAY2422650PE,65,SELL,134.5,29 Apr 2024 10:45:14,BUY,138.2,29 Apr 2024 10:50:00,-240.5,8992.75
1070,NIFTY02MAY2422800PE,65,BUY,97.15,30 Apr 2024 10:45:14,SELL,92.8,30 Apr 2024 10:49:29,-282.75,9132.5
1070,NIFTY02MAY2422850PE,65,SELL,124.9,30 Apr 2024 10:45:14,BUY,118.4,30 Apr 2024 10:49:29,422.5,9132.5
1071,NIFTY02MAY2422700PE,65,BUY,39.4,02 May 2024 10:45:14,SELL,41.35,02 May 2024 10:45:44,126.75,9100
1071,NIFTY02MAY2422750PE,65,SELL,65.15,02 May 2024 10:45:14,BUY,67.6,02 May 2024 10:46:00,-159.25,9100
1072,NIFTY09MAY2422700PE,65,BUY,157.75,03 May 2024 10:45:14,SELL,165.6,03 May 2024 10:49:44,510.25,9516
1072,NIFTY09MAY2422750PE,65,SELL,184,03 May 2024 10:45:14,BUY,185.45,03 May 2024 10:50:00,-94.25,9516
1073,NIFTY09MAY2422550PE,65,BUY,138.1,06 May 2024 10:45:14,SELL,145,06 May 2024 10:46:44,448.5,9122.75
1073,NIFTY09MAY2422600PE,65,SELL,164,06 May 2024 10:45:14,BUY,176.95,06 May 2024 10:47:00,-841.75,9122.75
1074,NIFTY09MAY2422350PE,65,BUY,128.15,07 May 2024 10:45:14,SELL,122,07 May 2024 10:45:29,-399.75,9256
1074,NIFTY09MAY2422400PE,65,SELL,156.75,07 May 2024 10:45:14,BUY,148.55,07 May 2024 10:45:29,533,9256
1075,NIFTY09MAY2422250PE,65,BUY,111.3,08 May 2024 10:45:14,SELL,116.85,08 May 2024 10:52:44,360.75,9571.25
1075,NIFTY09MAY2422300PE,65,SELL,142.2,08 May 2024 10:45:14,BUY,142.9,08 May 2024 10:53:00,-45.5,9571.25
1076,NIFTY09MAY2422200PE,65,BUY,104.9,09 May 2024 10:45:14,SELL,110.1,09 May 2024 10:47:44,338,9815
1076,NIFTY09MAY2422250PE,65,SELL,143.85,09 May 2024 10:45:14,BUY,145.3,09 May 2024 10:48:00,-94.25,9815
1077,NIFTY16MAY2422150PE,65,BUY,170.35,10 May 2024 10:45:14,SELL,178.85,10 May 2024 10:46:44,552.5,9145.5
1077,NIFTY16MAY2422200PE,65,SELL,196.75,10 May 2024 10:45:14,BUY,215.55,10 May 2024 10:47:00,-1222,9145.5
1078,NIFTY16MAY2421850PE,65,BUY,151.6,13 May 2024 10:45:14,SELL,159.15,13 May 2024 10:45:44,490.75,9480.25
1078,NIFTY16MAY2421900PE,65,SELL,178.35,13 May 2024 10:45:14,BUY,180.75,13 May 2024 10:46:00,-156,9480.25
1079,NIFTY16MAY2422200PE,65,BUY,133,14 May 2024 10:45:14,SELL,139.65,14 May 2024 10:45:44,432.25,9473.75
1079,NIFTY16MAY2422250PE,65,SELL,162.35,14 May 2024 10:45:14,BUY,169.1,14 May 2024 10:46:00,-438.75,9473.75
1080,NIFTY16MAY2422150PE,65,BUY,95.5,15 May 2024 10:45:14,SELL,100.25,15 May 2024 10:45:44,308.75,9860.5
1080,NIFTY16MAY2422200PE,65,SELL,123.3,15 May 2024 10:45:14,BUY,122.1,15 May 2024 10:46:00,78,9860.5
1081,NIFTY16MAY2422250PE,65,BUY,94.7,16 May 2024 10:45:14,SELL,99.4,16 May 2024 10:46:44,305.5,8635.25
1081,NIFTY16MAY2422300PE,65,SELL,130.95,16 May 2024 10:45:14,BUY,154.5,16 May 2024 10:47:00,-1530.75,8635.25
1082,NIFTY23MAY2422450PE,65,BUY,145.8,17 May 2024 10:45:14,SELL,153.05,17 May 2024 10:49:44,471.25,8453.25
1082,NIFTY23MAY2422500PE,65,SELL,170,17 May 2024 10:45:14,BUY,180.05,17 May 2024 10:50:00,-653.25,8453.25
1083,NIFTY23MAY2422450PE,65,BUY,107.25,21 May 2024 10:45:14,SELL,95.95,21 May 2024 10:49:29,-734.5,8625.5
1083,NIFTY23MAY2422500PE,65,SELL,132.45,21 May 2024 10:45:14,BUY,118.5,21 May 2024 10:49:29,906.75,8625.5
1084,NIFTY23MAY2422550PE,65,BUY,88.55,22 May 2024 10:45:14,SELL,80.65,22 May 2024 10:50:29,-513.5,8775
1084,NIFTY23MAY2422600PE,65,SELL,114.6,22 May 2024 10:45:14,BUY,104.4,22 May 2024 10:50:29,663,8775
1085,NIFTY23MAY2422650PE,65,BUY,50.3,23 May 2024 10:45:14,SELL,41.1,23 May 2024 10:48:29,-598,8963.5
1085,NIFTY23MAY2422700PE,65,SELL,76.15,23 May 2024 10:45:14,BUY,64.05,23 May 2024 10:48:29,786.5,8963.5
1086,NIFTY30MAY2422950PE,65,BUY,145.5,24 May 2024 10:45:14,SELL,129.8,24 May 2024 10:59:29,-1020.5,9103.25
1086,NIFTY30MAY2423000PE,65,SELL,167.2,24 May 2024 10:45:14,BUY,149.35,24 May 2024 10:59:29,1160.25,9103.25
1087,NIFTY30MAY2423000PE,65,BUY,113.4,27 May 2024 10:45:14,SELL,119.05,27 May 2024 11:13:44,367.25,9113
1087,NIFTY30MAY2423050PE,65,SELL,135.2,27 May 2024 10:45:14,BUY,140.7,27 May 2024 11:14:00,-357.5,9113
1088,NIFTY30MAY2422950PE,65,BUY,94.9,28 May 2024 10:45:14,SELL,99.6,28 May 2024 10:46:44,305.5,8911.5
1088,NIFTY30MAY2423000PE,65,SELL,115.2,28 May 2024 10:45:14,BUY,123,28 May 2024 10:47:00,-507,8911.5
1089,NIFTY30MAY2422750PE,65,BUY,89.95,29 May 2024 10:45:14,SELL,94.4,29 May 2024 10:49:44,289.25,8710
1089,NIFTY30MAY2422800PE,65,SELL,113.6,29 May 2024 10:45:14,BUY,121.15,29 May 2024 10:50:00,-490.75,8710
1090,NIFTY30MAY2422550PE,65,BUY,51.05,30 May 2024 10:45:14,SELL,53.6,30 May 2024 10:56:44,165.75,8739.25
1090,NIFTY30MAY2422600PE,65,SELL,73.85,30 May 2024 10:45:14,BUY,75.95,30 May 2024 10:57:00,-136.5,8739.25
1091,NIFTY06JUN2422600PE,65,BUY,400,31 May 2024 10:45:14,SELL,420,31 May 2024 11:03:44,1300,8710
1091,NIFTY06JUN2422650PE,65,SELL,421.75,31 May 2024 10:45:14,BUY,442.2,31 May 2024 11:04:00,-1329.25,8710
1092,NIFTY06JUN2423200PE,65,BUY,320.3,03 Jun 2024 10:45:14,SELL,328.1,03 Jun 2024 11:06:14,507,8843.25
1092,NIFTY06JUN2423250PE,65,SELL,345.85,03 Jun 2024 10:45:14,BUY,351.6,03 Jun 2024 11:06:14,-373.75,8843.25
1093,NIFTY06JUN2422550PE,65,BUY,435.55,04 Jun 2024 10:45:14,SELL,457.3,04 Jun 2024 10:45:44,1413.75,9883.25
1093,NIFTY06JUN2422600PE,65,SELL,464.3,04 Jun 2024 10:45:14,BUY,470.05,04 Jun 2024 10:46:00,-373.75,9883.25
1094,NIFTY06JUN2422050PE,65,BUY,211.65,05 Jun 2024 10:45:14,SELL,191.8,05 Jun 2024 10:46:29,-1290.25,10039.25
1094,NIFTY06JUN2422100PE,65,SELL,240.6,05 Jun 2024 10:45:14,BUY,218.35,05 Jun 2024 10:46:29,1446.25,10039.25
1095,NIFTY06JUN2422850PE,65,BUY,88.1,06 Jun 2024 10:45:14,SELL,92.5,06 Jun 2024 10:46:44,286,10026.25
1095,NIFTY06JUN2422900PE,65,SELL,119.4,06 Jun 2024 10:45:14,BUY,124,06 Jun 2024 10:47:00,-299,10026.25
1096,NIFTY13JUN2423000PE,65,BUY,199.4,07 Jun 2024 10:45:14,SELL,186.15,07 Jun 2024 11:02:29,-861.25,10175.75
1096,NIFTY13JUN2423050PE,65,SELL,222,07 Jun 2024 10:45:14,BUY,206.45,07 Jun 2024 11:02:29,1010.75,10175.75
1097,NIFTY13JUN2423300PE,65,BUY,185.25,10 Jun 2024 10:45:14,SELL,194.5,10 Jun 2024 10:46:44,601.25,10640.5
1097,NIFTY13JUN2423350PE,65,SELL,209.3,10 Jun 2024 10:45:14,BUY,211.4,10 Jun 2024 10:47:00,-136.5,10640.5
1098,NIFTY13JUN2423300PE,65,BUY,122.05,11 Jun 2024 10:45:14,SELL,128.15,11 Jun 2024 11:01:44,396.5,10582
1098,NIFTY13JUN2423350PE,65,SELL,145.65,11 Jun 2024 10:45:14,BUY,152.65,11 Jun 2024 11:02:00,-455,10582
1099,NIFTY13JUN2423400PE,65,BUY,70.15,12 Jun 2024 10:45:14,SELL,73.65,12 Jun 2024 10:48:44,227.5,10728.25
1099,NIFTY13JUN2423450PE,65,SELL,89.75,12 Jun 2024 10:45:14,BUY,91,12 Jun 2024 10:49:00,-81.25,10728.25
1100,NIFTY13JUN2423350PE,65,BUY,29.25,13 Jun 2024 10:45:14,SELL,30.7,13 Jun 2024 10:45:44,94.25,11053.25
1100,NIFTY13JUN2423400PE,65,SELL,55.1,13 Jun 2024 10:45:14,BUY,51.55,13 Jun 2024 10:46:00,230.75,11053.25
1101,NIFTY20JUN2423400PE,65,BUY,103.1,14 Jun 2024 10:45:14,SELL,108.25,14 Jun 2024 12:35:44,334.75,10975.25
1101,NIFTY20JUN2423450PE,65,SELL,124.55,14 Jun 2024 10:45:14,BUY,130.9,14 Jun 2024 12:36:00,-412.75,10975.25
1102,NIFTY20JUN2423500PE,65,BUY,63.6,18 Jun 2024 10:45:14,SELL,66.75,18 Jun 2024 11:03:44,204.75,10920
1102,NIFTY20JUN2423550PE,65,SELL,82.75,18 Jun 2024 10:45:14,BUY,86.75,18 Jun 2024 11:04:00,-260,10920
1103,NIFTY20JUN2423400PE,65,BUY,65.3,19 Jun 2024 10:45:14,SELL,68.55,19 Jun 2024 10:45:44,211.25,11183.25
1103,NIFTY20JUN2423450PE,65,SELL,87.05,19 Jun 2024 10:45:14,BUY,86.25,19 Jun 2024 10:46:00,52,11183.25
1104,NIFTY20JUN2423500PE,65,BUY,41.05,20 Jun 2024 10:45:14,SELL,43.1,20 Jun 2024 10:45:44,133.25,11277.5
1104,NIFTY20JUN2423550PE,65,SELL,71.35,20 Jun 2024 10:45:14,BUY,71.95,20 Jun 2024 10:46:00,-39,11277.5
1105,NIFTY27JUN2423500PE,65,BUY,100.45,21 Jun 2024 10:45:14,SELL,105.45,21 Jun 2024 10:45:44,325,10507.25
1105,NIFTY27JUN2423550PE,65,SELL,120.7,21 Jun 2024 10:45:14,BUY,137.55,21 Jun 2024 10:46:00,-1095.25,10507.25
1106,NIFTY27JUN2423450PE,65,BUY,105.4,24 Jun 2024 10:45:14,SELL,110.65,24 Jun 2024 10:46:44,341.25,10790
1106,NIFTY27JUN2423500PE,65,SELL,128.4,24 Jun 2024 10:45:14,BUY,129.3,24 Jun 2024 10:47:00,-58.5,10790
1107,NIFTY27JUN2423550PE,65,BUY,80.75,25 Jun 2024 10:45:14,SELL,70.6,25 Jun 2024 10:49:14,-659.75,10965.5
1107,NIFTY27JUN2423600PE,65,SELL,101.25,25 Jun 2024 10:45:14,BUY,88.4,25 Jun 2024 10:49:14,835.25,10965.5
1108,NIFTY27JUN2423650PE,65,BUY,58.75,26 Jun 2024 10:45:14,SELL,51.95,26 Jun 2024 10:49:29,-442,11095.5
1108,NIFTY27JUN2423700PE,65,SELL,78.35,26 Jun 2024 10:45:14,BUY,69.55,26 Jun 2024 10:49:29,572,11095.5
1109,NIFTY27JUN2423800PE,65,BUY,38.4,27 Jun 2024 10:45:14,SELL,40.3,27 Jun 2024 10:45:44,123.5,11160.5
1109,NIFTY27JUN2423850PE,65,SELL,60.15,27 Jun 2024 10:45:14,BUY,61.05,27 Jun 2024 10:46:00,-58.5,11160.5
1110,NIFTY04JUL2424200PE,65,BUY,175.5,28 Jun 2024 10:45:14,SELL,184.25,28 Jun 2024 11:29:44,568.75,10773.75
1110,NIFTY04JUL2424250PE,65,SELL,200.3,28 Jun 2024 10:45:14,BUY,215,28 Jun 2024 11:30:00,-955.5,10773.75
1111,NIFTY04JUL2424100PE,65,BUY,135,01 Jul 2024 10:45:14,SELL,141.75,01 Jul 2024 10:47:44,438.75,10686
1111,NIFTY04JUL2424150PE,65,SELL,160.8,01 Jul 2024 10:45:14,BUY,168.9,01 Jul 2024 10:48:00,-526.5,10686
1112,NIFTY04JUL2424150PE,65,BUY,110,02 Jul 2024 10:45:14,SELL,94.2,02 Jul 2024 10:59:29,-1027,10855
1112,NIFTY04JUL2424200PE,65,SELL,135,02 Jul 2024 10:45:14,BUY,116.6,02 Jul 2024 10:59:29,1196,10855
1113,NIFTY04JUL2424300PE,65,BUY,90,03 Jul 2024 10:45:14,SELL,94.5,03 Jul 2024 11:14:44,292.5,10760.75
1113,NIFTY04JUL2424350PE,65,SELL,116.5,03 Jul 2024 10:45:14,BUY,122.45,03 Jul 2024 11:15:00,-386.75,10760.75
1114,NIFTY04JUL2424350PE,65,BUY,47.6,04 Jul 2024 10:45:14,SELL,49.95,04 Jul 2024 10:45:44,152.75,10643.75
1114,NIFTY04JUL2424400PE,65,SELL,82.15,04 Jul 2024 10:45:14,BUY,86.3,04 Jul 2024 10:46:00,-269.75,10643.75
1115,NIFTY11JUL2424250PE,65,BUY,116.05,05 Jul 2024 10:45:14,SELL,121.85,05 Jul 2024 11:11:44,377,10695.75
1115,NIFTY11JUL2424300PE,65,SELL,139.9,05 Jul 2024 10:45:14,BUY,144.9,05 Jul 2024 11:12:00,-325,10695.75
1116,NIFTY11JUL2424300PE,65,BUY,100.15,08 Jul 2024 10:45:14,SELL,105.15,08 Jul 2024 10:51:44,325,10536.5
1116,NIFTY11JUL2424350PE,65,SELL,125.8,08 Jul 2024 10:45:14,BUY,133.25,08 Jul 2024 10:52:00,-484.25,10536.5
1117,NIFTY11JUL2424400PE,65,BUY,90.55,09 Jul 2024 10:45:14,SELL,80.85,09 Jul 2024 11:45:00,-630.5,10695.75
1117,NIFTY11JUL2424450PE,65,SELL,116.1,09 Jul 2024 10:45:14,BUY,103.95,09 Jul 2024 11:45:00,789.75,10695.75
1118,NIFTY11JUL2424200PE,65,BUY,92.8,10 Jul 2024 10:45:14,SELL,97.4,10 Jul 2024 10:45:44,299,10614.5
1118,NIFTY11JUL2424250PE,65,SELL,119.05,10 Jul 2024 10:45:14,BUY,124.9,10 Jul 2024 10:46:00,-380.25,10614.5
1119,NIFTY11JUL2424250PE,65,BUY,42,11 Jul 2024 10:45:14,SELL,37.85,11 Jul 2024 10:45:29,-269.75,10757.5
1119,NIFTY11JUL2424300PE,65,SELL,78.65,11 Jul 2024 10:45:14,BUY,72.3,11 Jul 2024 10:45:29,412.75,10757.5
1120,NIFTY18JUL2424400PE,65,BUY,104.8,12 Jul 2024 10:45:14,SELL,80.1,12 Jul 2024 10:53:29,-1605.5,11056.5
1120,NIFTY18JUL2424450PE,65,SELL,127.9,12 Jul 2024 10:45:14,BUY,98.6,12 Jul 2024 10:53:29,1904.5,11056.5
1121,NIFTY18JUL2424550PE,65,BUY,82.8,15 Jul 2024 10:45:14,SELL,86.9,15 Jul 2024 10:52:44,266.5,11111.75
1121,NIFTY18JUL2424600PE,65,SELL,103.35,15 Jul 2024 10:45:14,BUY,106.6,15 Jul 2024 10:53:00,-211.25,11111.75
1122,NIFTY18JUL2424650PE,65,BUY,70.8,16 Jul 2024 10:45:14,SELL,74.3,16 Jul 2024 11:11:44,227.5,11024
1122,NIFTY18JUL2424700PE,65,SELL,93.1,16 Jul 2024 10:45:14,BUY,97.95,16 Jul 2024 11:12:00,-315.25,11024
1123,NIFTY18JUL2424600PE,65,BUY,22.05,18 Jul 2024 10:45:14,SELL,23.15,18 Jul 2024 10:46:44,71.5,10929.75
1123,NIFTY18JUL2424650PE,65,SELL,39,18 Jul 2024 10:45:14,BUY,41.55,18 Jul 2024 10:47:00,-165.75,10929.75
1124,NIFTY25JUL2424650PE,65,BUY,202.15,19 Jul 2024 10:45:14,SELL,212.25,19 Jul 2024 10:48:14,656.5,11011
1124,NIFTY25JUL2424700PE,65,SELL,225.35,19 Jul 2024 10:45:14,BUY,234.2,19 Jul 2024 10:48:29,-575.25,11011
1125,NIFTY25JUL2424550PE,65,BUY,209.2,22 Jul 2024 10:45:14,SELL,219.65,22 Jul 2024 11:02:44,679.25,10903.75
1125,NIFTY25JUL2424600PE,65,SELL,234.45,22 Jul 2024 10:45:14,BUY,246.55,22 Jul 2024 11:03:00,-786.5,10903.75
1126,NIFTY25JUL2424400PE,65,BUY,188.5,23 Jul 2024 10:45:14,SELL,197.9,23 Jul 2024 10:49:44,611,10881
1126,NIFTY25JUL2424450PE,65,SELL,211.6,23 Jul 2024 10:45:14,BUY,221.35,23 Jul 2024 10:50:00,-633.75,10881
1127,NIFTY25JUL2424350PE,65,BUY,77.5,24 Jul 2024 10:45:14,SELL,56.8,24 Jul 2024 10:54:29,-1345.5,11225.5
1127,NIFTY25JUL2424400PE,65,SELL,97.45,24 Jul 2024 10:45:14,BUY,71.45,24 Jul 2024 10:54:29,1690,11225.5
1128,NIFTY25JUL2424250PE,65,BUY,18.05,25 Jul 2024 10:45:14,SELL,18.95,25 Jul 2024 10:47:44,58.5,11189.75
1128,NIFTY25JUL2424300PE,65,SELL,34.7,25 Jul 2024 10:45:14,BUY,36.15,25 Jul 2024 10:48:00,-94.25,11189.75
1129,NIFTY01AUG2424600PE,65,BUY,132.9,26 Jul 2024 10:45:14,SELL,119.65,26 Jul 2024 11:00:29,-861.25,11358.75
1129,NIFTY01AUG2424650PE,65,SELL,156.5,26 Jul 2024 10:45:14,BUY,140.65,26 Jul 2024 11:00:29,1030.25,11358.75
1130,NIFTY01AUG2424900PE,65,BUY,121.55,29 Jul 2024 10:45:14,SELL,107.15,29 Jul 2024 10:53:29,-936,11492
1130,NIFTY01AUG2424950PE,65,SELL,147.6,29 Jul 2024 10:45:14,BUY,131.15,29 Jul 2024 10:53:29,1069.25,11492
1131,NIFTY01AUG2424900PE,65,BUY,96.65,30 Jul 2024 10:45:14,SELL,101.45,30 Jul 2024 10:46:14,312,12080.25
1131,NIFTY01AUG2424950PE,65,SELL,122,30 Jul 2024 10:45:14,BUY,117.75,30 Jul 2024 10:46:29,276.25,12080.25
1132,NIFTY01AUG2424950PE,65,BUY,81.7,31 Jul 2024 10:45:14,SELL,85.75,31 Jul 2024 10:48:44,263.25,11846.25
1132,NIFTY01AUG2425000PE,65,SELL,106.5,31 Jul 2024 10:45:14,BUY,114.15,31 Jul 2024 10:49:00,-497.25,11846.25
1133,NIFTY01AUG2425000PE,65,BUY,23.55,01 Aug 2024 10:45:14,SELL,24.7,01 Aug 2024 10:45:44,74.75,11761.75
1133,NIFTY01AUG2425050PE,65,SELL,42.25,01 Aug 2024 10:45:14,BUY,44.7,01 Aug 2024 10:46:00,-159.25,11761.75
1134,NIFTY08AUG2424800PE,65,BUY,154.8,02 Aug 2024 10:45:14,SELL,138.15,02 Aug 2024 10:58:29,-1082.25,11895
1134,NIFTY08AUG2424850PE,65,SELL,180.8,02 Aug 2024 10:45:14,BUY,162.1,02 Aug 2024 10:58:29,1215.5,11895
1135,NIFTY08AUG2424150PE,65,BUY,157.35,05 Aug 2024 10:45:14,SELL,165.2,05 Aug 2024 10:45:44,510.25,11683.75
1135,NIFTY08AUG2424200PE,65,SELL,178.9,05 Aug 2024 10:45:14,BUY,190,05 Aug 2024 10:46:00,-721.5,11683.75
1136,NIFTY08AUG2424150PE,65,BUY,161.3,06 Aug 2024 10:45:14,SELL,141.05,06 Aug 2024 10:45:29,-1316.25,11830
1136,NIFTY08AUG2424200PE,65,SELL,184.1,06 Aug 2024 10:45:14,BUY,161.6,06 Aug 2024 10:45:29,1462.5,11830
1137,NIFTY08AUG2424300PE,65,BUY,93.7,07 Aug 2024 10:45:14,SELL,98.35,07 Aug 2024 10:53:44,302.25,11800.75
1137,NIFTY08AUG2424350PE,65,SELL,115.75,07 Aug 2024 10:45:14,BUY,120.85,07 Aug 2024 10:54:00,-331.5,11800.75
1138,NIFTY08AUG2424150PE,65,BUY,73.5,08 Aug 2024 10:45:14,SELL,77.15,08 Aug 2024 10:49:44,237.25,11924.25
1138,NIFTY08AUG2424200PE,65,SELL,95.05,08 Aug 2024 10:45:14,BUY,96.8,08 Aug 2024 10:50:00,-113.75,11924.25
1139,NIFTY14AUG2424300PE,65,BUY,155.4,09 Aug 2024 10:45:14,SELL,139,09 Aug 2024 10:48:29,-1066,12067.25
1139,NIFTY14AUG2424350PE,65,SELL,178.5,09 Aug 2024 10:45:14,BUY,159.9,09 Aug 2024 10:48:29,1209,12067.25
1140,NIFTY14AUG2424350PE,65,BUY,108.85,12 Aug 2024 10:45:14,SELL,114.25,12 Aug 2024 10:46:44,351,12064
1140,NIFTY14AUG2424400PE,65,SELL,130.9,12 Aug 2024 10:45:14,BUY,136.35,12 Aug 2024 10:47:00,-354.25,12064
1141,NIFTY14AUG2424300PE,65,BUY,88.35,13 Aug 2024 10:45:14,SELL,76.05,13 Aug 2024 10:50:29,-799.5,12210.25
1141,NIFTY14AUG2424350PE,65,SELL,112.5,13 Aug 2024 10:45:14,BUY,97.95,13 Aug 2024 10:50:29,945.75,12210.25
1142,NIFTY14AUG2424150PE,65,BUY,36.9,14 Aug 2024 10:45:14,SELL,38.7,14 Aug 2024 10:45:44,117,12148.5
1142,NIFTY14AUG2424200PE,65,SELL,70.65,14 Aug 2024 10:45:14,BUY,73.4,14 Aug 2024 10:46:00,-178.75,12148.5
1143,NIFTY22AUG2424250PE,65,BUY,152.8,16 Aug 2024 10:45:14,SELL,160.4,16 Aug 2024 10:56:44,494,12142
1143,NIFTY22AUG2424300PE,65,SELL,177.1,16 Aug 2024 10:45:14,BUY,184.8,16 Aug 2024 10:57:00,-500.5,12142
1144,NIFTY22AUG2424500PE,65,BUY,98.5,19 Aug 2024 10:45:14,SELL,103.4,19 Aug 2024 10:46:44,318.5,11976.25
1144,NIFTY22AUG2424550PE,65,SELL,120.8,19 Aug 2024 10:45:14,BUY,128.25,19 Aug 2024 10:47:00,-484.25,11976.25
1145,NIFTY22AUG2424650PE,65,BUY,68.55,20 Aug 2024 10:45:14,SELL,71.95,20 Aug 2024 10:46:44,221,11921
1145,NIFTY22AUG2424700PE,65,SELL,88.75,20 Aug 2024 10:45:14,BUY,93,20 Aug 2024 10:47:00,-276.25,11921
1146,NIFTY22AUG2424700PE,65,BUY,59.2,21 Aug 2024 10:45:14,SELL,62.15,21 Aug 2024 10:51:44,191.75,11703.25
1146,NIFTY22AUG2424750PE,65,SELL,81.85,21 Aug 2024 10:45:14,BUY,88.15,21 Aug 2024 10:52:00,-409.5,11703.25
1147,NIFTY22AUG2424800PE,65,BUY,18.85,22 Aug 2024 10:45:14,SELL,19.75,22 Aug 2024 10:45:44,58.5,11560.25
1147,NIFTY22AUG2424850PE,65,SELL,48.45,22 Aug 2024 10:45:14,BUY,51.55,22 Aug 2024 10:46:00,-201.5,11560.25
1148,NIFTY29AUG2424800PE,65,BUY,97.45,23 Aug 2024 10:45:14,SELL,102.3,23 Aug 2024 11:51:44,315.25,11524.5
1148,NIFTY29AUG2424850PE,65,SELL,117.6,23 Aug 2024 10:45:14,BUY,123,23 Aug 2024 11:52:00,-351,11524.5
1149,NIFTY29AUG2425000PE,65,BUY,94.85,26 Aug 2024 10:45:14,SELL,99.55,26 Aug 2024 10:46:44,305.5,11531
1149,NIFTY29AUG2425050PE,65,SELL,117.95,26 Aug 2024 10:45:14,BUY,122.55,26 Aug 2024 10:47:00,-299,11531
1150,NIFTY29AUG2424950PE,65,BUY,56.95,27 Aug 2024 10:45:14,SELL,48.8,27 Aug 2024 11:00:29,-529.75,11670.75
1150,NIFTY29AUG2425000PE,65,SELL,77.05,27 Aug 2024 10:45:14,BUY,66.75,27 Aug 2024 11:00:29,669.5,11670.75
1151,NIFTY29AUG2425000PE,65,BUY,52.5,28 Aug 2024 10:45:14,SELL,55.1,28 Aug 2024 10:47:44,169,11664.25
1151,NIFTY29AUG2425050PE,65,SELL,75.2,28 Aug 2024 10:45:14,BUY,77.9,28 Aug 2024 10:48:00,-175.5,11664.25
1152,NIFTY29AUG2425050PE,65,BUY,19.3,29 Aug 2024 10:45:14,SELL,20.25,29 Aug 2024 10:46:44,61.75,11596
1152,NIFTY29AUG2425100PE,65,SELL,33.8,29 Aug 2024 10:45:14,BUY,35.8,29 Aug 2024 10:47:00,-130,11596
1153,NIFTY05SEP2425250PE,65,BUY,133.25,30 Aug 2024 10:45:14,SELL,113.2,30 Aug 2024 11:12:29,-1303.25,11771.5
1153,NIFTY05SEP2425300PE,65,SELL,158.85,30 Aug 2024 10:45:14,BUY,136.1,30 Aug 2024 11:12:29,1478.75,11771.5
1154,NIFTY05SEP2425350PE,65,BUY,135.75,02 Sep 2024 10:45:14,SELL,118.6,02 Sep 2024 11:11:29,-1114.75,11908
1154,NIFTY05SEP2425400PE,65,SELL,163.8,02 Sep 2024 10:45:14,BUY,144.55,02 Sep 2024 11:11:29,1251.25,11908
1155,NIFTY05SEP2425300PE,65,BUY,95.35,03 Sep 2024 10:45:14,SELL,100.1,03 Sep 2024 10:54:44,308.75,11895
1155,NIFTY05SEP2425350PE,65,SELL,122,03 Sep 2024 10:45:14,BUY,126.95,03 Sep 2024 10:55:00,-321.75,11895
1156,NIFTY05SEP2425150PE,65,BUY,105.5,04 Sep 2024 10:45:14,SELL,99.1,04 Sep 2024 10:47:00,-416,12044.5
1156,NIFTY05SEP2425200PE,65,SELL,138,04 Sep 2024 10:45:14,BUY,129.3,04 Sep 2024 10:47:00,565.5,12044.5
1157,NIFTY05SEP2425200PE,65,BUY,70.9,05 Sep 2024 10:45:14,SELL,53.2,05 Sep 2024 11:08:29,-1150.5,11352.25
1157,NIFTY05SEP2425250PE,65,SELL,110.05,05 Sep 2024 10:45:14,BUY,103,05 Sep 2024 15:25:00,458.25,11352.25
1158,NIFTY12SEP2424950PE,65,BUY,166.8,06 Sep 2024 10:45:14,SELL,175.1,06 Sep 2024 10:45:44,539.5,11050
1158,NIFTY12SEP2425000PE,65,SELL,192.7,06 Sep 2024 10:45:14,BUY,205.65,06 Sep 2024 10:46:00,-841.75,11050
1159,NIFTY12SEP2424900PE,65,BUY,120.1,09 Sep 2024 10:45:14,SELL,106.25,09 Sep 2024 10:47:29,-900.25,11245
1159,NIFTY12SEP2424950PE,65,SELL,145.85,09 Sep 2024 10:45:14,BUY,129,09 Sep 2024 10:47:29,1095.25,11245
1160,NIFTY12SEP2424950PE,65,BUY,106.15,10 Sep 2024 10:45:14,SELL,111.45,10 Sep 2024 10:46:44,344.5,11085.75
1160,NIFTY12SEP2425000PE,65,SELL,136.35,10 Sep 2024 10:45:14,BUY,144.1,10 Sep 2024 10:47:00,-503.75,11085.75
1161,NIFTY12SEP2425050PE,65,BUY,71.35,11 Sep 2024 10:45:14,SELL,74.9,11 Sep 2024 10:45:44,230.75,10965.5
1161,NIFTY12SEP2425100PE,65,SELL,98.6,11 Sep 2024 10:45:14,BUY,104,11 Sep 2024 10:46:00,-351,10965.5
1162,NIFTY12SEP2425000PE,65,BUY,69.4,12 Sep 2024 10:45:14,SELL,72.85,12 Sep 2024 10:45:44,224.25,10809.5
1162,NIFTY12SEP2425050PE,65,SELL,101.3,12 Sep 2024 10:45:14,BUY,107.15,12 Sep 2024 10:46:00,-380.25,10809.5
1163,NIFTY19SEP2425350PE,65,BUY,140.9,13 Sep 2024 10:45:14,SELL,128,13 Sep 2024 10:57:29,-838.5,10946
1163,NIFTY19SEP2425400PE,65,SELL,167,13 Sep 2024 10:45:14,BUY,152,13 Sep 2024 10:57:29,975,10946
1164,NIFTY19SEP2425400PE,65,BUY,108.1,16 Sep 2024 10:45:14,SELL,113.5,16 Sep 2024 10:57:44,351,11085.75
1164,NIFTY19SEP2425450PE,65,SELL,132.25,16 Sep 2024 10:45:14,BUY,135.5,16 Sep 2024 10:58:00,-211.25,11085.75
1165,NIFTY19SEP2425400PE,65,BUY,100.75,17 Sep 2024 10:45:14,SELL,88.5,17 Sep 2024 11:24:29,-796.25,11297
1165,NIFTY19SEP2425450PE,65,SELL,126.2,17 Sep 2024 10:45:14,BUY,110.7,17 Sep 2024 11:24:29,1007.5,11297
1166,NIFTY19SEP2425450PE,65,BUY,94.5,18 Sep 2024 10:45:14,SELL,99.2,18 Sep 2024 10:48:44,305.5,11206
1166,NIFTY19SEP2425500PE,65,SELL,119.3,18 Sep 2024 10:45:14,BUY,125.4,18 Sep 2024 10:49:00,-396.5,11206
1167,NIFTY19SEP2425500PE,65,BUY,29.15,19 Sep 2024 10:45:14,SELL,30.6,19 Sep 2024 10:45:44,94.25,11241.75
1167,NIFTY19SEP2425550PE,65,SELL,56.35,19 Sep 2024 10:45:14,BUY,57.25,19 Sep 2024 10:46:00,-58.5,11241.75
1168,NIFTY26SEP2425600PE,65,BUY,127.7,20 Sep 2024 10:45:14,SELL,134.05,20 Sep 2024 11:00:44,412.75,11313.25
1168,NIFTY26SEP2425650PE,65,SELL,147,20 Sep 2024 10:45:14,BUY,152.25,20 Sep 2024 11:01:00,-341.25,11313.25
1169,NIFTY26SEP2425800PE,65,BUY,104.2,23 Sep 2024 10:45:14,SELL,91,23 Sep 2024 11:04:14,-858,11443.25
1169,NIFTY26SEP2425850PE,65,SELL,125.15,23 Sep 2024 10:45:14,BUY,109.95,23 Sep 2024 11:04:14,988,11443.25
1170,NIFTY26SEP2425900PE,65,BUY,85.7,24 Sep 2024 10:45:14,SELL,89.95,24 Sep 2024 10:47:44,276.25,11436.75
1170,NIFTY26SEP2425950PE,65,SELL,106.8,24 Sep 2024 10:45:14,BUY,111.15,24 Sep 2024 10:48:00,-282.75,11436.75
1171,NIFTY26SEP2425850PE,65,BUY,52.35,25 Sep 2024 10:45:14,SELL,43.6,25 Sep 2024 11:07:29,-568.75,11609
1171,NIFTY26SEP2425900PE,65,SELL,72.3,25 Sep 2024 10:45:14,BUY,60.9,25 Sep 2024 11:07:29,741,11609
1172,NIFTY26SEP2426050PE,65,BUY,54.55,26 Sep 2024 10:45:14,SELL,57.25,26 Sep 2024 10:45:44,175.5,11706.5
1172,NIFTY26SEP2426100PE,65,SELL,76.55,26 Sep 2024 10:45:14,BUY,77.75,26 Sep 2024 10:46:00,-78,11706.5
1173,NIFTY03OCT2426350PE,65,BUY,163.95,27 Sep 2024 10:45:14,SELL,170,27 Sep 2024 10:58:00,393.25,11852.75
1173,NIFTY03OCT2426400PE,65,SELL,192.3,27 Sep 2024 10:45:14,BUY,196.1,27 Sep 2024 10:58:00,-247,11852.75
1174,NIFTY03OCT2426100PE,65,BUY,174.75,30 Sep 2024 10:45:14,SELL,183.45,30 Sep 2024 10:50:44,565.5,12018.5
1174,NIFTY03OCT2426150PE,65,SELL,208.45,30 Sep 2024 10:45:14,BUY,214.6,30 Sep 2024 10:51:00,-399.75,12018.5
1175,NIFTY03OCT2425850PE,65,BUY,148.4,01 Oct 2024 10:45:14,SELL,155.8,01 Oct 2024 10:45:44,481,11882
1175,NIFTY03OCT2425900PE,65,SELL,183,01 Oct 2024 10:45:14,BUY,192.5,01 Oct 2024 10:46:00,-617.5,11882
1176,NIFTY03OCT2425650PE,65,BUY,157.25,03 Oct 2024 10:45:14,SELL,155,03 Oct 2024 10:47:14,-146.25,12031.5
1176,NIFTY03OCT2425700PE,65,SELL,201.75,03 Oct 2024 10:45:14,BUY,197.2,03 Oct 2024 10:47:14,295.75,12031.5
1177,NIFTY10OCT2425400PE,65,BUY,210.3,04 Oct 2024 10:45:14,SELL,196.5,04 Oct 2024 10:45:29,-897,12210.25
1177,NIFTY10OCT2425450PE,65,SELL,237.6,04 Oct 2024 10:45:14,BUY,221.05,04 Oct 2024 10:45:29,1075.75,12210.25
1178,NIFTY10OCT2425100PE,65,BUY,218.35,07 Oct 2024 10:45:14,SELL,229.25,07 Oct 2024 10:45:44,708.5,10679.5
1178,NIFTY10OCT2425150PE,65,SELL,245.55,07 Oct 2024 10:45:14,BUY,280,07 Oct 2024 10:46:00,-2239.25,10679.5
1179,NIFTY10OCT2425050PE,65,BUY,228,08 Oct 2024 10:45:14,SELL,239.4,08 Oct 2024 10:45:44,741,10738
1179,NIFTY10OCT2425100PE,65,SELL,259,08 Oct 2024 10:45:14,BUY,269.5,08 Oct 2024 10:46:00,-682.5,10738
1180,NIFTY10OCT2425250PE,65,BUY,152.05,09 Oct 2024 10:45:14,SELL,128.5,09 Oct 2024 10:48:29,-1530.75,10923.25
1180,NIFTY10OCT2425300PE,65,SELL,184.7,09 Oct 2024 10:45:14,BUY,158.3,09 Oct 2024 10:48:29,1716,10923.25
1181,NIFTY10OCT2425150PE,65,BUY,125.75,10 Oct 2024 10:45:14,SELL,132,10 Oct 2024 10:46:44,406.25,10793.25
1181,NIFTY10OCT2425200PE,65,SELL,168.8,10 Oct 2024 10:45:14,BUY,177.05,10 Oct 2024 10:47:00,-536.25,10793.25
1182,NIFTY17OCT2425050PE,65,BUY,180.95,11 Oct 2024 10:45:14,SELL,174.05,11 Oct 2024 10:50:29,-448.5,10933
1182,NIFTY17OCT2425100PE,65,SELL,209.9,11 Oct 2024 10:45:14,BUY,200.85,11 Oct 2024 10:50:29,588.25,10933
1183,NIFTY17OCT2425150PE,65,BUY,137.85,14 Oct 2024 10:45:14,SELL,144.7,14 Oct 2024 11:03:44,445.25,10881
1183,NIFTY17OCT2425200PE,65,SELL,165.65,14 Oct 2024 10:45:14,BUY,173.3,14 Oct 2024 11:04:00,-497.25,10881
1184,NIFTY17OCT2425100PE,65,BUY,115.65,15 Oct 2024 10:45:14,SELL,121.4,15 Oct 2024 10:47:44,373.75,11219
1184,NIFTY17OCT2425150PE,65,SELL,144.05,15 Oct 2024 10:45:14,BUY,144.6,15 Oct 2024 10:48:00,-35.75,11219
1185,NIFTY17OCT2425050PE,65,BUY,88.3,16 Oct 2024 10:45:14,SELL,92.7,16 Oct 2024 10:49:44,286,11449.75
1185,NIFTY17OCT2425100PE,65,SELL,117.85,16 Oct 2024 10:45:14,BUY,118.7,16 Oct 2024 10:50:00,-55.25,11449.75
1186,NIFTY17OCT2424850PE,65,BUY,35.95,17 Oct 2024 10:45:14,SELL,37.7,17 Oct 2024 10:45:44,113.75,11596
1186,NIFTY17OCT2424900PE,65,SELL,72,17 Oct 2024 10:45:14,BUY,71.5,17 Oct 2024 10:46:00,32.5,11596
1187,NIFTY24OCT2424800PE,65,BUY,165.75,18 Oct 2024 10:45:14,SELL,159.05,18 Oct 2024 10:49:14,-435.5,11765
1187,NIFTY24OCT2424850PE,65,SELL,191.4,18 Oct 2024 10:45:14,BUY,182.1,18 Oct 2024 10:49:14,604.5,11765
1188,NIFTY24OCT2424800PE,65,BUY,128.35,21 Oct 2024 10:45:14,SELL,134.75,21 Oct 2024 11:10:44,416,11914.5
1188,NIFTY24OCT2424850PE,65,SELL,153.5,21 Oct 2024 10:45:14,BUY,157.6,21 Oct 2024 11:11:00,-266.5,11914.5
1189,NIFTY24OCT2424650PE,65,BUY,111.8,22 Oct 2024 10:45:14,SELL,117.35,22 Oct 2024 10:45:44,360.75,11878.75
1189,NIFTY24OCT2424700PE,65,SELL,135.55,22 Oct 2024 10:45:14,BUY,141.65,22 Oct 2024 10:46:00,-396.5,11878.75
1190,NIFTY24OCT2424500PE,65,BUY,103.4,23 Oct 2024 10:45:14,SELL,98.7,23 Oct 2024 10:45:29,-305.5,12038
1190,NIFTY24OCT2424550PE,65,SELL,127.5,23 Oct 2024 10:45:14,BUY,120.35,23 Oct 2024 10:45:29,464.75,12038
1191,NIFTY24OCT2424450PE,65,BUY,43.85,24 Oct 2024 10:45:14,SELL,46,24 Oct 2024 10:47:44,139.75,12018.5
1191,NIFTY24OCT2424500PE,65,SELL,86.95,24 Oct 2024 10:45:14,BUY,89.4,24 Oct 2024 10:48:00,-159.25,12018.5
1192,NIFTY31OCT2424150PE,65,BUY,148.4,25 Oct 2024 10:45:14,SELL,155.8,25 Oct 2024 10:48:44,481,11716.25
1192,NIFTY31OCT2424200PE,65,SELL,170.7,25 Oct 2024 10:45:14,BUY,182.75,25 Oct 2024 10:49:00,-783.25,11716.25
1193,NIFTY31OCT2424350PE,65,BUY,97.95,28 Oct 2024 10:45:14,SELL,102.8,28 Oct 2024 10:57:44,315.25,11508.25
1193,NIFTY31OCT2424400PE,65,SELL,118.25,28 Oct 2024 10:45:14,BUY,126.3,28 Oct 2024 10:58:00,-523.25,11508.25
1194,NIFTY31OCT2424150PE,65,BUY,103.65,29 Oct 2024 10:45:14,SELL,108.8,29 Oct 2024 10:45:44,334.75,11072.75
1194,NIFTY31OCT2424200PE,65,SELL,126.25,29 Oct 2024 10:45:14,BUY,138.1,29 Oct 2024 10:46:00,-770.25,11072.75
1195,NIFTY31OCT2424400PE,65,BUY,80.45,30 Oct 2024 10:45:14,SELL,72.15,30 Oct 2024 10:49:29,-539.5,11209.25
1195,NIFTY31OCT2424450PE,65,SELL,105.2,30 Oct 2024 10:45:14,BUY,94.8,30 Oct 2024 10:49:29,676,11209.25
1196,NIFTY31OCT2424200PE,65,BUY,14.55,31 Oct 2024 10:45:14,SELL,13.1,31 Oct 2024 10:45:29,-94.25,11365.25
1196,NIFTY31OCT2424250PE,65,SELL,27.95,31 Oct 2024 10:45:14,BUY,24.1,31 Oct 2024 10:45:29,250.25,11365.25
1197,NIFTY07NOV2423950PE,65,BUY,238.5,04 Nov 2024 10:45:14,SELL,250.4,04 Nov 2024 10:51:44,773.5,11612.25
1197,NIFTY07NOV2424000PE,65,SELL,264,04 Nov 2024 10:45:14,BUY,272.1,04 Nov 2024 10:52:00,-526.5,11612.25
1198,NIFTY07NOV2424050PE,65,BUY,217.4,05 Nov 2024 10:45:14,SELL,228.25,05 Nov 2024 11:24:44,705.25,11111.75
1198,NIFTY07NOV2424100PE,65,SELL,243.7,05 Nov 2024 10:45:14,BUY,262.25,05 Nov 2024 11:25:00,-1205.75,11111.75
1199,NIFTY07NOV2424350PE,65,BUY,157.15,06 Nov 2024 10:45:14,SELL,103.35,06 Nov 2024 10:53:29,-3497,11446.5
1199,NIFTY07NOV2424400PE,65,SELL,189,06 Nov 2024 10:45:14,BUY,130.05,06 Nov 2024 10:53:29,3831.75,11446.5
1200,NIFTY07NOV2424250PE,65,BUY,70.95,07 Nov 2024 10:45:14,SELL,61.7,07 Nov 2024 10:48:14,-601.25,11618.75
1200,NIFTY07NOV2424300PE,65,SELL,113.45,07 Nov 2024 10:45:14,BUY,101.55,07 Nov 2024 10:48:14,773.5,11618.75
1201,NIFTY14NOV2424200PE,65,BUY,163.05,08 Nov 2024 10:45:14,SELL,171.2,08 Nov 2024 11:07:44,529.75,11908
1201,NIFTY14NOV2424250PE,65,SELL,188.3,08 Nov 2024 10:45:14,BUY,192,08 Nov 2024 11:08:00,-240.5,11908
1202,NIFTY14NOV2424250PE,65,BUY,125.1,11 Nov 2024 10:45:14,SELL,131.35,11 Nov 2024 10:49:44,406.25,11989.25
1202,NIFTY14NOV2424300PE,65,SELL,150,11 Nov 2024 10:45:14,BUY,155,11 Nov 2024 10:50:00,-325,11989.25
1203,NIFTY14NOV2424150PE,65,BUY,125.6,12 Nov 2024 10:45:14,SELL,131.85,12 Nov 2024 10:45:44,406.25,11648
1203,NIFTY14NOV2424200PE,65,SELL,152,12 Nov 2024 10:45:14,BUY,163.5,12 Nov 2024 10:46:00,-747.5,11648
1204,NIFTY14NOV2423750PE,65,BUY,126.2,13 Nov 2024 10:45:14,SELL,111.65,13 Nov 2024 10:47:29,-945.75,11813.75
1204,NIFTY14NOV2423800PE,65,SELL,155.1,13 Nov 2024 10:45:14,BUY,138,13 Nov 2024 10:47:29,1111.5,11813.75
1205,NIFTY14NOV2423600PE,65,BUY,53.7,14 Nov 2024 10:45:14,SELL,56.35,14 Nov 2024 10:45:44,172.25,11303.5
1205,NIFTY14NOV2423650PE,65,SELL,93.45,14 Nov 2024 10:45:14,BUY,103.95,14 Nov 2024 10:46:00,-682.5,11303.5
1206,NIFTY21NOV2423350PE,65,BUY,128.05,18 Nov 2024 10:45:14,SELL,134.45,18 Nov 2024 10:48:44,416,10754.25
1206,NIFTY21NOV2423400PE,65,SELL,152,18 Nov 2024 10:45:14,BUY,166.85,18 Nov 2024 10:49:00,-965.25,10754.25
1207,NIFTY21NOV2423700PE,65,BUY,89.1,19 Nov 2024 10:45:14,SELL,93.55,19 Nov 2024 10:46:44,289.25,10842
1207,NIFTY21NOV2423750PE,65,SELL,111.65,19 Nov 2024 10:45:14,BUY,114.75,19 Nov 2024 10:47:00,-201.5,10842
1208,NIFTY21NOV2423300PE,65,BUY,23.05,21 Nov 2024 10:45:14,SELL,24.2,21 Nov 2024 10:45:44,74.75,10874.5
1208,NIFTY21NOV2423350PE,65,SELL,57.75,21 Nov 2024 10:45:14,BUY,58.4,21 Nov 2024 10:46:00,-42.25,10874.5
1209,NIFTY28NOV2423500PE,65,BUY,170,22 Nov 2024 10:45:14,SELL,178.5,22 Nov 2024 10:46:44,552.5,10741.25
1209,NIFTY28NOV2423550PE,65,SELL,192.75,22 Nov 2024 10:45:14,BUY,203.3,22 Nov 2024 10:47:00,-685.75,10741.25
1210,NIFTY28NOV2424250PE,65,BUY,118.8,25 Nov 2024 10:45:14,SELL,106.45,25 Nov 2024 11:06:00,-802.75,10871.25
1210,NIFTY28NOV2424300PE,65,SELL,138.9,25 Nov 2024 10:45:14,BUY,124.55,25 Nov 2024 11:06:00,932.75,10871.25
1211,NIFTY28NOV2424150PE,65,BUY,101.55,26 Nov 2024 10:45:14,SELL,93.35,26 Nov 2024 10:46:00,-533,11024
1211,NIFTY28NOV2424200PE,65,SELL,123.85,26 Nov 2024 10:45:14,BUY,113.3,26 Nov 2024 10:46:00,685.75,11024
1212,NIFTY28NOV2424150PE,65,BUY,62.15,27 Nov 2024 10:45:14,SELL,65.25,27 Nov 2024 10:46:44,201.5,11007.75
1212,NIFTY28NOV2424200PE,65,SELL,84.3,27 Nov 2024 10:45:14,BUY,87.65,27 Nov 2024 10:47:00,-217.75,11007.75
1213,NIFTY28NOV2424050PE,65,BUY,49.5,28 Nov 2024 10:45:14,SELL,51.95,28 Nov 2024 10:45:44,159.25,10653.5
1213,NIFTY28NOV2424100PE,65,SELL,71.1,28 Nov 2024 10:45:14,BUY,79,28 Nov 2024 10:46:00,-513.5,10653.5
1214,NIFTY05DEC2424200PE,65,BUY,228.5,29 Nov 2024 10:45:14,SELL,208.75,29 Nov 2024 10:49:29,-1283.75,10806.25
1214,NIFTY05DEC2424250PE,65,SELL,255.2,29 Nov 2024 10:45:14,BUY,233.1,29 Nov 2024 10:49:29,1436.5,10806.25
1215,NIFTY05DEC2424250PE,65,BUY,207.6,02 Dec 2024 10:45:14,SELL,217.95,02 Dec 2024 10:55:44,672.75,10630.75
1215,NIFTY05DEC2424300PE,65,SELL,236.95,02 Dec 2024 10:45:14,BUY,250,02 Dec 2024 10:56:00,-848.25,10630.75
1216,NIFTY05DEC2424500PE,65,BUY,175.55,03 Dec 2024 10:45:14,SELL,152,03 Dec 2024 11:23:29,-1530.75,10783.5
1216,NIFTY05DEC2424550PE,65,SELL,204.4,03 Dec 2024 10:45:14,BUY,178.5,03 Dec 2024 11:23:29,1683.5,10783.5
1217,NIFTY05DEC2424550PE,65,BUY,131.9,04 Dec 2024 10:45:14,SELL,138.45,04 Dec 2024 10:45:44,425.75,10793.25
1217,NIFTY05DEC2424600PE,65,SELL,159.05,04 Dec 2024 10:45:14,BUY,165.45,04 Dec 2024 10:46:00,-416,10793.25
1218,NIFTY05DEC2424450PE,65,BUY,168.1,05 Dec 2024 10:45:14,SELL,176.5,05 Dec 2024 10:46:44,546,10643.75
1218,NIFTY05DEC2424500PE,65,SELL,196.5,05 Dec 2024 10:45:14,BUY,207.2,05 Dec 2024 10:47:00,-695.5,10643.75
1219,NIFTY12DEC2424750PE,65,BUY,212.9,06 Dec 2024 10:45:14,SELL,223.5,06 Dec 2024 10:52:44,689,10627.5
1219,NIFTY12DEC2424800PE,65,SELL,239.1,06 Dec 2024 10:45:14,BUY,249.95,06 Dec 2024 10:53:00,-705.25,10627.5
1220,NIFTY12DEC2424650PE,65,BUY,187.65,09 Dec 2024 10:45:14,SELL,160.95,09 Dec 2024 10:47:29,-1735.5,10812.75
1220,NIFTY12DEC2424700PE,65,SELL,216,09 Dec 2024 10:45:14,BUY,186.45,09 Dec 2024 10:47:29,1920.75,10812.75
1221,NIFTY12DEC2424650PE,65,BUY,145.1,10 Dec 2024 10:45:14,SELL,126.9,10 Dec 2024 11:16:14,-1183,10978.5
1221,NIFTY12DEC2424700PE,65,SELL,173.8,10 Dec 2024 10:45:14,BUY,153.05,10 Dec 2024 11:16:14,1348.75,10978.5
1222,NIFTY12DEC2424700PE,65,BUY,105.9,11 Dec 2024 10:45:14,SELL,95.35,11 Dec 2024 11:33:29,-685.75,11124.75
1222,NIFTY12DEC2424750PE,65,SELL,138.5,11 Dec 2024 10:45:14,BUY,125.7,11 Dec 2024 11:33:29,832,11124.75
1223,NIFTY12DEC2424650PE,65,BUY,72.25,12 Dec 2024 10:45:14,SELL,75.85,12 Dec 2024 10:56:44,234,11186.5
1223,NIFTY12DEC2424700PE,65,SELL,116.5,12 Dec 2024 10:45:14,BUY,119.15,12 Dec 2024 10:57:00,-172.25,11186.5
1224,NIFTY19DEC2424250PE,65,BUY,204.15,13 Dec 2024 10:45:14,SELL,214.35,13 Dec 2024 10:46:14,663,11079.25
1224,NIFTY19DEC2424300PE,65,SELL,228.8,13 Dec 2024 10:45:14,BUY,240.65,13 Dec 2024 10:46:29,-770.25,11079.25
1225,NIFTY19DEC2424650PE,65,BUY,156.95,16 Dec 2024 10:45:14,SELL,164.75,16 Dec 2024 10:56:44,507,11225.5
1225,NIFTY19DEC2424700PE,65,SELL,181.15,16 Dec 2024 10:45:14,BUY,186.7,16 Dec 2024 10:57:00,-360.75,11225.5
1226,NIFTY19DEC2424450PE,65,BUY,159.95,17 Dec 2024 10:45:14,SELL,151.7,17 Dec 2024 10:46:29,-536.25,11365.25
1226,NIFTY19DEC2424500PE,65,SELL,187.45,17 Dec 2024 10:45:14,BUY,177.05,17 Dec 2024 10:46:29,676,11365.25
1227,NIFTY19DEC2424300PE,65,BUY,89.35,18 Dec 2024 10:45:14,SELL,81.95,18 Dec 2024 10:45:29,-481,11518
1227,NIFTY19DEC2424350PE,65,SELL,118.35,18 Dec 2024 10:45:14,BUY,108.6,18 Dec 2024 10:45:29,633.75,11518
1228,NIFTY19DEC2423950PE,65,BUY,32.5,19 Dec 2024 10:45:14,SELL,34.1,19 Dec 2024 10:48:44,104,11381.5
1228,NIFTY19DEC2424000PE,65,SELL,73,19 Dec 2024 10:45:14,BUY,76.7,19 Dec 2024 10:49:00,-240.5,11381.5
1229,NIFTY26DEC2423900PE,65,BUY,167.3,20 Dec 2024 10:45:14,SELL,161.7,20 Dec 2024 10:45:29,-364,11521.25
1229,NIFTY26DEC2423950PE,65,SELL,191.3,20 Dec 2024 10:45:14,BUY,183.55,20 Dec 2024 10:45:29,503.75,11521.25
1230,NIFTY26DEC2423750PE,65,BUY,76.2,23 Dec 2024 10:45:14,SELL,80,23 Dec 2024 10:48:44,247,11638.25
1230,NIFTY26DEC2423800PE,65,SELL,97.1,23 Dec 2024 10:45:14,BUY,99.1,23 Dec 2024 10:49:00,-130,11638.25
1231,NIFTY26DEC2423800PE,65,BUY,63.8,24 Dec 2024 10:45:14,SELL,66.95,24 Dec 2024 10:46:44,204.75,11469.25
1231,NIFTY26DEC2423850PE,65,SELL,85.15,24 Dec 2024 10:45:14,BUY,90.9,24 Dec 2024 10:47:00,-373.75,11469.25
1232,NIFTY26DEC2423700PE,65,BUY,27.85,26 Dec 2024 10:45:14,SELL,29.2,26 Dec 2024 10:45:44,87.75,11329.5
1232,NIFTY26DEC2423750PE,65,SELL,47.8,26 Dec 2024 10:45:14,BUY,51.3,26 Dec 2024 10:46:00,-227.5,11329.5
1233,NIFTY02JAN2524050PE,65,BUY,199.6,27 Dec 2024 10:45:14,SELL,209.55,27 Dec 2024 10:48:44,646.75,11453
1233,NIFTY02JAN2524100PE,65,SELL,227.7,27 Dec 2024 10:45:14,BUY,235.75,27 Dec 2024 10:49:00,-523.25,11453
1234,NIFTY02JAN2523900PE,65,BUY,164,30 Dec 2024 10:45:14,SELL,142.7,30 Dec 2024 10:45:29,-1384.5,11605.75
1234,NIFTY02JAN2523950PE,65,SELL,194.3,30 Dec 2024 10:45:14,BUY,170.65,30 Dec 2024 10:45:29,1537.25,11605.75
1235,NIFTY02JAN2523650PE,65,BUY,172.8,31 Dec 2024 10:45:14,SELL,181.4,31 Dec 2024 10:47:44,559,11306.75
1235,NIFTY02JAN2523700PE,65,SELL,201.55,31 Dec 2024 10:45:14,BUY,214.75,31 Dec 2024 10:48:00,-858,11306.75
1236,NIFTY02JAN2523750PE,65,BUY,151.25,01 Jan 2025 10:45:14,SELL,146.15,01 Jan 2025 10:47:29,-331.5,11443.25
1236,NIFTY02JAN2523800PE,65,SELL,180.1,01 Jan 2025 10:45:14,BUY,172.9,01 Jan 2025 10:47:29,468,11443.25
1237,NIFTY02JAN2523950PE,65,BUY,121.6,02 Jan 2025 10:45:14,SELL,102.15,02 Jan 2025 10:49:29,-1264.25,11713
1237,NIFTY02JAN2524000PE,65,SELL,150.6,02 Jan 2025 10:45:14,BUY,127,02 Jan 2025 10:49:29,1534,11713
1238,NIFTY09JAN2524050PE,65,BUY,186.9,03 Jan 2025 10:45:14,SELL,196.2,03 Jan 2025 10:54:44,604.5,11761.75
1238,NIFTY09JAN2524100PE,65,SELL,214.25,03 Jan 2025 10:45:14,BUY,222.8,03 Jan 2025 10:55:00,-555.75,11761.75
1239,NIFTY09JAN2523900PE,65,BUY,183,06 Jan 2025 10:45:14,SELL,192.15,06 Jan 2025 10:45:44,594.75,11534.25
1239,NIFTY09JAN2523950PE,65,SELL,212.65,06 Jan 2025 10:45:14,BUY,225.3,06 Jan 2025 10:46:00,-822.25,11534.25
1240,NIFTY09JAN2523800PE,65,BUY,164.2,07 Jan 2025 10:45:14,SELL,164.05,07 Jan 2025 10:46:00,-9.75,11696.75
1240,NIFTY09JAN2523850PE,65,SELL,192.85,07 Jan 2025 10:45:14,BUY,190.2,07 Jan 2025 10:46:00,172.25,11696.75
1241,NIFTY09JAN2523600PE,65,BUY,118.8,08 Jan 2025 10:45:14,SELL,110.3,08 Jan 2025 10:45:29,-552.5,11937.25
1241,NIFTY09JAN2523650PE,65,SELL,153,08 Jan 2025 10:45:14,BUY,140.8,08 Jan 2025 10:45:29,793,11937.25
1242,NIFTY09JAN2523650PE,65,BUY,64.6,09 Jan 2025 10:45:14,SELL,67.8,09 Jan 2025 10:45:44,208,11680.5
1242,NIFTY09JAN2523700PE,65,SELL,108.7,09 Jan 2025 10:45:14,BUY,115.85,09 Jan 2025 10:46:00,-464.75,11680.5
1243,NIFTY16JAN2523450PE,65,BUY,177.65,10 Jan 2025 10:45:14,SELL,161.3,10 Jan 2025 10:53:14,-1062.75,11813.75
1243,NIFTY16JAN2523500PE,65,SELL,201.9,10 Jan 2025 10:45:14,BUY,183.5,10 Jan 2025 10:53:14,1196,11813.75
1244,NIFTY16JAN2523350PE,65,BUY,165.1,13 Jan 2025 10:45:14,SELL,173.35,13 Jan 2025 10:50:44,536.25,12083.5
1244,NIFTY16JAN2523400PE,65,SELL,190.55,13 Jan 2025 10:45:14,BUY,194.65,13 Jan 2025 10:51:00,-266.5,12083.5
1245,NIFTY16JAN2523200PE,65,BUY,93.85,14 Jan 2025 10:45:14,SELL,86.65,14 Jan 2025 10:48:00,-468,12213.5
1245,NIFTY16JAN2523250PE,65,SELL,116.95,14 Jan 2025 10:45:14,BUY,107.75,14 Jan 2025 10:48:00,598,12213.5
1246,NIFTY16JAN2523250PE,65,BUY,55.85,15 Jan 2025 10:45:14,SELL,50.5,15 Jan 2025 10:47:29,-347.75,12392.25
1246,NIFTY16JAN2523300PE,65,SELL,80,15 Jan 2025 10:45:14,BUY,71.9,15 Jan 2025 10:47:29,526.5,12392.25
1247,NIFTY16JAN2523350PE,65,BUY,68.05,16 Jan 2025 10:45:14,SELL,71.45,16 Jan 2025 10:48:44,221,12275.25
1247,NIFTY16JAN2523400PE,65,SELL,113.35,16 Jan 2025 10:45:14,BUY,118.55,16 Jan 2025 10:49:00,-338,12275.25
1248,NIFTY23JAN2523200PE,65,BUY,157,17 Jan 2025 10:45:14,SELL,164.85,17 Jan 2025 10:49:44,510.25,10435.75
1248,NIFTY23JAN2523250PE,65,SELL,181.15,17 Jan 2025 10:45:14,BUY,217.3,17 Jan 2025 10:50:00,-2349.75,10435.75
1249,NIFTY23JAN2523250PE,65,BUY,137.1,20 Jan 2025 10:45:14,SELL,143.95,20 Jan 2025 10:48:44,445.25,10182.25
1249,NIFTY23JAN2523300PE,65,SELL,160,20 Jan 2025 10:45:14,BUY,170.75,20 Jan 2025 10:49:00,-698.75,10182.25
1250,NIFTY23JAN2523150PE,65,BUY,145.6,21 Jan 2025 10:45:14,SELL,147,21 Jan 2025 10:46:14,91,10318.75
1250,NIFTY23JAN2523200PE,65,SELL,169.9,21 Jan 2025 10:45:14,BUY,169.2,21 Jan 2025 10:46:14,45.5,10318.75
1251,NIFTY23JAN2523100PE,65,BUY,68.35,22 Jan 2025 10:45:14,SELL,71.75,22 Jan 2025 10:45:44,221,10448.75
1251,NIFTY23JAN2523150PE,65,SELL,89.4,22 Jan 2025 10:45:14,BUY,90.8,22 Jan 2025 10:46:00,-91,10448.75
1252,NIFTY23JAN2523250PE,65,BUY,33.9,23 Jan 2025 10:45:14,SELL,35.55,23 Jan 2025 10:45:44,107.25,10416.25
1252,NIFTY23JAN2523300PE,65,SELL,72.1,23 Jan 2025 10:45:14,BUY,74.25,23 Jan 2025 10:46:00,-139.75,10416.25
1253,NIFTY30JAN2523200PE,65,BUY,164.8,24 Jan 2025 10:45:14,SELL,170.3,24 Jan 2025 10:52:14,357.5,10559.25
1253,NIFTY30JAN2523250PE,65,SELL,189,24 Jan 2025 10:45:14,BUY,192.3,24 Jan 2025 10:52:14,-214.5,10559.25
1254,NIFTY30JAN2522800PE,65,BUY,139.4,27 Jan 2025 10:45:14,SELL,130.05,27 Jan 2025 10:46:14,-607.75,10741.25
1254,NIFTY30JAN2522850PE,65,SELL,162.3,27 Jan 2025 10:45:14,BUY,150.15,27 Jan 2025 10:46:14,789.75,10741.25
1255,NIFTY30JAN2522850PE,65,BUY,136.7,28 Jan 2025 10:45:14,SELL,114.25,28 Jan 2025 11:01:29,-1459.25,10988.25
1255,NIFTY30JAN2522900PE,65,SELL,158.85,28 Jan 2025 10:45:14,BUY,132.6,28 Jan 2025 11:01:29,1706.25,10988.25
1256,NIFTY30JAN2523050PE,65,BUY,144,29 Jan 2025 10:45:14,SELL,118,29 Jan 2025 10:59:29,-1690,11202.75
1256,NIFTY30JAN2523100PE,65,SELL,167.55,29 Jan 2025 10:45:14,BUY,138.25,29 Jan 2025 10:59:29,1904.5,11202.75
1257,NIFTY30JAN2523250PE,65,BUY,53.7,30 Jan 2025 10:45:14,SELL,56.35,30 Jan 2025 10:45:44,172.25,11420.5
1257,NIFTY30JAN2523300PE,65,SELL,75.5,30 Jan 2025 10:45:14,BUY,74.8,30 Jan 2025 10:46:00,45.5,11420.5
1258,NIFTY06FEB2523500PE,65,BUY,291.15,31 Jan 2025 10:45:14,SELL,281.4,31 Jan 2025 11:22:14,-633.75,11553.75
1258,NIFTY06FEB2523550PE,65,SELL,314.15,31 Jan 2025 10:45:14,BUY,302.35,31 Jan 2025 11:22:14,767,11553.75
1259,NIFTY06FEB2523600PE,65,BUY,219.45,01 Feb 2025 10:45:14,SELL,199.8,01 Feb 2025 10:59:29,-1277.25,11709.75
1259,NIFTY06FEB2523650PE,65,SELL,242.9,01 Feb 2025 10:45:14,BUY,220.85,01 Feb 2025 10:59:29,1433.25,11709.75
1260,NIFTY06FEB2523350PE,65,BUY,124.6,03 Feb 2025 10:45:14,SELL,118.55,03 Feb 2025 11:00:00,-393.25,11849.5
1260,NIFTY06FEB2523400PE,65,SELL,150,03 Feb 2025 10:45:14,BUY,141.8,03 Feb 2025 11:00:00,533,11849.5
1261,NIFTY06FEB2523500PE,65,BUY,174.1,04 Feb 2025 10:45:14,SELL,182.8,04 Feb 2025 10:53:44,565.5,11755.25
1261,NIFTY06FEB2523550PE,65,SELL,199.8,04 Feb 2025 10:45:14,BUY,209.95,04 Feb 2025 10:54:00,-659.75,11755.25
1262,NIFTY06FEB2523800PE,65,BUY,107.35,05 Feb 2025 10:45:14,SELL,112.7,05 Feb 2025 10:57:44,347.75,10952.5
1262,NIFTY06FEB2523850PE,65,SELL,141.6,05 Feb 2025 10:45:14,BUY,159.3,05 Feb 2025 10:58:00,-1150.5,10952.5
1263,NIFTY06FEB2523700PE,65,BUY,87.6,06 Feb 2025 10:45:14,SELL,91.95,06 Feb 2025 10:47:44,282.75,10952.5
1263,NIFTY06FEB2523750PE,65,SELL,132.75,06 Feb 2025 10:45:14,BUY,137.1,06 Feb 2025 10:48:00,-282.75,10952.5
1264,NIFTY13FEB2523600PE,65,BUY,161.95,07 Feb 2025 10:45:14,SELL,141.05,07 Feb 2025 10:59:29,-1358.5,11085.75
1264,NIFTY13FEB2523650PE,65,SELL,186.75,07 Feb 2025 10:45:14,BUY,163.8,07 Feb 2025 10:59:29,1491.75,11085.75
1265,NIFTY13FEB2523400PE,65,BUY,139.7,10 Feb 2025 10:45:14,SELL,146.65,10 Feb 2025 10:46:44,451.75,11306.75
1265,NIFTY13FEB2523450PE,65,SELL,164.7,10 Feb 2025 10:45:14,BUY,168.25,10 Feb 2025 10:47:00,-230.75,11306.75
1266,NIFTY13FEB2523250PE,65,BUY,103.4,11 Feb 2025 10:45:14,SELL,89.75,11 Feb 2025 11:09:00,-887.25,11453
1266,NIFTY13FEB2523300PE,65,SELL,128.45,11 Feb 2025 10:45:14,BUY,112.55,11 Feb 2025 11:09:00,1033.5,11453
1267,NIFTY13FEB2522900PE,65,BUY,101.8,12 Feb 2025 10:45:14,SELL,89.8,12 Feb 2025 10:45:29,-780,11648
1267,NIFTY13FEB2522950PE,65,SELL,130.9,12 Feb 2025 10:45:14,BUY,115.9,12 Feb 2025 10:45:29,975,11648
1268,NIFTY13FEB2523200PE,65,BUY,46.45,13 Feb 2025 10:45:14,SELL,41.8,13 Feb 2025 10:45:29,-302.25,11784.5
1268,NIFTY13FEB2523250PE,65,SELL,77,13 Feb 2025 10:45:14,BUY,70.25,13 Feb 2025 10:45:29,438.75,11784.5
1269,NIFTY20FEB2522950PE,65,BUY,176.35,14 Feb 2025 10:45:14,SELL,168.7,14 Feb 2025 10:45:29,-497.25,11917.75
1269,NIFTY20FEB2523000PE,65,SELL,202.55,14 Feb 2025 10:45:14,BUY,192.85,14 Feb 2025 10:45:29,630.5,11917.75
1270,NIFTY20FEB2522950PE,65,BUY,156,17 Feb 2025 10:45:14,SELL,163.8,17 Feb 2025 10:45:44,507,11927.5
1270,NIFTY20FEB2523000PE,65,SELL,180,17 Feb 2025 10:45:14,BUY,187.65,17 Feb 2025 10:46:00,-497.25,11927.5
1271,NIFTY20FEB2522850PE,65,BUY,139.3,18 Feb 2025 10:45:14,SELL,146.25,18 Feb 2025 10:46:14,451.75,12590.5
1271,NIFTY20FEB2522900PE,65,SELL,165.65,18 Feb 2025 10:45:14,BUY,162.4,18 Feb 2025 10:46:29,211.25,12590.5
1272,NIFTY20FEB2523000PE,65,BUY,81.8,19 Feb 2025 10:45:14,SELL,85.85,19 Feb 2025 10:48:14,263.25,12593.75
1272,NIFTY20FEB2523050PE,65,SELL,103.95,19 Feb 2025 10:45:14,BUY,107.95,19 Feb 2025 10:48:29,-260,12593.75
1273,NIFTY20FEB2522850PE,65,BUY,25.95,20 Feb 2025 10:45:14,SELL,27.2,20 Feb 2025 10:45:44,81.25,12431.25
1273,NIFTY20FEB2522900PE,65,SELL,47.7,20 Feb 2025 10:45:14,BUY,51.45,20 Feb 2025 10:46:00,-243.75,12431.25
1274,NIFTY27FEB2522800PE,65,BUY,148,21 Feb 2025 10:45:14,SELL,155.4,21 Feb 2025 10:49:44,481,12281.75
1274,NIFTY27FEB2522850PE,65,SELL,171.3,21 Feb 2025 10:45:14,BUY,181,21 Feb 2025 10:50:00,-630.5,12281.75
1275,NIFTY27FEB2522550PE,65,BUY,92.75,24 Feb 2025 10:45:14,SELL,86.8,24 Feb 2025 11:11:00,-386.75,12424.75
1275,NIFTY27FEB2522600PE,65,SELL,113.6,24 Feb 2025 10:45:14,BUY,105.45,24 Feb 2025 11:11:00,529.75,12424.75
1276,NIFTY27FEB2522550PE,65,BUY,46.2,25 Feb 2025 10:45:14,SELL,48.5,25 Feb 2025 10:47:44,149.5,12018.5
1276,NIFTY27FEB2522600PE,65,SELL,64.05,25 Feb 2025 10:45:14,BUY,72.6,25 Feb 2025 10:48:00,-555.75,12018.5
1277,NIFTY27FEB2522500PE,65,BUY,8.3,27 Feb 2025 10:45:14,SELL,6.6,27 Feb 2025 10:50:29,-110.5,12151.75
1277,NIFTY27FEB2522550PE,65,SELL,16.9,27 Feb 2025 10:45:14,BUY,13.15,27 Feb 2025 10:50:29,243.75,12151.75
1278,NIFTY06MAR2522400PE,65,BUY,157.85,28 Feb 2025 10:45:14,SELL,165.7,28 Feb 2025 10:48:44,510.25,11651.25
1278,NIFTY06MAR2522450PE,65,SELL,186.15,28 Feb 2025 10:45:14,BUY,201.7,28 Feb 2025 10:49:00,-1010.75,11651.25
1279,NIFTY06MAR2522150PE,65,BUY,161.8,03 Mar 2025 10:45:14,SELL,145.5,03 Mar 2025 10:46:29,-1059.5,11784.5
1279,NIFTY06MAR2522200PE,65,SELL,191.35,03 Mar 2025 10:45:14,BUY,173,03 Mar 2025 10:46:29,1192.75,11784.5
1280,NIFTY06MAR2522150PE,65,BUY,143.75,04 Mar 2025 10:45:14,SELL,131.1,04 Mar 2025 10:59:00,-822.25,11917.75
1280,NIFTY06MAR2522200PE,65,SELL,176.8,04 Mar 2025 10:45:14,BUY,162.1,04 Mar 2025 10:59:00,955.5,11917.75
1281,NIFTY06MAR2522350PE,65,BUY,120.15,05 Mar 2025 10:45:14,SELL,126.15,05 Mar 2025 10:47:44,390,11628.5
1281,NIFTY06MAR2522400PE,65,SELL,153.75,05 Mar 2025 10:45:14,BUY,164.2,05 Mar 2025 10:48:00,-679.25,11628.5
1282,NIFTY06MAR2522450PE,65,BUY,106.9,06 Mar 2025 10:45:14,SELL,112.2,06 Mar 2025 10:46:14,344.5,11674
1282,NIFTY06MAR2522500PE,65,SELL,153,06 Mar 2025 10:45:14,BUY,157.6,06 Mar 2025 10:46:29,-299,11674
1283,NIFTY13MAR2522650PE,65,BUY,165.55,07 Mar 2025 10:45:14,SELL,151.4,07 Mar 2025 10:49:29,-919.75,11856
1283,NIFTY13MAR2522700PE,65,SELL,193,07 Mar 2025 10:45:14,BUY,176.05,07 Mar 2025 10:49:29,1101.75,11856
1284,NIFTY13MAR2522650PE,65,BUY,123.2,10 Mar 2025 10:45:14,SELL,129.35,10 Mar 2025 11:01:44,399.75,11797.5
1284,NIFTY13MAR2522700PE,65,SELL,148.65,10 Mar 2025 10:45:14,BUY,155.7,10 Mar 2025 11:02:00,-458.25,11797.5
1285,NIFTY13MAR2522450PE,65,BUY,113.9,11 Mar 2025 10:45:14,SELL,119.55,11 Mar 2025 10:47:14,367.25,12246
1285,NIFTY13MAR2522500PE,65,SELL,140.05,11 Mar 2025 10:45:14,BUY,138.8,11 Mar 2025 10:47:29,81.25,12246
1286,NIFTY13MAR2522450PE,65,BUY,80.9,12 Mar 2025 10:45:14,SELL,84.9,12 Mar 2025 10:47:44,260,11901.5
1286,NIFTY13MAR2522500PE,65,SELL,110.45,12 Mar 2025 10:45:14,BUY,119.75,12 Mar 2025 10:48:00,-604.5,11901.5
1287,NIFTY13MAR2522550PE,65,BUY,45.6,13 Mar 2025 10:45:14,SELL,47.85,13 Mar 2025 10:45:44,146.25,11618.75
1287,NIFTY13MAR2522600PE,65,SELL,85.25,13 Mar 2025 10:45:14,BUY,91.85,13 Mar 2025 10:46:00,-429,11618.75
1288,NIFTY20MAR2522500PE,65,BUY,116.05,17 Mar 2025 10:45:14,SELL,107.95,17 Mar 2025 10:56:14,-526.5,11765
1288,NIFTY20MAR2522550PE,65,SELL,141.95,17 Mar 2025 10:45:14,BUY,131.6,17 Mar 2025 10:56:14,672.75,11765
1289,NIFTY20MAR2522800PE,65,BUY,118.5,18 Mar 2025 10:45:14,SELL,124.4,18 Mar 2025 10:46:44,383.5,11615.5
1289,NIFTY20MAR2522850PE,65,SELL,143.4,18 Mar 2025 10:45:14,BUY,151.6,18 Mar 2025 10:47:00,-533,11615.5
1290,NIFTY20MAR2522900PE,65,BUY,69.85,19 Mar 2025 10:45:14,SELL,73.3,19 Mar 2025 10:46:44,224.25,11479
1290,NIFTY20MAR2522950PE,65,SELL,91.8,19 Mar 2025 10:45:14,BUY,97.35,19 Mar 2025 10:47:00,-360.75,11479
1291,NIFTY20MAR2523000PE,65,BUY,31.7,20 Mar 2025 10:45:14,SELL,33.25,20 Mar 2025 10:46:44,100.75,11375
1291,NIFTY20MAR2523050PE,65,SELL,47.85,20 Mar 2025 10:45:14,BUY,51,20 Mar 2025 10:47:00,-204.75,11375
1292,NIFTY27MAR2523300PE,65,BUY,119.95,21 Mar 2025 10:45:14,SELL,109.7,21 Mar 2025 10:48:00,-666.25,11511.5
1292,NIFTY27MAR2523350PE,65,SELL,143.6,21 Mar 2025 10:45:14,BUY,131.25,21 Mar 2025 10:48:00,802.75,11511.5
1293,NIFTY27MAR2523550PE,65,BUY,122.7,24 Mar 2025 10:45:14,SELL,114.45,24 Mar 2025 10:52:00,-536.25,11713
1293,NIFTY27MAR2523600PE,65,SELL,146.35,24 Mar 2025 10:45:14,BUY,135,24 Mar 2025 10:52:00,737.75,11713
1294,NIFTY27MAR2523750PE,65,BUY,107.35,25 Mar 2025 10:45:14,SELL,112.7,25 Mar 2025 10:45:44,347.75,11384.75
1294,NIFTY27MAR2523800PE,65,SELL,132.4,25 Mar 2025 10:45:14,BUY,142.8,25 Mar 2025 10:46:00,-676,11384.75
1295,NIFTY27MAR2523650PE,65,BUY,59,26 Mar 2025 10:45:14,SELL,55.8,26 Mar 2025 10:45:29,-208,11521.25
1295,NIFTY27MAR2523700PE,65,SELL,81.3,26 Mar 2025 10:45:14,BUY,76,26 Mar 2025 10:45:29,344.5,11521.25
1296,NIFTY27MAR2523550PE,65,BUY,21.8,27 Mar 2025 10:45:14,SELL,22.85,27 Mar 2025 10:49:44,68.25,11329.5
1296,NIFTY27MAR2523600PE,65,SELL,34.8,27 Mar 2025 10:45:14,BUY,38.8,27 Mar 2025 10:50:00,-260,11329.5
1297,NIFTY03APR2523700PE,65,BUY,166.35,28 Mar 2025 10:45:14,SELL,153.85,28 Mar 2025 10:48:14,-812.5,11459.5
1297,NIFTY03APR2523750PE,65,SELL,194.55,28 Mar 2025 10:45:14,BUY,180.05,28 Mar 2025 10:48:14,942.5,11459.5
1298,NIFTY03APR2523400PE,65,BUY,131.55,01 Apr 2025 10:45:14,SELL,138.1,01 Apr 2025 10:49:44,425.75,11202.75
1298,NIFTY03APR2523450PE,65,SELL,159.6,01 Apr 2025 10:45:14,BUY,170.1,01 Apr 2025 10:50:00,-682.5,11202.75
1299,NIFTY03APR2523350PE,65,BUY,121.15,02 Apr 2025 10:45:14,SELL,110.9,02 Apr 2025 10:50:29,-666.25,11349
1299,NIFTY03APR2523400PE,65,SELL,155.1,02 Apr 2025 10:45:14,BUY,142.6,02 Apr 2025 10:50:29,812.5,11349
1300,NIFTY03APR2523350PE,65,BUY,76.85,03 Apr 2025 10:45:14,SELL,80.65,03 Apr 2025 10:46:44,247,11472.5
1300,NIFTY03APR2523400PE,65,SELL,123.3,03 Apr 2025 10:45:14,BUY,125.2,03 Apr 2025 10:47:00,-123.5,11472.5
1301,NIFTY09APR2523000PE,65,BUY,169.8,04 Apr 2025 10:45:14,SELL,163.5,04 Apr 2025 10:46:00,-409.5,11605.75
1301,NIFTY09APR2523050PE,65,SELL,199.5,04 Apr 2025 10:45:14,BUY,191.15,04 Apr 2025 10:46:00,542.75,11605.75
1302,NIFTY09APR2522050PE,65,BUY,290.05,07 Apr 2025 10:45:14,SELL,276.05,07 Apr 2025 10:50:00,-910,11869
1302,NIFTY09APR2522100PE,65,SELL,310.45,07 Apr 2025 10:45:14,BUY,292.4,07 Apr 2025 10:50:00,1173.25,11869
1303,NIFTY09APR2522300PE,65,BUY,187.65,08 Apr 2025 10:45:14,SELL,197,08 Apr 2025 10:49:44,607.75,12652.25
1303,NIFTY09APR2522350PE,65,SELL,207.95,08 Apr 2025 10:45:14,BUY,205.25,08 Apr 2025 10:50:00,175.5,12652.25
1304,NIFTY09APR2522400PE,65,BUY,40.2,09 Apr 2025 10:45:14,SELL,30.15,09 Apr 2025 10:49:29,-653.25,10660
1304,NIFTY09APR2522450PE,65,SELL,82.45,09 Apr 2025 10:45:14,BUY,103.05,09 Apr 2025 11:06:44,-1339,10660
1305,NIFTY17APR2522800PE,65,BUY,218.6,11 Apr 2025 10:45:14,SELL,192.4,11 Apr 2025 11:02:29,-1703,10796.5
1305,NIFTY17APR2522850PE,65,SELL,241.8,11 Apr 2025 10:45:14,BUY,213.5,11 Apr 2025 11:02:29,1839.5,10796.5
1306,NIFTY17APR2523300PE,65,BUY,108.65,15 Apr 2025 10:45:14,SELL,100.5,15 Apr 2025 12:10:14,-529.75,10942.75
1306,NIFTY17APR2523350PE,65,SELL,134.4,15 Apr 2025 10:45:14,BUY,124,15 Apr 2025 12:10:14,676,10942.75
1307,NIFTY17APR2523250PE,65,BUY,67.95,16 Apr 2025 10:45:14,SELL,63.65,16 Apr 2025 10:45:29,-279.5,11098.75
1307,NIFTY17APR2523300PE,65,SELL,93.7,16 Apr 2025 10:45:14,BUY,87,16 Apr 2025 10:45:29,435.5,11098.75
1308,NIFTY17APR2523400PE,65,BUY,61.65,17 Apr 2025 10:45:14,SELL,55.35,17 Apr 2025 10:46:29,-409.5,11326.25
1308,NIFTY17APR2523450PE,65,SELL,90.75,17 Apr 2025 10:45:14,BUY,80.95,17 Apr 2025 10:46:29,637,11326.25
1309,NIFTY24APR2524000PE,65,BUY,114.8,21 Apr 2025 10:45:14,SELL,111.15,21 Apr 2025 10:45:29,-237.25,11475.75
1309,NIFTY24APR2524050PE,65,SELL,137.15,21 Apr 2025 10:45:14,BUY,131.2,21 Apr 2025 10:45:29,386.75,11475.75
1310,NIFTY24APR2524150PE,65,BUY,70.45,22 Apr 2025 10:45:14,SELL,73.95,22 Apr 2025 10:48:14,227.5,11592.75
1310,NIFTY24APR2524200PE,65,SELL,92.65,22 Apr 2025 10:45:14,BUY,94.35,22 Apr 2025 10:48:29,-110.5,11592.75
1311,NIFTY24APR2524150PE,65,BUY,70.5,23 Apr 2025 10:45:14,SELL,66.55,23 Apr 2025 10:47:14,-256.75,11732.5
1311,NIFTY24APR2524200PE,65,SELL,95.2,23 Apr 2025 10:45:14,BUY,89.1,23 Apr 2025 10:47:14,396.5,11732.5
1312,NIFTY24APR2524200PE,65,BUY,8.65,24 Apr 2025 10:45:14,SELL,9.05,24 Apr 2025 10:48:44,26,11680.5
1312,NIFTY24APR2524250PE,65,SELL,14.9,24 Apr 2025 10:45:14,BUY,16.1,24 Apr 2025 10:49:00,-78,11680.5
1313,NIFTY30APR2524050PE,65,BUY,223.05,25 Apr 2025 10:45:14,SELL,221.35,25 Apr 2025 10:46:14,-110.5,11846.25
1313,NIFTY30APR2524100PE,65,SELL,252.55,25 Apr 2025 10:45:14,BUY,248.3,25 Apr 2025 10:46:14,276.25,11846.25
1314,NIFTY30APR2524350PE,65,BUY,163.05,28 Apr 2025 10:45:14,SELL,153.15,28 Apr 2025 10:46:29,-643.5,11989.25
1314,NIFTY30APR2524400PE,65,SELL,196,28 Apr 2025 10:45:14,BUY,183.9,28 Apr 2025 10:46:29,786.5,11989.25
1315,NIFTY30APR2524400PE,65,BUY,128.55,29 Apr 2025 10:45:14,SELL,109.55,29 Apr 2025 10:49:29,-1235,12168
1315,NIFTY30APR2524450PE,65,SELL,165.8,29 Apr 2025 10:45:14,BUY,144.05,29 Apr 2025 10:49:29,1413.75,12168
1316,NIFTY30APR2524350PE,65,BUY,48.65,30 Apr 2025 10:45:14,SELL,51.05,30 Apr 2025 10:45:44,156,12311
1316,NIFTY30APR2524400PE,65,SELL,93.7,30 Apr 2025 10:45:14,BUY,93.9,30 Apr 2025 10:46:00,-13,12311
1317,NIFTY08MAY2524550PE,65,BUY,186.8,02 May 2025 10:45:14,SELL,190.55,02 May 2025 10:52:00,243.75,12480
1317,NIFTY08MAY2524600PE,65,SELL,211.6,02 May 2025 10:45:14,BUY,212.75,02 May 2025 10:52:00,-74.75,12480
1318,NIFTY08MAY2524600PE,65,BUY,151.8,05 May 2025 10:45:14,SELL,159.35,05 May 2025 10:50:44,490.75,12405.25
1318,NIFTY08MAY2524650PE,65,SELL,181.65,05 May 2025 10:45:14,BUY,190.35,05 May 2025 10:51:00,-565.5,12405.25
1319,NIFTY08MAY2524450PE,65,BUY,96.55,06 May 2025 10:45:14,SELL,101.35,06 May 2025 11:03:44,312,12333.75
1319,NIFTY08MAY2524500PE,65,SELL,130.45,06 May 2025 10:45:14,BUY,136.35,06 May 2025 11:04:00,-383.5,12333.75
1320,NIFTY08MAY2524400PE,65,BUY,99.95,07 May 2025 10:45:14,SELL,104.9,07 May 2025 10:50:44,321.75,12148.5
1320,NIFTY08MAY2524450PE,65,SELL,133.2,07 May 2025 10:45:14,BUY,141,07 May 2025 10:51:00,-507,12148.5
1321,NIFTY08MAY2524450PE,65,BUY,69,08 May 2025 10:45:14,SELL,72.45,08 May 2025 10:47:44,224.25,12099.75
1321,NIFTY08MAY2524500PE,65,SELL,116.85,08 May 2025 10:45:14,BUY,121.05,08 May 2025 10:48:00,-273,12099.75
1322,NIFTY15MAY2524000PE,65,BUY,251.95,09 May 2025 10:45:14,SELL,264.5,09 May 2025 10:51:44,815.75,12125.75
1322,NIFTY15MAY2524050PE,65,SELL,272.85,09 May 2025 10:45:14,BUY,285,09 May 2025 10:52:00,-789.75,12125.75
1323,NIFTY15MAY2524750PE,65,BUY,191.35,12 May 2025 10:45:14,SELL,200.9,12 May 2025 10:46:44,620.75,11856
1323,NIFTY15MAY2524800PE,65,SELL,217.9,12 May 2025 10:45:14,BUY,231.6,12 May 2025 10:47:00,-890.5,11856
1324,NIFTY15MAY2524750PE,65,BUY,233.5,13 May 2025 10:45:14,SELL,179.5,13 May 2025 11:02:29,-3510,12034.75
1324,NIFTY15MAY2524800PE,65,SELL,260,13 May 2025 10:45:14,BUY,203.25,13 May 2025 11:02:29,3688.75,12034.75
1325,NIFTY15MAY2524750PE,65,BUY,121.2,14 May 2025 10:45:14,SELL,127.25,14 May 2025 10:46:44,393.25,12164.75
1325,NIFTY15MAY2524800PE,65,SELL,151.9,14 May 2025 10:45:14,BUY,155.95,14 May 2025 10:47:00,-263.25,12164.75
1326,NIFTY15MAY2524750PE,65,BUY,117.15,15 May 2025 10:45:14,SELL,123,15 May 2025 10:45:44,380.25,12151.75
1326,NIFTY15MAY2524800PE,65,SELL,142.3,15 May 2025 10:45:14,BUY,148.35,15 May 2025 10:46:00,-393.25,12151.75
1327,NIFTY22MAY2525000PE,65,BUY,181.75,16 May 2025 10:45:14,SELL,190.8,16 May 2025 11:03:44,588.25,12190.75
1327,NIFTY22MAY2525050PE,65,SELL,208,16 May 2025 10:45:14,BUY,216.45,16 May 2025 11:04:00,-549.25,12190.75
1328,NIFTY22MAY2525000PE,65,BUY,156.85,19 May 2025 10:45:14,SELL,153.6,19 May 2025 10:49:14,-211.25,12353.25
1328,NIFTY22MAY2525050PE,65,SELL,182.9,19 May 2025 10:45:14,BUY,177.15,19 May 2025 10:49:14,373.75,12353.25
1329,NIFTY22MAY2524950PE,65,BUY,135,20 May 2025 10:45:14,SELL,116.9,20 May 2025 10:45:29,-1176.5,12509.25
1329,NIFTY22MAY2525000PE,65,SELL,163.05,20 May 2025 10:45:14,BUY,142.55,20 May 2025 10:45:29,1332.5,12509.25
1330,NIFTY22MAY2524950PE,65,BUY,125.45,21 May 2025 10:45:14,SELL,131.7,21 May 2025 10:45:44,406.25,12580.75
1330,NIFTY22MAY2525000PE,65,SELL,153,21 May 2025 10:45:14,BUY,158.15,21 May 2025 10:46:00,-334.75,12580.75
1331,NIFTY22MAY2524600PE,65,BUY,40.75,22 May 2025 10:45:14,SELL,42.75,22 May 2025 10:46:44,130,12879.75
1331,NIFTY22MAY2524650PE,65,SELL,79.85,22 May 2025 10:45:14,BUY,77.25,22 May 2025 10:47:00,169,12879.75
1332,NIFTY29MAY2524800PE,65,BUY,178.15,23 May 2025 10:45:14,SELL,160.25,23 May 2025 10:48:14,-1163.5,13029.25
1332,NIFTY29MAY2524850PE,65,SELL,200.25,23 May 2025 10:45:14,BUY,180.05,23 May 2025 10:48:14,1313,13029.25
1333,NIFTY29MAY2524950PE,65,BUY,189.05,26 May 2025 10:45:14,SELL,198.5,26 May 2025 10:49:44,614.25,13273
1333,NIFTY29MAY2525000PE,65,SELL,211.65,26 May 2025 10:45:14,BUY,217.35,26 May 2025 10:50:00,-370.5,13273
1334,NIFTY29MAY2524750PE,65,BUY,189.7,27 May 2025 10:45:14,SELL,165.1,27 May 2025 10:55:29,-1599,13448.5
1334,NIFTY29MAY2524800PE,65,SELL,215.35,27 May 2025 10:45:14,BUY,188.05,27 May 2025 10:55:29,1774.5,13448.5
1335,NIFTY29MAY2524700PE,65,BUY,112.7,28 May 2025 10:45:14,SELL,104.1,28 May 2025 10:45:29,-559,13578.5
1335,NIFTY29MAY2524750PE,65,SELL,138.15,28 May 2025 10:45:14,BUY,127.55,28 May 2025 10:45:29,689,13578.5
1336,NIFTY29MAY2524700PE,65,BUY,33.2,29 May 2025 10:45:14,SELL,25.8,29 May 2025 10:47:29,-481,13793
1336,NIFTY29MAY2524750PE,65,SELL,52.7,29 May 2025 10:45:14,BUY,42,29 May 2025 10:47:29,695.5,13793
1337,NIFTY05JUN2524800PE,65,BUY,229.85,30 May 2025 10:45:14,SELL,241.3,30 May 2025 10:45:44,744.25,13721.5
1337,NIFTY05JUN2524850PE,65,SELL,257.3,30 May 2025 10:45:14,BUY,269.85,30 May 2025 10:46:00,-815.75,13721.5
1338,NIFTY05JUN2524700PE,65,BUY,241.9,02 Jun 2025 10:45:14,SELL,253.95,02 Jun 2025 10:54:44,783.25,13754
1338,NIFTY05JUN2524750PE,65,SELL,269.85,02 Jun 2025 10:45:14,BUY,281.4,02 Jun 2025 10:55:00,-750.75,13754
1339,NIFTY05JUN2524700PE,65,BUY,230.7,03 Jun 2025 10:45:14,SELL,220.55,03 Jun 2025 10:46:29,-659.75,13897
1339,NIFTY05JUN2524750PE,65,SELL,259.75,03 Jun 2025 10:45:14,BUY,247.4,03 Jun 2025 10:46:29,802.75,13897
1340,NIFTY05JUN2524650PE,65,BUY,119,04 Jun 2025 10:45:14,SELL,124.95,04 Jun 2025 10:48:44,386.75,13786.5
1340,NIFTY05JUN2524700PE,65,SELL,153.8,04 Jun 2025 10:45:14,BUY,161.45,04 Jun 2025 10:49:00,-497.25,13786.5
1341,NIFTY05JUN2524750PE,65,BUY,65.1,05 Jun 2025 10:45:14,SELL,68.35,05 Jun 2025 10:48:44,211.25,13832
1341,NIFTY05JUN2524800PE,65,SELL,106.3,05 Jun 2025 10:45:14,BUY,108.85,05 Jun 2025 10:49:00,-165.75,13832
1342,NIFTY12JUN2524950PE,65,BUY,190.4,06 Jun 2025 10:45:14,SELL,166.25,06 Jun 2025 11:02:14,-1569.75,14004.25
1342,NIFTY12JUN2525000PE,65,SELL,215.55,06 Jun 2025 10:45:14,BUY,188.75,06 Jun 2025 11:02:14,1742,14004.25
1343,NIFTY12JUN2525150PE,65,BUY,156.7,09 Jun 2025 10:45:14,SELL,149.2,09 Jun 2025 11:01:29,-487.5,14241.5
1343,NIFTY12JUN2525200PE,65,SELL,183.15,09 Jun 2025 10:45:14,BUY,172,09 Jun 2025 11:01:29,724.75,14241.5
1344,NIFTY12JUN2525200PE,65,BUY,128.3,10 Jun 2025 10:45:14,SELL,134.7,10 Jun 2025 10:51:44,416,13432.25
1344,NIFTY12JUN2525250PE,65,SELL,159.5,10 Jun 2025 10:45:14,BUY,178.35,10 Jun 2025 10:52:00,-1225.25,13432.25
1345,NIFTY12JUN2525200PE,65,BUY,95,11 Jun 2025 10:45:14,SELL,99.75,11 Jun 2025 10:50:44,308.75,13461.5
1345,NIFTY12JUN2525250PE,65,SELL,126,11 Jun 2025 10:45:14,BUY,130.3,11 Jun 2025 10:51:00,-279.5,13461.5
1346,NIFTY12JUN2525050PE,65,BUY,64.9,12 Jun 2025 10:45:14,SELL,55.45,12 Jun 2025 10:45:29,-614.25,13594.75
1346,NIFTY12JUN2525100PE,65,SELL,99,12 Jun 2025 10:45:14,BUY,87.5,12 Jun 2025 10:45:29,747.5,13594.75
1347,NIFTY19JUN2524650PE,65,BUY,178.25,13 Jun 2025 10:45:14,SELL,187.15,13 Jun 2025 11:11:44,578.5,13344.5
1347,NIFTY19JUN2524700PE,65,SELL,201.5,13 Jun 2025 10:45:14,BUY,214.25,13 Jun 2025 11:12:00,-828.75,13344.5
1348,NIFTY19JUN2524900PE,65,BUY,149,16 Jun 2025 10:45:14,SELL,156.45,16 Jun 2025 10:51:44,484.25,13442
1348,NIFTY19JUN2524950PE,65,SELL,174.25,16 Jun 2025 10:45:14,BUY,180.2,16 Jun 2025 10:52:00,-386.75,13442
1349,NIFTY19JUN2524900PE,65,BUY,112.4,17 Jun 2025 10:45:14,SELL,118,17 Jun 2025 10:46:44,364,13312
1349,NIFTY19JUN2524950PE,65,SELL,139,17 Jun 2025 10:45:14,BUY,146.6,17 Jun 2025 10:47:00,-494,13312
1350,NIFTY19JUN2524850PE,65,BUY,78.3,18 Jun 2025 10:45:14,SELL,82.2,18 Jun 2025 10:48:44,253.5,13019.5
1350,NIFTY19JUN2524900PE,65,SELL,101.9,18 Jun 2025 10:45:14,BUY,110.3,18 Jun 2025 10:49:00,-546,13019.5
1351,NIFTY19JUN2524800PE,65,BUY,19.15,19 Jun 2025 10:45:14,SELL,20.1,19 Jun 2025 10:45:44,61.75,13045.5
1351,NIFTY19JUN2524850PE,65,SELL,38.2,19 Jun 2025 10:45:14,BUY,38.75,19 Jun 2025 10:46:00,-35.75,13045.5
1352,NIFTY26JUN2525000PE,65,BUY,143.9,20 Jun 2025 10:45:14,SELL,126.95,20 Jun 2025 11:40:29,-1101.75,13198.25
1352,NIFTY26JUN2525050PE,65,SELL,165.1,20 Jun 2025 10:45:14,BUY,145.8,20 Jun 2025 11:40:29,1254.5,13198.25
1353,NIFTY26JUN2524850PE,65,BUY,112.7,23 Jun 2025 10:45:14,SELL,118.3,23 Jun 2025 10:55:44,364,13084.5
1353,NIFTY26JUN2524900PE,65,SELL,132.4,23 Jun 2025 10:45:14,BUY,139.75,23 Jun 2025 10:56:00,-477.75,13084.5
1354,NIFTY26JUN2525200PE,65,BUY,103.15,24 Jun 2025 10:45:14,SELL,108.3,24 Jun 2025 10:49:44,334.75,12983.75
1354,NIFTY26JUN2525250PE,65,SELL,125.45,24 Jun 2025 10:45:14,BUY,132.15,24 Jun 2025 10:50:00,-435.5,12983.75
1355,NIFTY26JUN2525150PE,65,BUY,58.85,25 Jun 2025 10:45:14,SELL,61.75,25 Jun 2025 10:45:44,188.5,13016.25
1355,NIFTY26JUN2525200PE,65,SELL,78.45,25 Jun 2025 10:45:14,BUY,80.85,25 Jun 2025 10:46:00,-156,13016.25
1356,NIFTY26JUN2525250PE,65,BUY,48.35,26 Jun 2025 10:45:14,SELL,38.3,26 Jun 2025 10:45:29,-653.25,13237.25
1356,NIFTY26JUN2525300PE,65,SELL,68.9,26 Jun 2025 10:45:14,BUY,55.45,26 Jun 2025 10:45:29,874.25,13237.25
1357,NIFTY03JUL2525650PE,65,BUY,183.15,27 Jun 2025 10:45:14,SELL,162.75,27 Jun 2025 10:55:29,-1326,13393.25
1357,NIFTY03JUL2525700PE,65,SELL,211.15,27 Jun 2025 10:45:14,BUY,188.35,27 Jun 2025 10:55:29,1482,13393.25
1358,NIFTY03JUL2525650PE,65,BUY,162.45,30 Jun 2025 10:45:14,SELL,170.55,30 Jun 2025 11:18:44,526.5,13230.75
1358,NIFTY03JUL2525700PE,65,SELL,191.55,30 Jun 2025 10:45:14,BUY,202.15,30 Jun 2025 11:19:00,-689,13230.75
1359,NIFTY03JUL2525600PE,65,BUY,126.4,01 Jul 2025 10:45:14,SELL,132.7,01 Jul 2025 10:51:44,409.5,13211.25
1359,NIFTY03JUL2525650PE,65,SELL,155.2,01 Jul 2025 10:45:14,BUY,161.8,01 Jul 2025 10:52:00,-429,13211.25
1360,NIFTY03JUL2525550PE,65,BUY,101.7,02 Jul 2025 10:45:14,SELL,106.75,02 Jul 2025 10:50:44,328.25,13396.5
1360,NIFTY03JUL2525600PE,65,SELL,133.65,02 Jul 2025 10:45:14,BUY,135.85,02 Jul 2025 10:51:00,-143,13396.5
1361,NIFTY03JUL2525600PE,65,BUY,77.65,03 Jul 2025 10:45:14,SELL,81.5,03 Jul 2025 10:46:44,250.25,13357.5
1361,NIFTY03JUL2525650PE,65,SELL,117.2,03 Jul 2025 10:45:14,BUY,121.65,03 Jul 2025 10:47:00,-289.25,13357.5
1362,NIFTY10JUL2525450PE,65,BUY,149.8,04 Jul 2025 10:45:14,SELL,157.25,04 Jul 2025 11:22:14,484.25,13347.75
1362,NIFTY10JUL2525500PE,65,SELL,177.1,04 Jul 2025 10:45:14,BUY,184.7,04 Jul 2025 11:22:29,-494,13347.75
1363,NIFTY10JUL2525500PE,65,BUY,135.6,07 Jul 2025 10:45:14,SELL,125.8,07 Jul 2025 11:00:29,-637,13490.75
1363,NIFTY10JUL2525550PE,65,SELL,164.6,07 Jul 2025 10:45:14,BUY,152.6,07 Jul 2025 11:00:29,780,13490.75
1364,NIFTY10JUL2525500PE,65,BUY,113.15,08 Jul 2025 10:45:14,SELL,97.75,08 Jul 2025 12:26:29,-1001,13721.5
1364,NIFTY10JUL2525550PE,65,SELL,143.55,08 Jul 2025 10:45:14,BUY,124.6,08 Jul 2025 12:26:29,1231.75,13721.5
1365,NIFTY10JUL2525600PE,65,BUY,97.4,09 Jul 2025 10:45:14,SELL,102.25,09 Jul 2025 11:02:44,315.25,13458.25
1365,NIFTY10JUL2525650PE,65,SELL,132,09 Jul 2025 10:45:14,BUY,140.9,09 Jul 2025 11:03:00,-578.5,13458.25
1366,NIFTY10JUL2525450PE,65,BUY,61.3,10 Jul 2025 10:45:14,SELL,64.35,10 Jul 2025 10:48:44,198.25,13276.25
1366,NIFTY10JUL2525500PE,65,SELL,97.15,10 Jul 2025 10:45:14,BUY,103,10 Jul 2025 10:49:00,-380.25,13276.25
1367,NIFTY17JUL2525250PE,65,BUY,133.25,11 Jul 2025 10:45:14,SELL,139.9,11 Jul 2025 10:45:44,432.25,13253.5
1367,NIFTY17JUL2525300PE,65,SELL,159.95,11 Jul 2025 10:45:14,BUY,166.95,11 Jul 2025 10:46:00,-455,13253.5
1368,NIFTY17JUL2525100PE,65,BUY,103.05,14 Jul 2025 10:45:14,SELL,108.2,14 Jul 2025 10:54:44,334.75,13253.5
1368,NIFTY17JUL2525150PE,65,SELL,129.05,14 Jul 2025 10:45:14,BUY,134.2,14 Jul 2025 10:55:00,-334.75,13253.5
1369,NIFTY17JUL2525150PE,65,BUY,70.2,15 Jul 2025 10:45:14,SELL,61.6,15 Jul 2025 10:51:29,-559,13406.25
1369,NIFTY17JUL2525200PE,65,SELL,95.6,15 Jul 2025 10:45:14,BUY,84.65,15 Jul 2025 10:51:29,711.75,13406.25
1370,NIFTY17JUL2525100PE,65,BUY,50.1,16 Jul 2025 10:45:14,SELL,39.5,16 Jul 2025 11:00:29,-689,13536.25
1370,NIFTY17JUL2525150PE,65,SELL,71.5,16 Jul 2025 10:45:14,BUY,58.9,16 Jul 2025 11:00:29,819,13536.25
1371,NIFTY17JUL2525150PE,65,BUY,34.2,17 Jul 2025 10:45:14,SELL,27.75,17 Jul 2025 10:48:29,-419.25,13689
1371,NIFTY17JUL2525200PE,65,SELL,64.5,17 Jul 2025 10:45:14,BUY,55.7,17 Jul 2025 10:48:29,572,13689
1372,NIFTY24JUL2524950PE,65,BUY,124.95,18 Jul 2025 10:45:14,SELL,131.15,18 Jul 2025 10:59:44,403,13529.75
1372,NIFTY24JUL2525000PE,65,SELL,149.3,18 Jul 2025 10:45:14,BUY,157.95,18 Jul 2025 11:00:00,-562.25,13529.75
1373,NIFTY24JUL2525050PE,65,BUY,95.2,21 Jul 2025 10:45:14,SELL,99.95,21 Jul 2025 10:52:44,308.75,13425.75
1373,NIFTY24JUL2525100PE,65,SELL,120.2,21 Jul 2025 10:45:14,BUY,126.55,21 Jul 2025 10:53:00,-412.75,13425.75
1374,NIFTY24JUL2525050PE,65,BUY,57.25,22 Jul 2025 10:45:14,SELL,60.1,22 Jul 2025 10:45:44,185.25,13422.5
1374,NIFTY24JUL2525100PE,65,SELL,78.95,22 Jul 2025 10:45:14,BUY,81.85,22 Jul 2025 10:46:00,-188.5,13422.5
1375,NIFTY24JUL2525100PE,65,BUY,46.1,23 Jul 2025 10:45:14,SELL,41.95,23 Jul 2025 10:54:29,-269.75,13562.25
1375,NIFTY24JUL2525150PE,65,SELL,71.75,23 Jul 2025 10:45:14,BUY,65.45,23 Jul 2025 10:54:29,409.5,13562.25
1376,NIFTY24JUL2525150PE,65,BUY,16.25,24 Jul 2025 10:45:14,SELL,13.9,24 Jul 2025 10:45:29,-152.75,13763.75
1376,NIFTY24JUL2525200PE,65,SELL,40.7,24 Jul 2025 10:45:14,BUY,35.25,24 Jul 2025 10:45:29,354.25,13763.75
1377,NIFTY31JUL2524850PE,65,BUY,114,25 Jul 2025 10:45:14,SELL,119.7,25 Jul 2025 11:16:44,370.5,13594.75
1377,NIFTY31JUL2524900PE,65,SELL,138.15,25 Jul 2025 10:45:14,BUY,146.45,25 Jul 2025 11:17:00,-539.5,13594.75
1378,NIFTY31JUL2524800PE,65,BUY,90.35,28 Jul 2025 10:45:14,SELL,94.85,28 Jul 2025 10:45:44,292.5,13494
1378,NIFTY31JUL2524850PE,65,SELL,116.65,28 Jul 2025 10:45:14,BUY,122.7,28 Jul 2025 10:46:00,-393.25,13494
1379,NIFTY31JUL2524600PE,65,BUY,71.05,29 Jul 2025 10:45:14,SELL,74.6,29 Jul 2025 10:45:44,230.75,13438.75
1379,NIFTY31JUL2524650PE,65,SELL,92.85,29 Jul 2025 10:45:14,BUY,97.25,29 Jul 2025 10:46:00,-286,13438.75
1380,NIFTY31JUL2524750PE,65,BUY,46.9,30 Jul 2025 10:45:14,SELL,49.2,30 Jul 2025 10:45:44,149.5,13325
1380,NIFTY31JUL2524800PE,65,SELL,67.6,30 Jul 2025 10:45:14,BUY,71.65,30 Jul 2025 10:46:00,-263.25,13325
1381,NIFTY31JUL2524650PE,65,BUY,28.15,31 Jul 2025 10:45:14,SELL,24.2,31 Jul 2025 10:45:29,-256.75,13656.5
1381,NIFTY31JUL2524700PE,65,SELL,52,31 Jul 2025 10:45:14,BUY,42.95,31 Jul 2025 10:45:29,588.25,13656.5
1382,NIFTY07AUG2524800PE,65,BUY,157.15,01 Aug 2025 10:45:14,SELL,165,01 Aug 2025 10:46:44,510.25,13653.25
1382,NIFTY07AUG2524850PE,65,SELL,184.2,01 Aug 2025 10:45:14,BUY,192.1,01 Aug 2025 10:47:00,-513.5,13653.25
1383,NIFTY07AUG2524650PE,65,BUY,133.7,04 Aug 2025 10:45:14,SELL,140.35,04 Aug 2025 10:48:44,432.25,13364
1383,NIFTY07AUG2524700PE,65,SELL,159.35,04 Aug 2025 10:45:14,BUY,170.45,04 Aug 2025 10:49:00,-721.5,13364
1384,NIFTY07AUG2524650PE,65,BUY,119.7,05 Aug 2025 10:45:14,SELL,125.65,05 Aug 2025 10:47:44,386.75,13481
1384,NIFTY07AUG2524700PE,65,SELL,148.95,05 Aug 2025 10:45:14,BUY,153.1,05 Aug 2025 10:48:00,-269.75,13481
1385,NIFTY07AUG2524600PE,65,BUY,86.75,06 Aug 2025 10:45:14,SELL,91.05,06 Aug 2025 10:45:44,279.5,13399.75
1385,NIFTY07AUG2524650PE,65,SELL,116.2,06 Aug 2025 10:45:14,BUY,121.75,06 Aug 2025 10:46:00,-360.75,13399.75
1386,NIFTY07AUG2524450PE,65,BUY,46.95,07 Aug 2025 10:45:14,SELL,49.25,07 Aug 2025 10:45:44,149.5,12662
1386,NIFTY07AUG2524500PE,65,SELL,80.95,07 Aug 2025 10:45:14,BUY,94.6,07 Aug 2025 10:46:00,-887.25,12662
1387,NIFTY14AUG2524450PE,65,BUY,127.25,08 Aug 2025 10:45:14,SELL,133.6,08 Aug 2025 10:48:44,412.75,12606.75
1387,NIFTY14AUG2524500PE,65,SELL,150.8,08 Aug 2025 10:45:14,BUY,158,08 Aug 2025 10:49:00,-468,12606.75
1388,NIFTY14AUG2524450PE,65,BUY,107.95,11 Aug 2025 10:45:14,SELL,113.3,11 Aug 2025 11:12:44,347.75,12463.75
1388,NIFTY14AUG2524500PE,65,SELL,132.45,11 Aug 2025 10:45:14,BUY,140,11 Aug 2025 11:13:00,-490.75,12463.75
1389,NIFTY14AUG2524600PE,65,BUY,100.4,12 Aug 2025 10:45:14,SELL,105.4,12 Aug 2025 10:45:44,325,12324
1389,NIFTY14AUG2524650PE,65,SELL,127.55,12 Aug 2025 10:45:14,BUY,134.7,12 Aug 2025 10:46:00,-464.75,12324
1390,NIFTY14AUG2524600PE,65,BUY,74,13 Aug 2025 10:45:14,SELL,77.7,13 Aug 2025 10:45:44,240.5,12151.75
1390,NIFTY14AUG2524650PE,65,SELL,100.7,13 Aug 2025 10:45:14,BUY,107.05,13 Aug 2025 10:46:00,-412.75,12151.75
1391,NIFTY14AUG2524650PE,65,BUY,36.85,14 Aug 2025 10:45:14,SELL,38.65,14 Aug 2025 10:46:44,117,12112.75
1391,NIFTY14AUG2524700PE,65,SELL,67.45,14 Aug 2025 10:45:14,BUY,69.85,14 Aug 2025 10:47:00,-156,12112.75
1392,NIFTY21AUG2525000PE,65,BUY,122.1,18 Aug 2025 10:45:14,SELL,128.2,18 Aug 2025 10:55:14,396.5,12239.5
1392,NIFTY21AUG2525050PE,65,SELL,148.05,18 Aug 2025 10:45:14,BUY,152.2,18 Aug 2025 10:55:29,-269.75,12239.5
1393,NIFTY21AUG2524950PE,65,BUY,87.6,19 Aug 2025 10:45:14,SELL,77.5,19 Aug 2025 11:12:29,-656.5,12408.5
1393,NIFTY21AUG2525000PE,65,SELL,115.4,19 Aug 2025 10:45:14,BUY,102.7,19 Aug 2025 11:12:29,825.5,12408.5
1394,NIFTY21AUG2525000PE,65,BUY,62.65,20 Aug 2025 10:45:14,SELL,65.75,20 Aug 2025 10:53:44,201.5,12207
1394,NIFTY21AUG2525050PE,65,SELL,89.5,20 Aug 2025 10:45:14,BUY,95.7,20 Aug 2025 10:54:00,-403,12207
1395,NIFTY21AUG2525100PE,65,BUY,21.45,21 Aug 2025 10:45:14,SELL,22.5,21 Aug 2025 10:45:44,68.25,12246
1395,NIFTY21AUG2525150PE,65,SELL,43.95,21 Aug 2025 10:45:14,BUY,44.4,21 Aug 2025 10:46:00,-29.25,12246
1396,NIFTY28AUG2524900PE,65,BUY,101.3,22 Aug 2025 10:45:14,SELL,106.35,22 Aug 2025 11:00:44,328.25,12249.25
1396,NIFTY28AUG2524950PE,65,SELL,124.9,22 Aug 2025 10:45:14,BUY,129.9,22 Aug 2025 11:01:00,-325,12249.25
1397,NIFTY28AUG2524900PE,65,BUY,60.85,25 Aug 2025 10:45:14,SELL,52.15,25 Aug 2025 11:04:29,-565.5,12392.25
1397,NIFTY28AUG2524950PE,65,SELL,82.3,25 Aug 2025 10:45:14,BUY,71.4,25 Aug 2025 11:04:29,708.5,12392.25
1398,NIFTY28AUG2524750PE,65,BUY,54.5,26 Aug 2025 10:45:14,SELL,57.2,26 Aug 2025 10:46:44,175.5,12320.75
1398,NIFTY28AUG2524800PE,65,SELL,77.7,26 Aug 2025 10:45:14,BUY,81.5,26 Aug 2025 10:47:00,-247,12320.75
1399,NIFTY28AUG2524550PE,65,BUY,18.75,28 Aug 2025 10:45:14,SELL,14.75,28 Aug 2025 10:47:29,-260,12535.25
1399,NIFTY28AUG2524600PE,65,SELL,33.85,28 Aug 2025 10:45:14,BUY,26.55,28 Aug 2025 10:47:29,474.5,12535.25
1400,NIFTY02SEP2524650PE,65,BUY,129.85,29 Aug 2025 10:45:14,SELL,136.3,29 Aug 2025 10:45:44,419.25,12610
1400,NIFTY02SEP2524700PE,65,SELL,162.15,29 Aug 2025 10:45:14,BUY,167.45,29 Aug 2025 10:46:00,-344.5,12610
1401,NIFTY02SEP2524600PE,65,BUY,86,01 Sep 2025 10:45:14,SELL,73.95,01 Sep 2025 11:00:29,-783.25,12766
1401,NIFTY02SEP2524650PE,65,SELL,120.15,01 Sep 2025 10:45:14,BUY,105.7,01 Sep 2025 11:00:29,939.25,12766
1402,NIFTY02SEP2524800PE,65,BUY,66.75,02 Sep 2025 10:45:14,SELL,70.05,02 Sep 2025 10:45:44,214.5,12694.5
1402,NIFTY02SEP2524850PE,65,SELL,107.75,02 Sep 2025 10:45:14,BUY,112.15,02 Sep 2025 10:46:00,-286,12694.5
1403,NIFTY09SEP2524600PE,65,BUY,125.4,03 Sep 2025 10:45:14,SELL,120.8,03 Sep 2025 10:58:14,-299,12837.5
1403,NIFTY09SEP2524650PE,65,SELL,152.8,03 Sep 2025 10:45:14,BUY,146,03 Sep 2025 10:58:14,442,12837.5
1404,NIFTY09SEP2524850PE,65,BUY,114.7,04 Sep 2025 10:45:14,SELL,103.15,04 Sep 2025 10:50:14,-750.75,12996.75
1404,NIFTY09SEP2524900PE,65,SELL,141.3,04 Sep 2025 10:45:14,BUY,127.3,04 Sep 2025 10:50:14,910,12996.75
1405,NIFTY09SEP2524750PE,65,BUY,111.65,05 Sep 2025 10:45:14,SELL,117.2,05 Sep 2025 10:50:44,360.75,12883
1405,NIFTY09SEP2524800PE,65,SELL,140.95,05 Sep 2025 10:45:14,BUY,148.25,05 Sep 2025 10:51:00,-474.5,12883
1406,NIFTY09SEP2524850PE,65,BUY,76.7,08 Sep 2025 10:45:14,SELL,80.5,08 Sep 2025 10:48:44,247,12678.25
1406,NIFTY09SEP2524900PE,65,SELL,109.05,08 Sep 2025 10:45:14,BUY,116,08 Sep 2025 10:49:00,-451.75,12678.25
1407,NIFTY09SEP2524850PE,65,BUY,55.05,09 Sep 2025 10:45:14,SELL,57.8,09 Sep 2025 10:45:44,178.75,12519
1407,NIFTY09SEP2524900PE,65,SELL,90.35,09 Sep 2025 10:45:14,BUY,95.55,09 Sep 2025 10:46:00,-338,12519
1408,NIFTY16SEP2525050PE,65,BUY,125.7,10 Sep 2025 10:45:14,SELL,116.8,10 Sep 2025 11:01:29,-578.5,12649
1408,NIFTY16SEP2525100PE,65,SELL,153,10 Sep 2025 10:45:14,BUY,142.1,10 Sep 2025 11:01:29,708.5,12649
1409,NIFTY16SEP2525050PE,65,BUY,112.9,11 Sep 2025 10:45:14,SELL,118.5,11 Sep 2025 11:40:44,364,12642.5
1409,NIFTY16SEP2525100PE,65,SELL,141.25,11 Sep 2025 10:45:14,BUY,146.95,11 Sep 2025 11:41:00,-370.5,12642.5
1410,NIFTY16SEP2525150PE,65,BUY,97.05,12 Sep 2025 10:45:14,SELL,86.1,12 Sep 2025 11:19:29,-711.75,12811.5
1410,NIFTY16SEP2525200PE,65,SELL,127.55,12 Sep 2025 10:45:14,BUY,114,12 Sep 2025 11:19:29,880.75,12811.5
1411,NIFTY16SEP2525100PE,65,BUY,62.55,15 Sep 2025 10:45:14,SELL,65.65,15 Sep 2025 10:47:44,201.5,12805
1411,NIFTY16SEP2525150PE,65,SELL,91.75,15 Sep 2025 10:45:14,BUY,94.95,15 Sep 2025 10:48:00,-208,12805
1412,NIFTY16SEP2525200PE,65,BUY,56.2,16 Sep 2025 10:45:14,SELL,59,16 Sep 2025 10:49:44,182,12701
1412,NIFTY16SEP2525250PE,65,SELL,91.95,16 Sep 2025 10:45:14,BUY,96.35,16 Sep 2025 10:50:00,-286,12701
1413,NIFTY23SEP2525350PE,65,BUY,97,17 Sep 2025 10:45:14,SELL,86.6,17 Sep 2025 10:57:29,-676,12905.75
1413,NIFTY23SEP2525400PE,65,SELL,121.55,17 Sep 2025 10:45:14,BUY,108,17 Sep 2025 10:57:29,880.75,12905.75
1414,NIFTY23SEP2525450PE,65,BUY,74.75,18 Sep 2025 10:45:14,SELL,78.45,18 Sep 2025 11:49:14,240.5,12798.5
1414,NIFTY23SEP2525500PE,65,SELL,98.5,18 Sep 2025 10:45:14,BUY,103.85,18 Sep 2025 11:49:29,-347.75,12798.5
1415,NIFTY23SEP2525350PE,65,BUY,83.65,19 Sep 2025 10:45:14,SELL,87.8,19 Sep 2025 11:00:44,269.75,12636
1415,NIFTY23SEP2525400PE,65,SELL,112.15,19 Sep 2025 10:45:14,BUY,118.8,19 Sep 2025 11:01:00,-432.25,12636
1416,NIFTY23SEP2525350PE,65,BUY,61.3,22 Sep 2025 10:45:14,SELL,64.35,22 Sep 2025 10:46:44,198.25,12619.75
1416,NIFTY23SEP2525400PE,65,SELL,91,22 Sep 2025 10:45:14,BUY,94.3,22 Sep 2025 10:47:00,-214.5,12619.75
1417,NIFTY23SEP2525150PE,65,BUY,43.85,23 Sep 2025 10:45:14,SELL,46,23 Sep 2025 10:46:44,139.75,12805
1417,NIFTY23SEP2525200PE,65,SELL,77.1,23 Sep 2025 10:45:14,BUY,76.4,23 Sep 2025 10:47:00,45.5,12805
1418,NIFTY30SEP2525100PE,65,BUY,98.15,24 Sep 2025 10:45:14,SELL,103.05,24 Sep 2025 10:55:44,318.5,12840.75
1418,NIFTY30SEP2525150PE,65,SELL,122.65,24 Sep 2025 10:45:14,BUY,127,24 Sep 2025 10:56:00,-282.75,12840.75
1419,NIFTY30SEP2525000PE,65,BUY,78.45,25 Sep 2025 10:45:14,SELL,82.35,25 Sep 2025 10:46:44,253.5,12873.25
1419,NIFTY30SEP2525050PE,65,SELL,100.95,25 Sep 2025 10:45:14,BUY,104.35,25 Sep 2025 10:47:00,-221,12873.25
1420,NIFTY30SEP2524800PE,65,BUY,64.7,26 Sep 2025 10:45:14,SELL,67.9,26 Sep 2025 10:54:44,208,12792
1420,NIFTY30SEP2524850PE,65,SELL,85.4,26 Sep 2025 10:45:14,BUY,89.85,26 Sep 2025 10:55:00,-289.25,12792
1421,NIFTY30SEP2524750PE,65,BUY,41.05,29 Sep 2025 10:45:14,SELL,43.1,29 Sep 2025 10:48:44,133.25,12480
1421,NIFTY30SEP2524800PE,65,SELL,58.95,29 Sep 2025 10:45:14,BUY,65.8,29 Sep 2025 10:49:00,-445.25,12480
1422,NIFTY30SEP2524550PE,65,BUY,23.3,30 Sep 2025 10:45:14,SELL,24.45,30 Sep 2025 10:45:44,74.75,12379.25
1422,NIFTY30SEP2524600PE,65,SELL,40.45,30 Sep 2025 10:45:14,BUY,43.15,30 Sep 2025 10:46:00,-175.5,12379.25
1423,NIFTY07OCT2524750PE,65,BUY,140.9,01 Oct 2025 10:45:14,SELL,127.95,01 Oct 2025 11:04:14,-841.75,12541.75
1423,NIFTY07OCT2524800PE,65,SELL,171.15,01 Oct 2025 10:45:14,BUY,155.7,01 Oct 2025 11:04:14,1004.25,12541.75
1424,NIFTY07OCT2524850PE,65,BUY,102.8,03 Oct 2025 10:45:14,SELL,107.9,03 Oct 2025 10:45:44,331.5,12356.5
1424,NIFTY07OCT2524900PE,65,SELL,133.85,03 Oct 2025 10:45:14,BUY,141.8,03 Oct 2025 10:46:00,-516.75,12356.5
1425,NIFTY07OCT2525000PE,65,BUY,63.4,06 Oct 2025 10:45:14,SELL,66.55,06 Oct 2025 10:48:44,204.75,12330.5
1425,NIFTY07OCT2525050PE,65,SELL,93.65,06 Oct 2025 10:45:14,BUY,97.2,06 Oct 2025 10:49:00,-230.75,12330.5
1426,NIFTY07OCT2525200PE,65,BUY,47.6,07 Oct 2025 10:45:14,SELL,49.95,07 Oct 2025 10:49:44,152.75,12229.75
1426,NIFTY07OCT2525250PE,65,SELL,81.1,07 Oct 2025 10:45:14,BUY,85,07 Oct 2025 10:50:00,-253.5,12229.75
1427,NIFTY14OCT2525150PE,65,BUY,99.75,08 Oct 2025 10:45:14,SELL,104.7,08 Oct 2025 10:45:44,321.75,12122.5
1427,NIFTY14OCT2525200PE,65,SELL,125.4,08 Oct 2025 10:45:14,BUY,132,08 Oct 2025 10:46:00,-429,12122.5
1428,NIFTY14OCT2525150PE,65,BUY,100.85,09 Oct 2025 10:45:14,SELL,105.85,09 Oct 2025 10:51:44,325,11898.25
1428,NIFTY14OCT2525200PE,65,SELL,129.4,09 Oct 2025 10:45:14,BUY,137.85,09 Oct 2025 10:52:00,-549.25,11898.25
1429,NIFTY14OCT2525350PE,65,BUY,101.6,10 Oct 2025 10:45:14,SELL,74.05,10 Oct 2025 11:04:29,-1790.75,12067.25
1429,NIFTY14OCT2525400PE,65,SELL,127.5,10 Oct 2025 10:45:14,BUY,97.35,10 Oct 2025 11:04:29,1959.75,12067.25
1430,NIFTY14OCT2525250PE,65,BUY,92.4,13 Oct 2025 10:45:14,SELL,97,13 Oct 2025 10:54:44,299,11895
1430,NIFTY14OCT2525300PE,65,SELL,125.05,13 Oct 2025 10:45:14,BUY,132.3,13 Oct 2025 10:55:00,-471.25,11895
1431,NIFTY14OCT2525250PE,65,BUY,58.05,14 Oct 2025 10:45:14,SELL,45.9,14 Oct 2025 10:46:29,-789.75,12119.25
1431,NIFTY14OCT2525300PE,65,SELL,90.6,14 Oct 2025 10:45:14,BUY,75,14 Oct 2025 10:46:29,1014,12119.25
1432,NIFTY20OCT2525350PE,65,BUY,104.25,15 Oct 2025 10:45:14,SELL,109.45,15 Oct 2025 10:48:44,338,12051
1432,NIFTY20OCT2525400PE,65,SELL,128.75,15 Oct 2025 10:45:14,BUY,135,15 Oct 2025 10:49:00,-406.25,12051
1433,NIFTY20OCT2525500PE,65,BUY,91.25,16 Oct 2025 10:45:14,SELL,89.95,16 Oct 2025 10:45:29,-84.5,12203.75
1433,NIFTY20OCT2525550PE,65,SELL,115.95,16 Oct 2025 10:45:14,BUY,112.3,16 Oct 2025 10:45:29,237.25,12203.75
1434,NIFTY20OCT2525700PE,65,BUY,85.35,17 Oct 2025 10:45:14,SELL,76.3,17 Oct 2025 10:52:29,-588.25,12333.75
1434,NIFTY20OCT2525750PE,65,SELL,109.5,17 Oct 2025 10:45:14,BUY,98.45,17 Oct 2025 10:52:29,718.25,12333.75
1435,NIFTY20OCT2525850PE,65,BUY,42.1,20 Oct 2025 10:45:14,SELL,33.1,20 Oct 2025 10:46:29,-585,12584
1435,NIFTY20OCT2525900PE,65,SELL,67.4,20 Oct 2025 10:45:14,BUY,54.55,20 Oct 2025 10:46:29,835.25,12584
1436,NIFTY28OCT2526100PE,65,BUY,103.5,23 Oct 2025 10:45:14,SELL,108.65,23 Oct 2025 10:46:44,334.75,12467
1436,NIFTY28OCT2526150PE,65,SELL,124.85,23 Oct 2025 10:45:14,BUY,131.8,23 Oct 2025 10:47:00,-451.75,12467
1437,NIFTY28OCT2525800PE,65,BUY,79.85,24 Oct 2025 10:45:14,SELL,83.8,24 Oct 2025 10:46:44,256.75,12447.5
1437,NIFTY28OCT2525850PE,65,SELL,100.75,24 Oct 2025 10:45:14,BUY,105,24 Oct 2025 10:47:00,-276.25,12447.5
1438,NIFTY28OCT2526000PE,65,BUY,74.5,27 Oct 2025 10:45:14,SELL,78.2,27 Oct 2025 10:49:44,240.5,12385.75
1438,NIFTY28OCT2526050PE,65,SELL,97.15,27 Oct 2025 10:45:14,BUY,101.8,27 Oct 2025 10:50:00,-302.25,12385.75
1439,NIFTY28OCT2525850PE,65,BUY,38.65,28 Oct 2025 10:45:14,SELL,33.6,28 Oct 2025 10:47:14,-328.25,12574.25
1439,NIFTY28OCT2525900PE,65,SELL,60.7,28 Oct 2025 10:45:14,BUY,52.75,28 Oct 2025 10:47:14,516.75,12574.25
1440,NIFTY04NOV2526200PE,65,BUY,187.1,29 Oct 2025 10:45:14,SELL,183.3,29 Oct 2025 10:45:29,-247,12730.25
1440,NIFTY04NOV2526250PE,65,SELL,217.3,29 Oct 2025 10:45:14,BUY,211.1,29 Oct 2025 10:45:29,403,12730.25
1441,NIFTY04NOV2526000PE,65,BUY,155.9,30 Oct 2025 10:45:14,SELL,139.55,30 Oct 2025 11:10:29,-1062.75,12866.75
1441,NIFTY04NOV2526050PE,65,SELL,184.2,30 Oct 2025 10:45:14,BUY,165.75,30 Oct 2025 11:10:29,1199.25,12866.75
1442,NIFTY04NOV2525900PE,65,BUY,131.45,31 Oct 2025 10:45:14,SELL,138,31 Oct 2025 10:55:44,425.75,12931.75
1442,NIFTY04NOV2525950PE,65,SELL,162.35,31 Oct 2025 10:45:14,BUY,167.9,31 Oct 2025 10:56:00,-360.75,12931.75
1443,NIFTY04NOV2525900PE,65,BUY,134.2,03 Nov 2025 10:45:14,SELL,140.9,03 Nov 2025 10:46:44,435.5,12600.25
1443,NIFTY04NOV2525950PE,65,SELL,167,03 Nov 2025 10:45:14,BUY,178.8,03 Nov 2025 10:47:00,-767,12600.25
1444,NIFTY04NOV2525750PE,65,BUY,78.1,04 Nov 2025 10:45:14,SELL,82,04 Nov 2025 10:45:44,253.5,12915.5
1444,NIFTY04NOV2525800PE,65,SELL,117.55,04 Nov 2025 10:45:14,BUY,116.6,04 Nov 2025 10:46:00,61.75,12915.5
1445,NIFTY11NOV2525600PE,65,BUY,137.9,06 Nov 2025 10:45:14,SELL,120.95,06 Nov 2025 10:55:00,-1101.75,13048.75
1445,NIFTY11NOV2525650PE,65,SELL,166.7,06 Nov 2025 10:45:14,BUY,147.7,06 Nov 2025 10:55:00,1235,13048.75
1446,NIFTY11NOV2525450PE,65,BUY,116.35,07 Nov 2025 10:45:14,SELL,122.15,07 Nov 2025 10:50:44,377,12990.25
1446,NIFTY11NOV2525500PE,65,SELL,147.75,07 Nov 2025 10:45:14,BUY,154.45,07 Nov 2025 10:51:00,-435.5,12990.25
1447,NIFTY11NOV2525650PE,65,BUY,84.4,10 Nov 2025 10:45:14,SELL,88.6,10 Nov 2025 10:50:44,273,12866.75
1447,NIFTY11NOV2525700PE,65,SELL,114.7,10 Nov 2025 10:45:14,BUY,120.8,10 Nov 2025 10:51:00,-396.5,12866.75
1448,NIFTY11NOV2525500PE,65,BUY,67.25,11 Nov 2025 10:45:14,SELL,50.45,11 Nov 2025 10:56:29,-1092,18385.25
1448,NIFTY11NOV2525550PE,65,SELL,101.75,11 Nov 2025 10:45:14,BUY,0.05,11 Nov 2025 15:25:00,6610.5,18385.25
1449,NIFTY18NOV2525900PE,65,BUY,122.45,12 Nov 2025 10:45:14,SELL,106.1,12 Nov 2025 12:30:29,-1062.75,18518.5
1449,NIFTY18NOV2525950PE,65,SELL,145.45,12 Nov 2025 10:45:14,BUY,127.05,12 Nov 2025 12:30:29,1196,18518.5
1450,NIFTY18NOV2525950PE,65,BUY,112.9,13 Nov 2025 10:45:14,SELL,104.9,13 Nov 2025 10:51:14,-520,18655
1450,NIFTY18NOV2526000PE,65,SELL,137.85,13 Nov 2025 10:45:14,BUY,127.75,13 Nov 2025 10:51:14,656.5,18655
1451,NIFTY18NOV2525800PE,65,BUY,120.85,14 Nov 2025 10:45:14,SELL,108.45,14 Nov 2025 10:52:14,-806,18811
1451,NIFTY18NOV2525850PE,65,SELL,146.6,14 Nov 2025 10:45:14,BUY,131.8,14 Nov 2025 10:52:14,962,18811
1452,NIFTY18NOV2525950PE,65,BUY,70.95,17 Nov 2025 10:45:14,SELL,74.45,17 Nov 2025 10:46:44,227.5,19038.5
1452,NIFTY18NOV2526000PE,65,SELL,96.6,17 Nov 2025 10:45:14,BUY,96.6,17 Nov 2025 10:47:00,0,19038.5
1453,NIFTY18NOV2525900PE,65,BUY,49.8,18 Nov 2025 10:45:14,SELL,52.25,18 Nov 2025 10:45:44,159.25,19145.75
1453,NIFTY18NOV2525950PE,65,SELL,80.1,18 Nov 2025 10:45:14,BUY,80.9,18 Nov 2025 10:46:00,-52,19145.75
1454,NIFTY25NOV2525950PE,65,BUY,127,19 Nov 2025 10:45:14,SELL,133.35,19 Nov 2025 10:48:44,412.75,18954
1454,NIFTY25NOV2526000PE,65,SELL,149,19 Nov 2025 10:45:14,BUY,158.3,19 Nov 2025 10:49:00,-604.5,18954
1455,NIFTY25NOV2526100PE,65,BUY,103.65,20 Nov 2025 10:45:14,SELL,92.55,20 Nov 2025 12:02:00,-721.5,19087.25
1455,NIFTY25NOV2526150PE,65,SELL,125.8,20 Nov 2025 10:45:14,BUY,112.65,20 Nov 2025 12:02:00,854.75,19087.25
1456,NIFTY25NOV2526050PE,65,BUY,95.6,21 Nov 2025 10:45:14,SELL,80,21 Nov 2025 11:12:29,-1014,19227
1456,NIFTY25NOV2526100PE,65,SELL,118.4,21 Nov 2025 10:45:14,BUY,100.65,21 Nov 2025 11:12:29,1153.75,19227
1457,NIFTY25NOV2526100PE,65,BUY,52.1,24 Nov 2025 10:45:14,SELL,54.7,24 Nov 2025 10:53:44,169,19025.5
1457,NIFTY25NOV2526150PE,65,SELL,72.25,24 Nov 2025 10:45:14,BUY,77.95,24 Nov 2025 10:54:00,-370.5,19025.5
1458,NIFTY25NOV2525950PE,65,BUY,29.05,25 Nov 2025 10:45:14,SELL,30.5,25 Nov 2025 10:45:44,94.25,19064.5
1458,NIFTY25NOV2526000PE,65,SELL,51.05,25 Nov 2025 10:45:14,BUY,51.9,25 Nov 2025 10:46:00,-55.25,19064.5
1459,NIFTY02DEC2526250PE,65,BUY,188,26 Nov 2025 10:45:14,SELL,168.85,26 Nov 2025 10:47:29,-1244.75,19214
1459,NIFTY02DEC2526300PE,65,SELL,219.65,26 Nov 2025 10:45:14,BUY,198.2,26 Nov 2025 10:47:29,1394.25,19214
1460,NIFTY02DEC2526400PE,65,BUY,161.15,27 Nov 2025 10:45:14,SELL,169.2,27 Nov 2025 11:21:44,523.25,18999.5
1460,NIFTY02DEC2526450PE,65,SELL,192.3,27 Nov 2025 10:45:14,BUY,203.65,27 Nov 2025 11:22:00,-737.75,18999.5
1461,NIFTY02DEC2526400PE,65,BUY,154.9,28 Nov 2025 10:45:14,SELL,162.6,28 Nov 2025 10:51:44,500.5,18957.25
1461,NIFTY02DEC2526450PE,65,SELL,189.2,28 Nov 2025 10:45:14,BUY,197.55,28 Nov 2025 10:52:00,-542.75,18957.25
1462,NIFTY02DEC2526400PE,65,BUY,146.05,01 Dec 2025 10:45:14,SELL,155.65,01 Dec 2025 10:51:14,624,19126.25
1462,NIFTY02DEC2526450PE,65,SELL,186,01 Dec 2025 10:45:14,BUY,193,01 Dec 2025 10:51:14,-455,19126.25
1463,NIFTY02DEC2526200PE,65,BUY,124.75,02 Dec 2025 10:45:14,SELL,104.95,02 Dec 2025 10:51:29,-1287,19262.75
1463,NIFTY02DEC2526250PE,65,SELL,170.25,02 Dec 2025 10:45:14,BUY,148.35,02 Dec 2025 10:51:29,1423.5,19262.75
1464,NIFTY09DEC2526000PE,65,BUY,161.3,03 Dec 2025 10:45:14,SELL,135.75,03 Dec 2025 11:39:29,-1660.75,19438.25
1464,NIFTY09DEC2526050PE,65,SELL,190.75,03 Dec 2025 10:45:14,BUY,162.5,03 Dec 2025 11:39:29,1836.25,19438.25
1465,NIFTY09DEC2526200PE,65,BUY,152.45,04 Dec 2025 10:45:14,SELL,160.05,04 Dec 2025 10:53:44,494,19584.5
1465,NIFTY09DEC2526250PE,65,SELL,184.05,04 Dec 2025 10:45:14,BUY,189.4,04 Dec 2025 10:54:00,-347.75,19584.5
1466,NIFTY09DEC2526200PE,65,BUY,133.55,05 Dec 2025 10:45:14,SELL,116.3,05 Dec 2025 10:49:29,-1121.25,19782.75
1466,NIFTY09DEC2526250PE,65,SELL,167.95,05 Dec 2025 10:45:14,BUY,147.65,05 Dec 2025 10:49:29,1319.5,19782.75
1467,NIFTY09DEC2526200PE,65,BUY,115,08 Dec 2025 10:45:14,SELL,120.75,08 Dec 2025 10:48:44,373.75,19483.75
1467,NIFTY09DEC2526250PE,65,SELL,151.6,08 Dec 2025 10:45:14,BUY,161.95,08 Dec 2025 10:49:00,-672.75,19483.75
1468,NIFTY09DEC2525900PE,65,BUY,100.05,09 Dec 2025 10:45:14,SELL,105.05,09 Dec 2025 10:45:44,325,19422
1468,NIFTY09DEC2525950PE,65,SELL,142,09 Dec 2025 10:45:14,BUY,147.95,09 Dec 2025 10:46:00,-386.75,19422
1469,NIFTY16DEC2526000PE,65,BUY,147.9,10 Dec 2025 10:45:14,SELL,155.25,10 Dec 2025 10:46:44,477.75,19204.25
1469,NIFTY16DEC2526050PE,65,SELL,176.7,10 Dec 2025 10:45:14,BUY,187.4,10 Dec 2025 10:47:00,-695.5,19204.25
1470,NIFTY16DEC2525900PE,65,BUY,127.55,11 Dec 2025 10:45:14,SELL,119.25,11 Dec 2025 10:47:29,-539.5,19337.5
1470,NIFTY16DEC2525950PE,65,SELL,155.7,11 Dec 2025 10:45:14,BUY,145.35,11 Dec 2025 10:47:29,672.75,19337.5
1471,NIFTY16DEC2526000PE,65,BUY,101.7,12 Dec 2025 10:45:14,SELL,106.75,12 Dec 2025 10:49:44,328.25,19110
1471,NIFTY16DEC2526050PE,65,SELL,130.2,12 Dec 2025 10:45:14,BUY,138.75,12 Dec 2025 10:50:00,-555.75,19110
1472,NIFTY16DEC2526000PE,65,BUY,86.2,15 Dec 2025 10:45:14,SELL,72.8,15 Dec 2025 10:48:29,-871,19262.75
1472,NIFTY16DEC2526050PE,65,SELL,117.1,15 Dec 2025 10:45:14,BUY,101.35,15 Dec 2025 10:48:29,1023.75,19262.75
1473,NIFTY16DEC2525950PE,65,BUY,65.45,16 Dec 2025 10:45:14,SELL,68.7,16 Dec 2025 10:46:44,211.25,19574.75
1473,NIFTY16DEC2526000PE,65,SELL,104.6,16 Dec 2025 10:45:14,BUY,103.05,16 Dec 2025 10:47:00,100.75,19574.75
1474,NIFTY23DEC2525850PE,65,BUY,118.8,17 Dec 2025 10:45:14,SELL,124.7,17 Dec 2025 10:55:44,383.5,19262.75
1474,NIFTY23DEC2525900PE,65,SELL,144,17 Dec 2025 10:45:14,BUY,154.7,17 Dec 2025 10:56:00,-695.5,19262.75
1475,NIFTY23DEC2525900PE,65,BUY,114.25,18 Dec 2025 10:45:14,SELL,119.95,18 Dec 2025 10:52:44,370.5,19337.5
1475,NIFTY23DEC2525950PE,65,SELL,142.15,18 Dec 2025 10:45:14,BUY,146.7,18 Dec 2025 10:53:00,-295.75,19337.5
1476,NIFTY23DEC2526000PE,65,BUY,95.4,19 Dec 2025 10:45:14,SELL,100.15,19 Dec 2025 10:49:44,308.75,19340.75
1476,NIFTY23DEC2526050PE,65,SELL,123.2,19 Dec 2025 10:45:14,BUY,127.9,19 Dec 2025 10:50:00,-305.5,19340.75
1477,NIFTY23DEC2526150PE,65,BUY,72.65,22 Dec 2025 10:45:14,SELL,64.25,22 Dec 2025 10:51:29,-546,19477.25
1477,NIFTY23DEC2526200PE,65,SELL,102.9,22 Dec 2025 10:45:14,BUY,92.4,22 Dec 2025 10:51:29,682.5,19477.25
1478,NIFTY23DEC2526150PE,65,BUY,19.25,23 Dec 2025 10:45:14,SELL,20.2,23 Dec 2025 10:45:44,61.75,19464.25
1478,NIFTY23DEC2526200PE,65,SELL,43.3,23 Dec 2025 10:45:14,BUY,44.45,23 Dec 2025 10:46:00,-74.75,19464.25
1479,NIFTY30DEC2526200PE,65,BUY,75,24 Dec 2025 10:45:14,SELL,78.75,24 Dec 2025 10:48:44,243.75,19204.25
1479,NIFTY30DEC2526250PE,65,SELL,96.55,24 Dec 2025 10:45:14,BUY,104.3,24 Dec 2025 10:49:00,-503.75,19204.25
1480,NIFTY30DEC2526050PE,65,BUY,47.95,26 Dec 2025 10:45:14,SELL,50.3,26 Dec 2025 11:07:44,152.75,19142.5
1480,NIFTY30DEC2526100PE,65,SELL,69.2,26 Dec 2025 10:45:14,BUY,72.5,26 Dec 2025 11:08:00,-214.5,19142.5
1481,NIFTY30DEC2525950PE,65,BUY,26.4,29 Dec 2025 10:45:14,SELL,27.7,29 Dec 2025 10:47:44,84.5,19249.75
1481,NIFTY30DEC2526000PE,65,SELL,45.5,29 Dec 2025 10:45:14,BUY,45.15,29 Dec 2025 10:48:00,22.75,19249.75
1482,NIFTY30DEC2525900PE,65,BUY,15.4,30 Dec 2025 10:45:14,SELL,16.15,30 Dec 2025 10:45:44,48.75,19142.5
1482,NIFTY30DEC2525950PE,65,SELL,33.85,30 Dec 2025 10:45:14,BUY,36.25,30 Dec 2025 10:46:00,-156,19142.5
1483,NIFTY06JAN2626150PE,65,BUY,125.75,31 Dec 2025 10:45:14,SELL,132,31 Dec 2025 10:48:44,406.25,18895.5
1483,NIFTY06JAN2626200PE,65,SELL,155.95,31 Dec 2025 10:45:14,BUY,166,31 Dec 2025 10:49:00,-653.25,18895.5