Index,Entry-Date,Entry-Weekday,Entry-Time,Entry-Price,Quantity,Instrument-Kind,StrikePrice,Position,ExitDate,Exit-Weekday,ExitTime,ExitPrice,P/L,P/L-Percentage,ExpiryDate,Highest MTM(Candle Close),Lowest MTM(Candle Close),Remarks
1,2025-01-01,,09:35:00,23617.0,,,,,2025-01-01,,09:36:00,23615.35,260.0,,,260.0,0,Exit Condition Met For Trade
1.1,2025-01-01,Wednesday,09:35:00,81.35,65,CE,23700.0,Buy,2025-01-01,Wednesday,09:36:00,83.0,107.25000000000037,2.0282728948985933,2025-01-02,,,Target Hit
1.2,2025-01-01,Wednesday,09:35:00,65.85,65,PE,23500.0,Buy,2025-01-01,Wednesday,09:36:00,68.2,152.75000000000057,3.5687167805618962,2025-01-02,,,Exit Condition Met For Trade
2,2025-01-02,,09:35:00,23784.25,,,,,2025-01-02,,09:36:00,23785.9,94.25,,,94.25,0,Exit Condition Met For Trade
2.1,2025-01-02,Thursday,09:35:00,60.05,65,CE,23900.0,Buy,2025-01-02,Thursday,09:36:00,61.25,78.00000000000018,1.9983347210657834,2025-01-02,,,Target Hit
2.2,2025-01-02,Thursday,09:35:00,72.05,65,PE,23700.0,Buy,2025-01-02,Thursday,09:36:00,72.3,16.25,0.3469812630117974,2025-01-02,,,Exit Condition Met For Trade
3,2025-01-03,,09:35:00,24105.2,,,,,2025-01-03,,09:36:00,24094.3,188.5,,,188.5,0,Exit Condition Met For Trade
3.1,2025-01-03,Friday,09:35:00,137.5,65,CE,24200.0,Buy,2025-01-03,Friday,09:36:00,133.4,-266.49999999999966,-2.9818181818181775,2025-01-09,,,Exit Condition Met For Trade
3.2,2025-01-03,Friday,09:35:00,139.85,65,PE,24000.0,Buy,2025-01-03,Friday,09:36:00,146.85,455.0,5.005362888809439,2025-01-09,,,Target Hit
4,2025-01-06,,09:35:00,24026.25,,,,,2025-01-06,,09:36:00,24008.55,165.75,,,165.75,0,Exit Condition Met For Trade
4.1,2025-01-06,Monday,09:35:00,82.7,65,CE,24150.0,Buy,2025-01-06,Monday,09:36:00,77.85,-315.25000000000057,-5.864570737605814,2025-01-09,,,Exit Condition Met For Trade
4.2,2025-01-06,Monday,09:35:00,147.6,65,PE,23950.0,Buy,2025-01-06,Monday,09:36:00,155.0,481.00000000000034,5.013550135501359,2025-01-09,,,Target Hit
5,2025-01-07,,09:35:00,23775.95,,,,,2025-01-07,,09:36:00,23778.0,107.25,,,107.25,0,Exit Condition Met For Trade
5.1,2025-01-07,Tuesday,09:35:00,98.75,65,CE,23900.0,Buy,2025-01-07,Tuesday,09:36:00,100.75,130.0,2.0253164556962027,2025-01-09,,,Target Hit
5.2,2025-01-07,Tuesday,09:35:00,121.15,65,PE,23700.0,Buy,2025-01-07,Tuesday,09:36:00,120.8,-22.750000000000554,-0.28889806025588816,2025-01-09,,,Exit Condition Met For Trade
6,2025-01-08,,09:35:00,23629.05,,,,,2025-01-08,,09:36:00,23652.1,-325.0,,,0,-325.0,Exit Condition Met For Trade
6.1,2025-01-08,Wednesday,09:35:00,44.1,65,CE,23750.0,Buy,2025-01-08,Wednesday,09:36:00,45.0,58.49999999999991,2.0408163265306087,2025-01-09,,,Target Hit
6.2,2025-01-08,Wednesday,09:35:00,63.75,65,PE,23550.0,Buy,2025-01-08,Wednesday,09:36:00,57.85,-383.4999999999999,-9.254901960784313,2025-01-09,,,Exit Condition Met For Trade
7,2025-01-09,,09:35:00,23608.55,,,,,2025-01-09,,09:36:00,23608.65,84.5,,,84.5,0,Exit Condition Met For Trade
7.1,2025-01-09,Thursday,09:35:00,18.7,65,CE,23700.0,Buy,2025-01-09,Thursday,09:36:00,19.1,26.00000000000014,2.139037433155092,2025-01-09,,,Target Hit
7.2,2025-01-09,Thursday,09:35:00,17.65,65,PE,23500.0,Buy,2025-01-09,Thursday,09:36:00,18.55,58.50000000000014,5.099150141643072,2025-01-09,,,Target Hit
8,2025-01-10,,09:35:00,23458.6,,,,,2025-01-10,,09:36:00,23448.1,627.25,,,627.25,0,Exit Condition Met For Trade
8.1,2025-01-10,Friday,09:35:00,157.6,65,CE,23550.0,Buy,2025-01-10,Friday,09:36:00,160.75,204.75000000000037,1.9987309644670088,2025-01-16,,,Target Hit
8.2,2025-01-10,Friday,09:35:00,129.85,65,PE,23350.0,Buy,2025-01-10,Friday,09:36:00,136.35,422.5,5.005775895263766,2025-01-16,,,Target Hit
9,2025-01-13,,09:35:00,23243.65,,,,,2025-01-13,,09:36:00,23238.0,-22.75,,,0,-22.75,Exit Condition Met For Trade
9.1,2025-01-13,Monday,09:35:00,115.8,65,CE,23350.0,Buy,2025-01-13,Monday,09:36:00,115.2,-38.99999999999963,-0.5181347150259018,2025-01-16,,,Exit Condition Met For Trade
9.2,2025-01-13,Monday,09:35:00,122.05,65,PE,23150.0,Buy,2025-01-13,Monday,09:36:00,122.3,16.25,0.20483408439164277,2025-01-16,,,Exit Condition Met For Trade
10,2025-01-14,,09:35:00,23169.15,,,,,2025-01-14,,09:36:00,23176.05,-13.0,,,0,-13.0,Exit Condition Met For Trade
10.1,2025-01-14,Tuesday,09:35:00,86.05,65,CE,23250.0,Buy,2025-01-14,Tuesday,09:36:00,87.75,110.50000000000018,1.9755955839628156,2025-01-16,,,Target Hit
10.2,2025-01-14,Tuesday,09:35:00,66.05,65,PE,23050.0,Buy,2025-01-14,Tuesday,09:36:00,64.15,-123.49999999999945,-2.876608629825877,2025-01-16,,,Exit Condition Met For Trade
11,2025-01-15,,09:35:00,23180.95,,,,,2025-01-15,,09:36:00,23189.0,-152.75,,,0,-152.75,Exit Condition Met For Trade
11.1,2025-01-15,Wednesday,09:35:00,38.9,65,CE,23300.0,Buy,2025-01-15,Wednesday,09:36:00,39.7,52.00000000000028,2.05655526992289,2025-01-16,,,Target Hit
11.2,2025-01-15,Wednesday,09:35:00,48.8,65,PE,23100.0,Buy,2025-01-15,Wednesday,09:36:00,45.65,-204.74999999999991,-6.454918032786884,2025-01-16,,,Exit Condition Met For Trade
12,2025-01-16,,09:35:00,23348.25,,,,,2025-01-16,,09:36:00,23346.4,-42.25,,,0,-42.25,Exit Condition Met For Trade
12.1,2025-01-16,Thursday,09:35:00,12.45,65,CE,23450.0,Buy,2025-01-16,Thursday,09:36:00,11.45,-65.0,-8.032128514056225,2025-01-16,,,Exit Condition Met For Trade
12.2,2025-01-16,Thursday,09:35:00,10.55,65,PE,23250.0,Buy,2025-01-16,Thursday,09:36:00,10.9,22.74999999999998,3.317535545023693,2025-01-16,,,Exit Condition Met For Trade
13,2025-01-17,,09:35:00,23239.95,,,,,2025-01-17,,09:36:00,23242.15,201.5,,,201.5,0,Exit Condition Met For Trade
13.1,2025-01-17,Friday,09:35:00,122.75,65,CE,23350.0,Buy,2025-01-17,Friday,09:36:00,125.2,159.25000000000017,1.9959266802444016,2025-01-23,,,Target Hit
13.2,2025-01-17,Friday,09:35:00,124.45,65,PE,23150.0,Buy,2025-01-17,Friday,09:36:00,125.1,42.249999999999446,0.5222981116914355,2025-01-23,,,Exit Condition Met For Trade
14,2025-01-20,,09:35:00,23186.7,,,,,2025-01-20,,09:36:00,23191.3,-68.25,,,0,-68.25,Exit Condition Met For Trade
14.1,2025-01-20,Monday,09:35:00,127.4,65,CE,23300.0,Buy,2025-01-20,Monday,09:36:00,129.95,165.7499999999989,2.001569858712702,2025-01-23,,,Target Hit
14.2,2025-01-20,Monday,09:35:00,135.0,65,PE,23100.0,Buy,2025-01-20,Monday,09:36:00,131.4,-233.99999999999963,-2.6666666666666625,2025-01-23,,,Exit Condition Met For Trade
15,2025-01-21,,09:35:00,23359.25,,,,,2025-01-21,,09:36:00,23361.8,42.25,,,42.25,0,Exit Condition Met For Trade
15.1,2025-01-21,Tuesday,09:35:00,98.85,65,CE,23450.0,Buy,2025-01-21,Tuesday,09:36:00,100.85,130.0,2.0232675771370765,2025-01-23,,,Target Hit
15.2,2025-01-21,Tuesday,09:35:00,98.2,65,PE,23250.0,Buy,2025-01-21,Tuesday,09:36:00,96.85,-87.75000000000055,-1.3747454175152836,2025-01-23,,,Exit Condition Met For Trade
16,2025-01-22,,09:35:00,23100.95,,,,,2025-01-22,,09:36:00,23092.95,279.5,,,279.5,0,Exit Condition Met For Trade
16.1,2025-01-22,Wednesday,09:35:00,76.9,65,CE,23200.0,Buy,2025-01-22,Wednesday,09:36:00,78.45,100.74999999999982,2.0156046814044175,2025-01-23,,,Target Hit
16.2,2025-01-22,Wednesday,09:35:00,55.1,65,PE,23000.0,Buy,2025-01-22,Wednesday,09:36:00,57.85,178.75,4.99092558983666,2025-01-23,,,Target Hit
17,2025-01-23,,09:35:00,23114.45,,,,,2025-01-23,,09:36:00,23152.55,78.0,,,78.0,0,Exit Condition Met For Trade
17.1,2025-01-23,Thursday,09:35:00,23.05,65,CE,23200.0,Buy,2025-01-23,Thursday,09:36:00,23.5,29.249999999999954,1.9522776572668081,2025-01-23,,,Target Hit
17.2,2025-01-23,Thursday,09:35:00,14.6,65,PE,23000.0,Buy,2025-01-23,Thursday,09:36:00,15.35,48.75,5.136986301369864,2025-01-23,,,Target Hit
18,2025-01-24,,09:35:00,23225.45,,,,,2025-01-24,,09:36:00,23229.3,-149.5,,,0,-149.5,Exit Condition Met For Trade
18.1,2025-01-24,Friday,09:35:00,142.95,65,CE,23350.0,Buy,2025-01-24,Friday,09:36:00,144.85,123.50000000000037,1.32913606155999,2025-01-30,,,Exit Condition Met For Trade
18.2,2025-01-24,Friday,09:35:00,151.15,65,PE,23150.0,Buy,2025-01-24,Friday,09:36:00,146.95,-273.00000000000114,-2.778696658948076,2025-01-30,,,Exit Condition Met For Trade
19,2025-01-27,,09:35:00,22982.05,,,,,2025-01-27,,09:36:00,22997.15,-48.75,,,0,-48.75,Exit Condition Met For Trade
19.1,2025-01-27,Monday,09:35:00,130.45,65,CE,23100.0,Buy,2025-01-27,Monday,09:36:00,133.05,169.00000000000148,1.9931008049061119,2025-01-30,,,Target Hit
19.2,2025-01-27,Monday,09:35:00,134.0,65,PE,22900.0,Buy,2025-01-27,Monday,09:36:00,130.65,-217.74999999999963,-2.4999999999999956,2025-01-30,,,Exit Condition Met For Trade
20,2025-01-28,,09:35:00,22895.4,,,,,2025-01-28,,09:36:00,22904.7,516.75,,,516.75,0,Exit Condition Met For Trade
20.1,2025-01-28,Tuesday,09:35:00,114.0,65,CE,23000.0,Buy,2025-01-28,Tuesday,09:36:00,116.3,149.49999999999983,2.01754385964912,2025-01-30,,,Target Hit
20.2,2025-01-28,Tuesday,09:35:00,112.75,65,PE,22800.0,Buy,2025-01-28,Tuesday,09:36:00,118.4,367.25000000000034,5.011086474501114,2025-01-30,,,Target Hit
21,2025-01-29,,09:35:00,23031.25,,,,,2025-01-29,,09:36:00,23025.2,237.25,,,237.25,0,Exit Condition Met For Trade
21.1,2025-01-29,Wednesday,09:35:00,99.15,65,CE,23150.0,Buy,2025-01-29,Wednesday,09:36:00,101.15,130.0,2.0171457387796266,2025-01-30,,,Target Hit
21.2,2025-01-29,Wednesday,09:35:00,114.85,65,PE,22950.0,Buy,2025-01-29,Wednesday,09:36:00,116.5,107.25000000000037,1.436656508489339,2025-01-30,,,Exit Condition Met For Trade
22,2025-01-30,,09:35:00,23189.0,,,,,2025-01-30,,09:36:00,23196.65,-139.75,,,0,-139.75,Exit Condition Met For Trade
22.1,2025-01-30,Thursday,09:35:00,66.85,65,CE,23300.0,Buy,2025-01-30,Thursday,09:36:00,68.2,87.75000000000055,2.019446522064336,2025-01-30,,,Target Hit
22.2,2025-01-30,Thursday,09:35:00,86.85,65,PE,23100.0,Buy,2025-01-30,Thursday,09:36:00,83.35,-227.5,-4.02993667242372,2025-01-30,,,Exit Condition Met For Trade
23,2025-01-31,,09:35:00,23318.55,,,,,2025-01-31,,09:36:00,23308.0,-146.25,,,0,-146.25,Exit Condition Met For Trade
23.1,2025-01-31,Friday,09:35:00,309.9,65,CE,23400.0,Buy,2025-01-31,Friday,09:36:00,300.9,-585.0,-2.9041626331074544,2025-02-06,,,Exit Condition Met For Trade
23.2,2025-01-31,Friday,09:35:00,242.85,65,PE,23200.0,Buy,2025-01-31,Friday,09:36:00,249.6,438.75,2.7794935145151327,2025-02-06,,,Exit Condition Met For Trade
24,2025-02-01,,09:35:00,23562.65,,,,,2025-02-01,,09:36:00,23553.8,29.25,,,29.25,0,Exit Condition Met For Trade
24.1,2025-02-01,Saturday,09:35:00,210.7,65,CE,23650.0,Buy,2025-02-01,Saturday,09:36:00,207.65,-198.2499999999989,-1.4475557664926355,2025-02-06,,,Exit Condition Met For Trade
24.2,2025-02-01,Saturday,09:35:00,182.4,65,PE,23450.0,Buy,2025-02-01,Saturday,09:36:00,185.9,227.5,1.918859649122807,2025-02-06,,,Exit Condition Met For Trade
25,2025-02-03,,09:35:00,23317.35,,,,,2025-02-03,,09:37:00,23289.35,-162.5,,,19.5,-162.5,Exit Condition Met For Trade
25.1,2025-02-03,Monday,09:35:00,93.7,65,CE,23400.0,Buy,2025-02-03,Monday,09:37:00,86.95,-438.75,-7.20384204909285,2025-02-06,,,Exit Condition Met For Trade
25.2,2025-02-03,Monday,09:35:00,84.75,65,PE,23200.0,Buy,2025-02-03,Monday,09:36:00,89.0,276.25,5.014749262536873,2025-02-06,,,Target Hit
26,2025-02-04,,09:35:00,23510.6,,,,,2025-02-04,,09:37:00,23516.95,-74.75,,,19.5,-74.75,Exit Condition Met For Trade
26.1,2025-02-04,Tuesday,09:35:00,82.8,65,CE,23600.0,Buy,2025-02-04,Tuesday,09:36:00,84.45,107.25000000000037,1.9927536231884126,2025-02-06,,,Target Hit
26.2,2025-02-04,Tuesday,09:35:00,75.8,65,PE,23400.0,Buy,2025-02-04,Tuesday,09:37:00,73.0,-181.99999999999983,-3.693931398416883,2025-02-06,,,Exit Condition Met For Trade
27,2025-02-05,,09:35:00,23763.75,,,,,2025-02-05,,09:36:00,23776.2,-104.0,,,0,-104.0,Exit Condition Met For Trade
27.1,2025-02-05,Wednesday,09:35:00,41.0,65,CE,23850.0,Buy,2025-02-05,Wednesday,09:36:00,41.8,51.999999999999815,1.951219512195115,2025-02-06,,,Target Hit
27.2,2025-02-05,Wednesday,09:35:00,53.8,65,PE,23650.0,Buy,2025-02-05,Wednesday,09:36:00,51.4,-155.99999999999991,-4.460966542750927,2025-02-06,,,Exit Condition Met For Trade
28,2025-02-06,,09:35:00,23656.85,,,,,2025-02-06,,09:36:00,23664.05,-139.75,,,0,-139.75,Exit Condition Met For Trade
28.1,2025-02-06,Thursday,09:35:00,37.6,65,CE,23750.0,Buy,2025-02-06,Thursday,09:36:00,38.35,48.75,1.9946808510638296,2025-02-06,,,Target Hit
28.2,2025-02-06,Thursday,09:35:00,34.1,65,PE,23550.0,Buy,2025-02-06,Thursday,09:36:00,31.2,-188.50000000000014,-8.504398826979479,2025-02-06,,,Exit Condition Met For Trade
29,2025-02-07,,09:35:00,23593.4,,,,,2025-02-07,,09:36:00,23602.6,-107.25,,,0,-107.25,Exit Condition Met For Trade
29.1,2025-02-07,Friday,09:35:00,156.4,65,CE,23700.0,Buy,2025-02-07,Friday,09:36:00,158.0,103.99999999999963,1.0230179028132955,2025-02-13,,,Exit Condition Met For Trade
29.2,2025-02-07,Friday,09:35:00,141.7,65,PE,23500.0,Buy,2025-02-07,Friday,09:36:00,138.45,-211.25,-2.293577981651376,2025-02-13,,,Exit Condition Met For Trade
30,2025-02-10,,09:35:00,23443.2,,,,,2025-02-10,,09:36:00,23440.7,74.75,,,74.75,0,Exit Condition Met For Trade
30.1,2025-02-10,Monday,09:35:00,101.1,65,CE,23550.0,Buy,2025-02-10,Monday,09:36:00,101.2,6.500000000000554,0.09891196834817857,2025-02-13,,,Exit Condition Met For Trade
30.2,2025-02-10,Monday,09:35:00,97.2,65,PE,23350.0,Buy,2025-02-10,Monday,09:36:00,98.25,68.24999999999982,1.080246913580244,2025-02-13,,,Exit Condition Met For Trade
31,2025-02-11,,09:35:00,23310.5,,,,,2025-02-11,,09:36:00,23321.45,-39.0,,,0,-39.0,Exit Condition Met For Trade
31.1,2025-02-11,Tuesday,09:35:00,103.1,65,CE,23400.0,Buy,2025-02-11,Tuesday,09:36:00,105.15,133.25000000000074,1.9883608147429792,2025-02-13,,,Target Hit
31.2,2025-02-11,Tuesday,09:35:00,78.35,65,PE,23200.0,Buy,2025-02-11,Tuesday,09:36:00,75.7,-172.24999999999943,-3.382259093809817,2025-02-13,,,Exit Condition Met For Trade
32,2025-02-12,,09:35:00,22935.3,,,,,2025-02-12,,09:36:00,22932.1,61.75,,,61.75,0,Exit Condition Met For Trade
32.1,2025-02-12,Wednesday,09:35:00,69.55,65,CE,23050.0,Buy,2025-02-12,Wednesday,09:36:00,70.95,91.00000000000037,2.012940330697348,2025-02-13,,,Target Hit
32.2,2025-02-12,Wednesday,09:35:00,57.45,65,PE,22850.0,Buy,2025-02-12,Wednesday,09:36:00,57.0,-29.250000000000185,-0.7832898172323809,2025-02-13,,,Exit Condition Met For Trade
33,2025-02-13,,09:35:00,23103.2,,,,,2025-02-13,,09:36:00,23096.7,185.25,,,185.25,0,Exit Condition Met For Trade
33.1,2025-02-13,Thursday,09:35:00,45.85,65,CE,23200.0,Buy,2025-02-13,Thursday,09:36:00,46.75,58.49999999999991,1.9629225736095934,2025-02-13,,,Target Hit
33.2,2025-02-13,Thursday,09:35:00,39.1,65,PE,23000.0,Buy,2025-02-13,Thursday,09:36:00,41.05,126.74999999999972,4.987212276214823,2025-02-13,,,Target Hit
34,2025-02-14,,09:35:00,23020.85,,,,,2025-02-14,,09:36:00,23008.7,91.0,,,91.0,0,Exit Condition Met For Trade
34.1,2025-02-14,Friday,09:35:00,163.65,65,CE,23100.0,Buy,2025-02-14,Friday,09:36:00,159.2,-289.25000000000114,-2.7192178429575415,2025-02-20,,,Exit Condition Met For Trade
34.2,2025-02-14,Friday,09:35:00,116.65,65,PE,22900.0,Buy,2025-02-14,Friday,09:36:00,122.5,380.24999999999966,5.015002143163304,2025-02-20,,,Target Hit
35,2025-02-17,,09:35:00,22805.55,,,,,2025-02-17,,09:36:00,22794.4,536.25,,,536.25,0,Exit Condition Met For Trade
35.1,2025-02-17,Monday,09:35:00,152.85,65,CE,22900.0,Buy,2025-02-17,Monday,09:36:00,155.9,198.25000000000074,1.9954203467451825,2025-02-20,,,Target Hit
35.2,2025-02-17,Monday,09:35:00,104.05,65,PE,22700.0,Buy,2025-02-17,Monday,09:36:00,109.25,338.00000000000017,4.997597308986067,2025-02-20,,,Target Hit
36,2025-02-18,,09:35:00,22878.4,,,,,2025-02-18,,09:36:00,22881.35,188.5,,,188.5,0,Exit Condition Met For Trade
36.1,2025-02-18,Tuesday,09:35:00,99.9,65,CE,23000.0,Buy,2025-02-18,Tuesday,09:36:00,101.9,130.0,2.0020020020020017,2025-02-20,,,Target Hit
36.2,2025-02-18,Tuesday,09:35:00,113.1,65,PE,22800.0,Buy,2025-02-18,Tuesday,09:36:00,114.0,58.50000000000037,0.7957559681697663,2025-02-20,,,Exit Condition Met For Trade
37,2025-02-19,,09:35:00,22890.65,,,,,2025-02-19,,09:36:00,22890.7,78.0,,,78.0,0,Exit Condition Met For Trade
37.1,2025-02-19,Wednesday,09:35:00,59.8,65,CE,23000.0,Buy,2025-02-19,Wednesday,09:36:00,61.0,78.00000000000018,2.006688963210707,2025-02-20,,,Target Hit
37.2,2025-02-19,Wednesday,09:35:00,64.1,65,PE,22800.0,Buy,2025-02-19,Wednesday,09:36:00,64.1,0.0,0.0,2025-02-20,,,Exit Condition Met For Trade
38,2025-02-20,,09:35:00,22866.9,,,,,2025-02-20,,09:36:00,22870.45,42.25,,,42.25,0,Exit Condition Met For Trade
38.1,2025-02-20,Thursday,09:35:00,28.9,65,CE,22950.0,Buy,2025-02-20,Thursday,09:36:00,29.5,39.00000000000009,2.0761245674740536,2025-02-20,,,Target Hit
38.2,2025-02-20,Thursday,09:35:00,18.55,65,PE,22750.0,Buy,2025-02-20,Thursday,09:36:00,18.6,3.250000000000046,0.26954177897574505,2025-02-20,,,Exit Condition Met For Trade
39,2025-02-21,,09:35:00,22889.1,,,,,2025-02-21,,09:36:00,22887.45,-55.25,,,0,-55.25,Exit Condition Met For Trade
39.1,2025-02-21,Friday,09:35:00,114.7,65,CE,23000.0,Buy,2025-02-21,Friday,09:36:00,115.4,45.500000000000185,0.610287707061903,2025-02-27,,,Exit Condition Met For Trade
39.2,2025-02-21,Friday,09:35:00,106.35,65,PE,22800.0,Buy,2025-02-21,Friday,09:36:00,104.8,-100.74999999999982,-1.4574518100611165,2025-02-27,,,Exit Condition Met For Trade
40,2025-02-24,,09:35:00,22627.4,,,,,2025-02-24,,09:36:00,22624.55,-35.75,,,0,-35.75,Exit Condition Met For Trade
40.1,2025-02-24,Monday,09:35:00,84.25,65,CE,22750.0,Buy,2025-02-24,Monday,09:36:00,84.5,16.25,0.29673590504451036,2025-02-27,,,Exit Condition Met For Trade
40.2,2025-02-24,Monday,09:35:00,82.5,65,PE,22550.0,Buy,2025-02-24,Monday,09:36:00,81.7,-51.999999999999815,-0.9696969696969663,2025-02-27,,,Exit Condition Met For Trade
41,2025-02-25,,09:35:00,22584.25,,,,,2025-02-25,,09:37:00,22585.95,107.25,,,107.25,0,Exit Condition Met For Trade
41.1,2025-02-25,Tuesday,09:35:00,38.55,65,CE,22700.0,Buy,2025-02-25,Tuesday,09:36:00,39.3,48.75,1.945525291828794,2025-02-27,,,Target Hit
41.2,2025-02-25,Tuesday,09:35:00,40.6,65,PE,22500.0,Buy,2025-02-25,Tuesday,09:37:00,41.5,58.49999999999991,2.216748768472903,2025-02-27,,,Exit Condition Met For Trade
42,2025-02-27,,09:35:00,22562.4,,,,,2025-02-27,,09:36:00,22572.95,-58.5,,,0,-58.5,Exit Condition Met For Trade
42.1,2025-02-27,Thursday,09:35:00,8.15,65,CE,22650.0,Buy,2025-02-27,Thursday,09:36:00,8.3,9.750000000000023,1.8404907975460165,2025-02-27,,,Target Hit
42.2,2025-02-27,Thursday,09:35:00,7.4,65,PE,22450.0,Buy,2025-02-27,Thursday,09:36:00,6.35,-68.25000000000004,-14.189189189189198,2025-02-27,,,Exit Condition Met For Trade
43,2025-02-28,,09:35:00,22279.65,,,,,2025-02-28,,09:36:00,22276.0,182.0,,,182.0,0,Exit Condition Met For Trade
43.1,2025-02-28,Friday,09:35:00,114.65,65,CE,22400.0,Buy,2025-02-28,Friday,09:36:00,116.95,149.49999999999983,2.0061055385957234,2025-03-06,,,Target Hit
43.2,2025-02-28,Friday,09:35:00,90.5,65,PE,22200.0,Buy,2025-02-28,Friday,09:36:00,91.0,32.5,0.5524861878453039,2025-03-06,,,Exit Condition Met For Trade
44,2025-03-03,,09:35:00,22170.1,,,,,2025-03-03,,09:36:00,22176.9,152.75,,,152.75,0,Exit Condition Met For Trade
44.1,2025-03-03,Monday,09:35:00,111.8,65,CE,22250.0,Buy,2025-03-03,Monday,09:36:00,114.05,146.25,2.012522361359571,2025-03-06,,,Target Hit
44.2,2025-03-03,Monday,09:35:00,66.15,65,PE,22050.0,Buy,2025-03-03,Monday,09:36:00,66.25,6.4999999999996305,0.15117157974299972,2025-03-06,,,Exit Condition Met For Trade
45,2025-03-04,,09:35:00,22023.6,,,,,2025-03-04,,09:36:00,22015.05,195.0,,,195.0,0,Exit Condition Met For Trade
45.1,2025-03-04,Tuesday,09:35:00,78.15,65,CE,22100.0,Buy,2025-03-04,Tuesday,09:36:00,79.7,100.74999999999982,1.9833653230966053,2025-03-06,,,Target Hit
45.2,2025-03-04,Tuesday,09:35:00,49.75,65,PE,21900.0,Buy,2025-03-04,Tuesday,09:36:00,51.2,94.25000000000018,2.9145728643216136,2025-03-06,,,Exit Condition Met For Trade
46,2025-03-05,,09:35:00,22208.95,,,,,2025-03-05,,09:36:00,22202.9,156.0,,,156.0,0,Exit Condition Met For Trade
46.1,2025-03-05,Wednesday,09:35:00,44.4,65,CE,22300.0,Buy,2025-03-05,Wednesday,09:36:00,45.3,58.49999999999991,2.027027027027024,2025-03-06,,,Target Hit
46.2,2025-03-05,Wednesday,09:35:00,45.55,65,PE,22100.0,Buy,2025-03-05,Wednesday,09:36:00,47.05,97.5,3.2930845225027445,2025-03-06,,,Exit Condition Met For Trade
47,2025-03-06,,09:35:00,22309.55,,,,,2025-03-06,,09:36:00,22318.5,-87.75,,,0,-87.75,Exit Condition Met For Trade
47.1,2025-03-06,Thursday,09:35:00,24.2,65,CE,22400.0,Buy,2025-03-06,Thursday,09:36:00,24.7,32.5,2.066115702479339,2025-03-06,,,Target Hit
47.2,2025-03-06,Thursday,09:35:00,27.25,65,PE,22200.0,Buy,2025-03-06,Thursday,09:36:00,25.4,-120.25000000000009,-6.788990825688079,2025-03-06,,,Exit Condition Met For Trade
48,2025-03-07,,09:35:00,22562.6,,,,,2025-03-07,,09:36:00,22539.75,464.75,,,464.75,0,Exit Condition Met For Trade
48.1,2025-03-07,Friday,09:35:00,118.35,65,CE,22650.0,Buy,2025-03-07,Friday,09:36:00,120.7,152.75000000000057,1.9856358259400158,2025-03-13,,,Target Hit
48.2,2025-03-07,Friday,09:35:00,96.4,65,PE,22450.0,Buy,2025-03-07,Friday,09:36:00,101.2,311.99999999999983,4.9792531120331915,2025-03-13,,,Target Hit
49,2025-03-10,,09:35:00,22597.3,,,,,2025-03-10,,09:36:00,22608.75,-58.5,,,0,-58.5,Exit Condition Met For Trade
49.1,2025-03-10,Monday,09:35:00,76.0,65,CE,22700.0,Buy,2025-03-10,Monday,09:36:00,77.5,97.5,1.9736842105263157,2025-03-13,,,Target Hit
49.2,2025-03-10,Monday,09:35:00,91.15,65,PE,22500.0,Buy,2025-03-10,Monday,09:36:00,88.75,-156.00000000000037,-2.633022490400445,2025-03-13,,,Exit Condition Met For Trade
50,2025-03-11,,09:35:00,22360.1,,,,,2025-03-11,,09:36:00,22358.55,78.0,,,78.0,0,Exit Condition Met For Trade
50.1,2025-03-11,Tuesday,09:35:00,75.5,65,CE,22450.0,Buy,2025-03-11,Tuesday,09:36:00,77.0,97.5,1.9867549668874172,2025-03-13,,,Target Hit
50.2,2025-03-11,Tuesday,09:35:00,66.75,65,PE,22250.0,Buy,2025-03-11,Tuesday,09:36:00,66.45,-19.499999999999815,-0.4494382022471868,2025-03-13,,,Exit Condition Met For Trade
51,2025-03-12,,09:35:00,22473.2,,,,,2025-03-12,,09:37:00,22474.4,94.25,,,94.25,-3.25,Exit Condition Met For Trade
51.1,2025-03-12,Wednesday,09:35:00,52.9,65,CE,22550.0,Buy,2025-03-12,Wednesday,09:37:00,51.9,-65.0,-1.890359168241966,2025-03-13,,,Exit Condition Met For Trade
51.2,2025-03-12,Wednesday,09:35:00,49.2,65,PE,22350.0,Buy,2025-03-12,Wednesday,09:36:00,51.65,159.24999999999972,4.979674796747958,2025-03-13,,,Target Hit
52,2025-03-13,,09:35:00,22475.85,,,,,2025-03-13,,09:36:00,22476.75,68.25,,,68.25,0,Exit Condition Met For Trade
52.1,2025-03-13,Thursday,09:35:00,8.95,65,CE,22600.0,Buy,2025-03-13,Thursday,09:36:00,9.15,13.00000000000007,2.234636871508392,2025-03-13,,,Target Hit
52.2,2025-03-13,Thursday,09:35:00,16.65,65,PE,22400.0,Buy,2025-03-13,Thursday,09:36:00,17.5,55.25000000000009,5.105105105105114,2025-03-13,,,Target Hit
53,2025-03-17,,09:35:00,22566.1,,,,,2025-03-17,,09:36:00,22553.9,-165.75,,,0,-165.75,Exit Condition Met For Trade
53.1,2025-03-17,Monday,09:35:00,98.1,65,CE,22650.0,Buy,2025-03-17,Monday,09:36:00,92.6,-357.5,-5.606523955147809,2025-03-20,,,Exit Condition Met For Trade
53.2,2025-03-17,Monday,09:35:00,59.0,65,PE,22450.0,Buy,2025-03-17,Monday,09:36:00,61.95,191.75000000000017,5.000000000000004,2025-03-20,,,Target Hit
54,2025-03-18,,09:35:00,22678.7,,,,,2025-03-18,,09:36:00,22684.45,123.5,,,123.5,0,Exit Condition Met For Trade
54.1,2025-03-18,Tuesday,09:35:00,71.4,65,CE,22800.0,Buy,2025-03-18,Tuesday,09:36:00,72.85,94.24999999999926,2.030812324929956,2025-03-20,,,Target Hit
54.2,2025-03-18,Tuesday,09:35:00,71.8,65,PE,22600.0,Buy,2025-03-18,Tuesday,09:36:00,72.25,29.250000000000185,0.6267409470752129,2025-03-20,,,Exit Condition Met For Trade
55,2025-03-19,,09:35:00,22843.3,,,,,2025-03-19,,09:36:00,22821.85,221.0,,,221.0,0,Exit Condition Met For Trade
55.1,2025-03-19,Wednesday,09:35:00,45.0,65,CE,22950.0,Buy,2025-03-19,Wednesday,09:36:00,45.9,58.49999999999991,1.999999999999997,2025-03-20,,,Target Hit
55.2,2025-03-19,Wednesday,09:35:00,50.4,65,PE,22750.0,Buy,2025-03-19,Wednesday,09:36:00,52.9,162.5,4.9603174603174605,2025-03-20,,,Target Hit
56,2025-03-20,,09:35:00,23065.65,,,,,2025-03-20,,09:36:00,23069.15,104.0,,,104.0,0,Exit Condition Met For Trade
56.1,2025-03-20,Thursday,09:35:00,21.9,65,CE,23150.0,Buy,2025-03-20,Thursday,09:36:00,22.6,45.500000000000185,3.1963470319634837,2025-03-20,,,Target Hit
56.2,2025-03-20,Thursday,09:35:00,18.2,65,PE,22950.0,Buy,2025-03-20,Thursday,09:36:00,19.1,58.50000000000014,4.945054945054957,2025-03-20,,,Target Hit
57,2025-03-21,,09:35:00,23225.6,,,,,2025-03-21,,09:36:00,23226.85,65.0,,,65.0,0,Exit Condition Met For Trade
57.1,2025-03-21,Friday,09:35:00,81.1,65,CE,23350.0,Buy,2025-03-21,Friday,09:36:00,82.1,65.0,1.2330456226880395,2025-03-27,,,Exit Condition Met For Trade
57.2,2025-03-21,Friday,09:35:00,92.1,65,PE,23150.0,Buy,2025-03-21,Friday,09:36:00,92.1,0.0,0.0,2025-03-27,,,Exit Condition Met For Trade
58,2025-03-24,,09:35:00,23454.9,,,,,2025-03-24,,09:36:00,23470.65,-201.5,,,0,-201.5,Exit Condition Met For Trade
58.1,2025-03-24,Monday,09:35:00,90.35,65,CE,23550.0,Buy,2025-03-24,Monday,09:36:00,92.15,117.00000000000074,1.992252351964595,2025-03-27,,,Target Hit
58.2,2025-03-24,Monday,09:35:00,85.7,65,PE,23350.0,Buy,2025-03-24,Monday,09:36:00,80.8,-318.50000000000034,-5.7176196032672175,2025-03-27,,,Exit Condition Met For Trade
59,2025-03-25,,09:35:00,23760.0,,,,,2025-03-25,,09:36:00,23761.9,-39.0,,,0,-39.0,Exit Condition Met For Trade
59.1,2025-03-25,Tuesday,09:35:00,102.6,65,CE,23850.0,Buy,2025-03-25,Tuesday,09:36:00,102.2,-25.999999999999446,-0.3898635477582763,2025-03-27,,,Exit Condition Met For Trade
59.2,2025-03-25,Tuesday,09:35:00,84.7,65,PE,23650.0,Buy,2025-03-25,Tuesday,09:36:00,84.5,-13.000000000000185,-0.23612750885478492,2025-03-27,,,Exit Condition Met For Trade
60,2025-03-26,,09:35:00,23684.15,,,,,2025-03-26,,09:36:00,23668.6,-169.0,,,0,-169.0,Exit Condition Met For Trade
60.1,2025-03-26,Wednesday,09:35:00,53.4,65,CE,23800.0,Buy,2025-03-26,Wednesday,09:36:00,47.75,-367.2499999999999,-10.580524344569287,2025-03-27,,,Exit Condition Met For Trade
60.2,2025-03-26,Wednesday,09:35:00,61.15,65,PE,23600.0,Buy,2025-03-26,Wednesday,09:36:00,64.2,198.25000000000028,4.987735077677849,2025-03-27,,,Target Hit
61,2025-03-27,,09:35:00,23525.5,,,,,2025-03-27,,09:36:00,23522.4,136.5,,,136.5,0,Exit Condition Met For Trade
61.1,2025-03-27,Thursday,09:35:00,19.65,65,CE,23650.0,Buy,2025-03-27,Thursday,09:36:00,20.05,26.00000000000014,2.0356234096692223,2025-03-27,,,Target Hit
61.2,2025-03-27,Thursday,09:35:00,33.55,65,PE,23450.0,Buy,2025-03-27,Thursday,09:36:00,35.25,110.50000000000018,5.067064083457535,2025-03-27,,,Target Hit
62,2025-03-28,,09:35:00,23543.3,,,,,2025-03-28,,09:37:00,23519.75,-318.5,,,0,-318.5,Exit Condition Met For Trade
62.1,2025-03-28,Friday,09:35:00,109.1,65,CE,23650.0,Buy,2025-03-28,Friday,09:37:00,99.0,-656.4999999999997,-9.257561869844174,2025-04-03,,,Exit Condition Met For Trade
62.2,2025-03-28,Friday,09:35:00,103.6,65,PE,23450.0,Buy,2025-03-28,Friday,09:36:00,108.8,338.00000000000017,5.019305019305022,2025-04-03,,,Target Hit
63,2025-04-01,,09:35:00,23514.4,,,,,2025-04-01,,09:36:00,23509.25,-45.5,,,0,-45.5,Exit Condition Met For Trade
63.1,2025-04-01,Tuesday,09:35:00,69.75,65,CE,23600.0,Buy,2025-04-01,Tuesday,09:36:00,66.05,-240.50000000000017,-5.304659498207889,2025-04-03,,,Exit Condition Met For Trade
63.2,2025-04-01,Tuesday,09:35:00,60.0,65,PE,23400.0,Buy,2025-04-01,Tuesday,09:36:00,63.0,195.0,5.0,2025-04-03,,,Target Hit
64,2025-04-02,,09:35:00,23279.05,,,,,2025-04-02,,09:36:00,23283.65,250.25,,,250.25,0,Exit Condition Met For Trade
64.1,2025-04-02,Wednesday,09:35:00,49.8,65,CE,23400.0,Buy,2025-04-02,Wednesday,09:36:00,50.8,65.0,2.0080321285140563,2025-04-03,,,Target Hit
64.2,2025-04-02,Wednesday,09:35:00,57.35,65,PE,23200.0,Buy,2025-04-02,Wednesday,09:36:00,60.2,185.25000000000009,4.969485614646906,2025-04-03,,,Target Hit
65,2025-04-03,,09:35:00,23266.9,,,,,2025-04-03,,09:36:00,23270.3,71.5,,,71.5,0,Exit Condition Met For Trade
65.1,2025-04-03,Thursday,09:35:00,13.1,65,CE,23350.0,Buy,2025-04-03,Thursday,09:36:00,13.35,16.25,1.9083969465648856,2025-04-03,,,Target Hit
65.2,2025-04-03,Thursday,09:35:00,16.9,65,PE,23150.0,Buy,2025-04-03,Thursday,09:36:00,17.75,55.25000000000009,5.029585798816577,2025-04-03,,,Target Hit
66,2025-04-04,,09:35:00,23118.8,,,,,2025-04-04,,09:36:00,23114.75,162.5,,,162.5,0,Exit Condition Met For Trade
66.1,2025-04-04,Friday,09:35:00,110.95,65,CE,23200.0,Buy,2025-04-04,Friday,09:36:00,108.2,-178.75,-2.4785939612438033,2025-04-09,,,Exit Condition Met For Trade
66.2,2025-04-04,Friday,09:35:00,104.6,65,PE,23000.0,Buy,2025-04-04,Friday,09:36:00,109.85,341.25,5.019120458891013,2025-04-09,,,Target Hit
67,2025-04-07,,09:35:00,22141.75,,,,,2025-04-07,,09:36:00,22092.85,-893.75,,,0,-893.75,Exit Condition Met For Trade
67.1,2025-04-07,Monday,09:35:00,240.45,65,CE,22250.0,Buy,2025-04-07,Monday,09:36:00,215.45,-1625.0,-10.397171969224372,2025-04-09,,,Stop Loss Hit
67.2,2025-04-07,Monday,09:35:00,224.75,65,PE,22050.0,Buy,2025-04-07,Monday,09:36:00,236.0,731.25,5.005561735261401,2025-04-09,,,Target Hit
68,2025-04-08,,09:35:00,22518.9,,,,,2025-04-08,,09:36:00,22513.45,507.0,,,507.0,0,Exit Condition Met For Trade
68.1,2025-04-08,Tuesday,09:35:00,112.2,65,CE,22600.0,Buy,2025-04-08,Tuesday,09:36:00,114.45,146.25,2.0053475935828877,2025-04-09,,,Target Hit
68.2,2025-04-08,Tuesday,09:35:00,111.1,65,PE,22400.0,Buy,2025-04-08,Tuesday,09:36:00,116.65,360.75000000000074,4.995499549955006,2025-04-09,,,Target Hit
69,2025-04-09,,09:35:00,22410.7,,,,,2025-04-09,,09:36:00,22414.55,214.5,,,214.5,0,Exit Condition Met For Trade
69.1,2025-04-09,Wednesday,09:35:00,48.25,65,CE,22500.0,Buy,2025-04-09,Wednesday,09:36:00,49.2,61.750000000000185,1.9689119170984515,2025-04-09,,,Target Hit
69.2,2025-04-09,Wednesday,09:35:00,41.4,65,PE,22300.0,Buy,2025-04-09,Wednesday,09:36:00,43.75,152.75000000000009,5.676328502415463,2025-04-09,,,Target Hit
70,2025-04-11,,09:35:00,22794.2,,,,,2025-04-11,,09:36:00,22794.2,308.75,,,308.75,0,Exit Condition Met For Trade
70.1,2025-04-11,Friday,09:35:00,199.45,65,CE,22900.0,Buy,2025-04-11,Friday,09:36:00,200.0,35.75000000000074,0.27575833542241734,2025-04-17,,,Exit Condition Met For Trade
70.2,2025-04-11,Friday,09:35:00,171.6,65,PE,22700.0,Buy,2025-04-11,Friday,09:36:00,175.8,273.00000000000114,2.4475524475524577,2025-04-17,,,Exit Condition Met For Trade
71,2025-04-15,,09:35:00,23267.4,,,,,2025-04-15,,09:36:00,23279.1,-221.0,,,0,-221.0,Exit Condition Met For Trade
71.1,2025-04-15,Tuesday,09:35:00,102.55,65,CE,23350.0,Buy,2025-04-15,Tuesday,09:36:00,104.6,133.24999999999983,1.9990248659190613,2025-04-17,,,Target Hit
71.2,2025-04-15,Tuesday,09:35:00,86.7,65,PE,23150.0,Buy,2025-04-15,Tuesday,09:36:00,81.25,-354.25000000000017,-6.2860438292964265,2025-04-17,,,Exit Condition Met For Trade
72,2025-04-16,,09:35:00,23336.55,,,,,2025-04-16,,09:36:00,23333.8,104.0,,,104.0,0,Exit Condition Met For Trade
72.1,2025-04-16,Wednesday,09:35:00,22.95,65,CE,23450.0,Buy,2025-04-16,Wednesday,09:36:00,23.4,29.249999999999954,1.9607843137254872,2025-04-17,,,Target Hit
72.2,2025-04-16,Wednesday,09:35:00,39.7,65,PE,23250.0,Buy,2025-04-16,Wednesday,09:36:00,40.85,74.74999999999991,2.8967254408060414,2025-04-17,,,Exit Condition Met For Trade
73,2025-04-17,,09:35:00,23319.85,,,,,2025-04-17,,09:36:00,23324.75,91.0,,,91.0,0,Exit Condition Met For Trade
73.1,2025-04-17,Thursday,09:35:00,22.8,65,CE,23400.0,Buy,2025-04-17,Thursday,09:36:00,23.25,29.249999999999954,1.9736842105263126,2025-04-17,,,Target Hit
73.2,2025-04-17,Thursday,09:35:00,19.2,65,PE,23200.0,Buy,2025-04-17,Thursday,09:36:00,20.15,61.74999999999996,4.947916666666663,2025-04-17,,,Target Hit
74,2025-04-21,,09:35:00,23983.15,,,,,2025-04-21,,09:36:00,23988.45,234.0,,,234.0,0,Exit Condition Met For Trade
74.1,2025-04-21,Monday,09:35:00,102.25,65,CE,24100.0,Buy,2025-04-21,Monday,09:36:00,104.95,175.50000000000017,2.6405867970660175,2025-04-24,,,Target Hit
74.2,2025-04-21,Monday,09:35:00,136.85,65,PE,23900.0,Buy,2025-04-21,Monday,09:36:00,137.75,58.50000000000037,0.657654366094268,2025-04-24,,,Exit Condition Met For Trade
75,2025-04-22,,09:35:00,24168.5,,,,,2025-04-22,,09:36:00,24175.15,-78.0,,,0,-78.0,Exit Condition Met For Trade
75.1,2025-04-22,Tuesday,09:35:00,71.15,65,CE,24250.0,Buy,2025-04-22,Tuesday,09:36:00,72.55,90.99999999999945,1.9676739283204376,2025-04-24,,,Target Hit
75.2,2025-04-22,Tuesday,09:35:00,63.2,65,PE,24050.0,Buy,2025-04-22,Tuesday,09:36:00,60.6,-169.00000000000009,-4.113924050632913,2025-04-24,,,Exit Condition Met For Trade
76,2025-04-23,,09:35:00,24285.85,,,,,2025-04-23,,09:36:00,24270.55,247.0,,,247.0,0,Exit Condition Met For Trade
76.1,2025-04-23,Wednesday,09:35:00,43.5,65,CE,24400.0,Buy,2025-04-23,Wednesday,09:36:00,44.35,55.25000000000009,1.9540229885057503,2025-04-24,,,Target Hit
76.2,2025-04-23,Wednesday,09:35:00,59.05,65,PE,24200.0,Buy,2025-04-23,Wednesday,09:36:00,62.0,191.75000000000017,4.995766299745983,2025-04-24,,,Target Hit
77,2025-04-24,,09:35:00,24319.3,,,,,2025-04-24,,09:36:00,24345.45,204.75,,,204.75,0,Exit Condition Met For Trade
77.1,2025-04-24,Thursday,09:35:00,25.6,65,CE,24400.0,Buy,2025-04-24,Thursday,09:36:00,28.15,165.74999999999983,9.960937499999988,2025-04-24,,,Target Hit
77.2,2025-04-24,Thursday,09:35:00,11.7,65,PE,24200.0,Buy,2025-04-24,Thursday,09:36:00,12.3,39.00000000000009,5.128205128205141,2025-04-24,,,Target Hit
78,2025-04-25,,09:35:00,24280.05,,,,,2025-04-25,,09:36:00,24276.95,611.0,,,611.0,0,Exit Condition Met For Trade
78.1,2025-04-25,Friday,09:35:00,129.45,65,CE,24400.0,Buy,2025-04-25,Friday,09:36:00,132.05,169.00000000000148,2.008497489378156,2025-04-30,,,Target Hit
78.2,2025-04-25,Friday,09:35:00,135.9,65,PE,24200.0,Buy,2025-04-25,Friday,09:36:00,142.7,441.99999999999886,5.003679175864594,2025-04-30,,,Target Hit
79,2025-04-28,,09:35:00,24184.3,,,,,2025-04-28,,09:36:00,24180.65,370.5,,,370.5,0,Exit Condition Met For Trade
79.1,2025-04-28,Monday,09:35:00,86.1,65,CE,24300.0,Buy,2025-04-28,Monday,09:36:00,87.8,110.50000000000018,1.974448315911734,2025-04-30,,,Target Hit
79.2,2025-04-28,Monday,09:35:00,79.7,65,PE,24100.0,Buy,2025-04-28,Monday,09:36:00,83.7,260.0,5.018820577164366,2025-04-30,,,Target Hit
80,2025-04-29,,09:35:00,24440.2,,,,,2025-04-29,,09:37:00,24411.35,-162.5,,,3.25,-162.5,Exit Condition Met For Trade
80.1,2025-04-29,Tuesday,09:35:00,36.95,65,CE,24550.0,Buy,2025-04-29,Tuesday,09:37:00,32.1,-315.2500000000001,-13.125845737483088,2025-04-30,,,Exit Condition Met For Trade
80.2,2025-04-29,Tuesday,09:35:00,47.05,65,PE,24350.0,Buy,2025-04-29,Tuesday,09:36:00,49.4,152.75000000000009,4.994686503719451,2025-04-30,,,Target Hit
81,2025-04-30,,09:35:00,24338.05,,,,,2025-04-30,,09:36:00,24331.35,52.0,,,52.0,0,Exit Condition Met For Trade
81.1,2025-04-30,Wednesday,09:35:00,9.55,65,CE,24450.0,Buy,2025-04-30,Wednesday,09:36:00,9.75,12.999999999999954,2.0942408376963275,2025-04-30,,,Target Hit
81.2,2025-04-30,Wednesday,09:35:00,12.35,65,PE,24250.0,Buy,2025-04-30,Wednesday,09:36:00,12.95,38.99999999999998,4.858299595141697,2025-04-30,,,Target Hit
82,2025-05-02,,09:35:00,24525.0,,,,,2025-05-02,,09:36:00,24520.9,-120.25,,,0,-120.25,Exit Condition Met For Trade
82.1,2025-05-02,Friday,09:35:00,148.65,65,CE,24650.0,Buy,2025-05-02,Friday,09:36:00,144.75,-253.50000000000037,-2.6236125126135255,2025-05-08,,,Exit Condition Met For Trade
82.2,2025-05-02,Friday,09:35:00,136.2,65,PE,24450.0,Buy,2025-05-02,Friday,09:36:00,138.25,133.25000000000074,1.5051395007342228,2025-05-08,,,Exit Condition Met For Trade
83,2025-05-05,,09:35:00,24414.05,,,,,2025-05-05,,09:36:00,24429.6,-214.5,,,0,-214.5,Exit Condition Met For Trade
83.1,2025-05-05,Monday,09:35:00,99.1,65,CE,24500.0,Buy,2025-05-05,Monday,09:36:00,101.1,130.0,2.0181634712411705,2025-05-08,,,Target Hit
83.2,2025-05-05,Monday,09:35:00,101.9,65,PE,24300.0,Buy,2025-05-05,Monday,09:36:00,96.6,-344.50000000000074,-5.20117762512268,2025-05-08,,,Exit Condition Met For Trade
84,2025-05-06,,09:35:00,24470.35,,,,,2025-05-06,,09:36:00,24472.75,-19.5,,,0,-19.5,Exit Condition Met For Trade
84.1,2025-05-06,Tuesday,09:35:00,46.0,65,CE,24550.0,Buy,2025-05-06,Tuesday,09:36:00,46.9,58.49999999999991,1.9565217391304317,2025-05-08,,,Target Hit
84.2,2025-05-06,Tuesday,09:35:00,45.4,65,PE,24350.0,Buy,2025-05-06,Tuesday,09:36:00,44.2,-77.99999999999972,-2.6431718061673917,2025-05-08,,,Exit Condition Met For Trade
85,2025-05-07,,09:35:00,24447.4,,,,,2025-05-07,,09:36:00,24448.45,71.5,,,71.5,0,Exit Condition Met For Trade
85.1,2025-05-07,Wednesday,09:35:00,46.5,65,CE,24550.0,Buy,2025-05-07,Wednesday,09:36:00,47.45,61.750000000000185,2.0430107526881782,2025-05-08,,,Target Hit
85.2,2025-05-07,Wednesday,09:35:00,65.2,65,PE,24350.0,Buy,2025-05-07,Wednesday,09:36:00,65.35,9.749999999999446,0.23006134969323844,2025-05-08,,,Exit Condition Met For Trade
86,2025-05-08,,09:35:00,24381.8,,,,,2025-05-08,,09:36:00,24382.55,-13.0,,,0,-13.0,Exit Condition Met For Trade
86.1,2025-05-08,Thursday,09:35:00,6.85,65,CE,24500.0,Buy,2025-05-08,Thursday,09:36:00,7.0,9.750000000000023,2.1897810218978155,2025-05-08,,,Target Hit
86.2,2025-05-08,Thursday,09:35:00,12.7,65,PE,24300.0,Buy,2025-05-08,Thursday,09:36:00,12.35,-22.74999999999998,-2.755905511811021,2025-05-08,,,Exit Condition Met For Trade
87,2025-05-09,,09:35:00,24047.0,,,,,2025-05-09,,09:36:00,24050.35,351.0,,,351.0,0,Exit Condition Met For Trade
87.1,2025-05-09,Friday,09:35:00,197.5,65,CE,24150.0,Buy,2025-05-09,Friday,09:36:00,201.45,256.74999999999926,1.9999999999999942,2025-05-15,,,Target Hit
87.2,2025-05-09,Friday,09:35:00,234.65,65,PE,23950.0,Buy,2025-05-09,Friday,09:36:00,236.1,94.24999999999926,0.6179416151715272,2025-05-15,,,Exit Condition Met For Trade
88,2025-05-12,,09:35:00,24618.65,,,,,2025-05-12,,09:36:00,24621.6,282.75,,,282.75,0,Exit Condition Met For Trade
88.1,2025-05-12,Monday,09:35:00,114.15,65,CE,24700.0,Buy,2025-05-12,Monday,09:36:00,116.45,149.49999999999983,2.0148926850635105,2025-05-15,,,Target Hit
88.2,2025-05-12,Monday,09:35:00,97.75,65,PE,24500.0,Buy,2025-05-12,Monday,09:36:00,99.8,133.24999999999983,2.0971867007672604,2025-05-15,,,Exit Condition Met For Trade
89,2025-05-13,,09:35:00,24743.25,,,,,2025-05-13,,09:36:00,24773.7,-702.0,,,0,-702.0,Exit Condition Met For Trade
89.1,2025-05-13,Tuesday,09:35:00,139.3,65,CE,24850.0,Buy,2025-05-13,Tuesday,09:36:00,142.1,181.9999999999989,2.010050251256269,2025-05-15,,,Target Hit
89.2,2025-05-13,Tuesday,09:35:00,154.5,65,PE,24650.0,Buy,2025-05-13,Tuesday,09:36:00,140.9,-883.9999999999997,-8.80258899676375,2025-05-15,,,Exit Condition Met For Trade
90,2025-05-14,,09:35:00,24666.25,,,,,2025-05-14,,09:36:00,24680.0,360.75,,,360.75,0,Exit Condition Met For Trade
90.1,2025-05-14,Wednesday,09:35:00,73.35,65,CE,24750.0,Buy,2025-05-14,Wednesday,09:36:00,74.9,100.75000000000074,2.113156100886178,2025-05-15,,,Target Hit
90.2,2025-05-14,Wednesday,09:35:00,80.4,65,PE,24550.0,Buy,2025-05-14,Wednesday,09:36:00,84.4,260.0,4.975124378109452,2025-05-15,,,Target Hit
91,2025-05-15,,09:35:00,24596.3,,,,,2025-05-15,,09:36:00,24574.5,175.5,,,175.5,0,Exit Condition Met For Trade
91.1,2025-05-15,Thursday,09:35:00,24.3,65,CE,24700.0,Buy,2025-05-15,Thursday,09:36:00,24.8,32.5,2.05761316872428,2025-05-15,,,Target Hit
91.2,2025-05-15,Thursday,09:35:00,30.1,65,PE,24500.0,Buy,2025-05-15,Thursday,09:36:00,32.3,142.99999999999972,7.30897009966776,2025-05-15,,,Target Hit
92,2025-05-16,,09:35:00,25009.3,,,,,2025-05-16,,09:36:00,25021.25,-247.0,,,0,-247.0,Exit Condition Met For Trade
92.1,2025-05-16,Friday,09:35:00,151.35,65,CE,25100.0,Buy,2025-05-16,Friday,09:36:00,154.4,198.25000000000074,2.015196564255046,2025-05-22,,,Target Hit
92.2,2025-05-16,Friday,09:35:00,139.55,65,PE,24900.0,Buy,2025-05-16,Friday,09:36:00,132.7,-445.2500000000015,-4.9086348978860785,2025-05-22,,,Exit Condition Met For Trade
93,2025-05-19,,09:35:00,25032.9,,,,,2025-05-19,,09:36:00,25020.45,-87.75,,,0,-87.75,Exit Condition Met For Trade
93.1,2025-05-19,Monday,09:35:00,120.0,65,CE,25150.0,Buy,2025-05-19,Monday,09:36:00,113.6,-416.00000000000034,-5.333333333333338,2025-05-22,,,Exit Condition Met For Trade
93.2,2025-05-19,Monday,09:35:00,132.85,65,PE,24950.0,Buy,2025-05-19,Monday,09:36:00,137.9,328.25000000000074,3.8012796386902608,2025-05-22,,,Exit Condition Met For Trade
94,2025-05-20,,09:35:00,24935.55,,,,,2025-05-20,,09:36:00,24935.6,126.75,,,126.75,0,Exit Condition Met For Trade
94.1,2025-05-20,Tuesday,09:35:00,82.8,65,CE,25050.0,Buy,2025-05-20,Tuesday,09:36:00,84.45,107.25000000000037,1.9927536231884126,2025-05-22,,,Target Hit
94.2,2025-05-20,Tuesday,09:35:00,91.7,65,PE,24850.0,Buy,2025-05-20,Tuesday,09:36:00,92.0,19.499999999999815,0.327153762268263,2025-05-22,,,Exit Condition Met For Trade
95,2025-05-21,,09:35:00,24771.75,,,,,2025-05-21,,09:36:00,24772.85,256.75,,,256.75,0,Exit Condition Met For Trade
95.1,2025-05-21,Wednesday,09:35:00,92.9,65,CE,24850.0,Buy,2025-05-21,Wednesday,09:36:00,94.75,120.24999999999963,1.9913885898815868,2025-05-22,,,Target Hit
95.2,2025-05-21,Wednesday,09:35:00,68.05,65,PE,24650.0,Buy,2025-05-21,Wednesday,09:36:00,70.15,136.50000000000057,3.0859662013225697,2025-05-22,,,Exit Condition Met For Trade
96,2025-05-22,,09:35:00,24548.95,,,,,2025-05-22,,09:36:00,24575.3,169.0,,,169.0,0,Exit Condition Met For Trade
96.1,2025-05-22,Thursday,09:35:00,39.7,65,CE,24650.0,Buy,2025-05-22,Thursday,09:36:00,40.5,51.999999999999815,2.015113350125937,2025-05-22,,,Target Hit
96.2,2025-05-22,Thursday,09:35:00,36.1,65,PE,24450.0,Buy,2025-05-22,Thursday,09:36:00,37.9,116.99999999999982,4.986149584487527,2025-05-22,,,Target Hit
97,2025-05-23,,09:35:00,24746.9,,,,,2025-05-23,,09:36:00,24755.35,-55.25,,,0,-55.25,Exit Condition Met For Trade
97.1,2025-05-23,Friday,09:35:00,159.75,65,CE,24850.0,Buy,2025-05-23,Friday,09:36:00,162.95,207.99999999999926,2.003129890453827,2025-05-29,,,Target Hit
97.2,2025-05-23,Friday,09:35:00,141.15,65,PE,24650.0,Buy,2025-05-23,Friday,09:36:00,137.1,-263.25000000000074,-2.869287991498414,2025-05-29,,,Exit Condition Met For Trade
98,2025-05-26,,09:35:00,25044.9,,,,,2025-05-26,,09:36:00,25046.3,-276.25,,,0,-276.25,Exit Condition Met For Trade
98.1,2025-05-26,Monday,09:35:00,172.0,65,CE,25150.0,Buy,2025-05-26,Monday,09:36:00,169.9,-136.49999999999963,-1.2209302325581362,2025-05-29,,,Exit Condition Met For Trade
98.2,2025-05-26,Monday,09:35:00,144.8,65,PE,24950.0,Buy,2025-05-26,Monday,09:36:00,142.65,-139.75000000000037,-1.484806629834258,2025-05-29,,,Exit Condition Met For Trade
99,2025-05-27,,09:35:00,24810.55,,,,,2025-05-27,,09:36:00,24809.1,354.25,,,354.25,0,Exit Condition Met For Trade
99.1,2025-05-27,Tuesday,09:35:00,182.55,65,CE,24900.0,Buy,2025-05-27,Tuesday,09:36:00,186.2,237.24999999999852,1.999452204875364,2025-05-29,,,Target Hit
99.2,2025-05-27,Tuesday,09:35:00,156.4,65,PE,24700.0,Buy,2025-05-27,Tuesday,09:36:00,158.2,116.99999999999889,1.1508951406649508,2025-05-29,,,Exit Condition Met For Trade
100,2025-05-28,,09:35:00,24766.2,,,,,2025-05-28,,09:36:00,24783.95,-679.25,,,0,-679.25,Exit Condition Met For Trade
100.1,2025-05-28,Wednesday,09:35:00,147.4,65,CE,24850.0,Buy,2025-05-28,Wednesday,09:36:00,150.35,191.74999999999926,2.001356852103113,2025-05-29,,,Target Hit
100.2,2025-05-28,Wednesday,09:35:00,119.85,65,PE,24650.0,Buy,2025-05-28,Wednesday,09:36:00,106.45,-870.9999999999994,-11.180642469753852,2025-05-29,,,Exit Condition Met For Trade
101,2025-05-29,,09:35:00,24803.5,,,,,2025-05-29,,09:36:00,24807.95,84.5,,,84.5,0,Exit Condition Met For Trade
101.1,2025-05-29,Thursday,09:35:00,18.35,65,CE,24900.0,Buy,2025-05-29,Thursday,09:36:00,18.85,32.5,2.7247956403269753,2025-05-29,,,Target Hit
101.2,2025-05-29,Thursday,09:35:00,16.05,65,PE,24700.0,Buy,2025-05-29,Thursday,09:36:00,16.85,52.00000000000004,4.984423676012465,2025-05-29,,,Target Hit
102,2025-05-30,,09:35:00,24826.75,,,,,2025-05-30,,09:36:00,24814.1,-126.75,,,0,-126.75,Exit Condition Met For Trade
102.1,2025-05-30,Friday,09:35:00,169.5,65,CE,24950.0,Buy,2025-05-30,Friday,09:36:00,162.45,-458.25000000000074,-4.159292035398237,2025-06-05,,,Exit Condition Met For Trade
102.2,2025-05-30,Friday,09:35:00,156.2,65,PE,24750.0,Buy,2025-05-30,Friday,09:36:00,161.3,331.5000000000015,3.265044814340604,2025-06-05,,,Exit Condition Met For Trade
103,2025-06-02,,09:35:00,24540.5,,,,,2025-06-02,,09:36:00,24547.25,-438.75,,,0,-438.75,Exit Condition Met For Trade
103.1,2025-06-02,Monday,09:35:00,139.8,65,CE,24650.0,Buy,2025-06-02,Monday,09:36:00,139.9,6.4999999999996305,0.07153075822603312,2025-06-05,,,Exit Condition Met For Trade
103.2,2025-06-02,Monday,09:35:00,155.45,65,PE,24450.0,Buy,2025-06-02,Monday,09:36:00,148.6,-445.24999999999966,-4.406561595368283,2025-06-05,,,Exit Condition Met For Trade
104,2025-06-03,,09:35:00,24627.05,,,,,2025-06-03,,09:36:00,24639.6,-315.25,,,0,-315.25,Exit Condition Met For Trade
104.1,2025-06-03,Tuesday,09:35:00,177.05,65,CE,24750.0,Buy,2025-06-03,Tuesday,09:36:00,180.6,230.7499999999989,2.005083309799482,2025-06-05,,,Target Hit
104.2,2025-06-03,Tuesday,09:35:00,177.8,65,PE,24550.0,Buy,2025-06-03,Tuesday,09:36:00,169.4,-546.0000000000003,-4.724409448818901,2025-06-05,,,Exit Condition Met For Trade
105,2025-06-04,,09:35:00,24560.65,,,,,2025-06-04,,09:36:00,24550.3,-32.5,,,0,-32.5,Exit Condition Met For Trade
105.1,2025-06-04,Wednesday,09:35:00,65.5,65,CE,24650.0,Buy,2025-06-04,Wednesday,09:36:00,62.4,-201.50000000000009,-4.732824427480918,2025-06-05,,,Exit Condition Met For Trade
105.2,2025-06-04,Wednesday,09:35:00,52.25,65,PE,24450.0,Buy,2025-06-04,Wednesday,09:36:00,54.85,169.00000000000009,4.976076555023925,2025-06-05,,,Target Hit
106,2025-06-05,,09:35:00,24737.3,,,,,2025-06-05,,09:36:00,24744.25,94.25,,,94.25,0,Exit Condition Met For Trade
106.1,2025-06-05,Thursday,09:35:00,31.6,65,CE,24850.0,Buy,2025-06-05,Thursday,09:36:00,31.65,3.2499999999998153,0.1582278481012568,2025-06-05,,,Exit Condition Met For Trade
106.2,2025-06-05,Thursday,09:35:00,28.5,65,PE,24650.0,Buy,2025-06-05,Thursday,09:36:00,29.9,90.99999999999991,4.912280701754381,2025-06-05,,,Target Hit
107,2025-06-06,,09:35:00,24708.45,,,,,2025-06-06,,09:36:00,24712.65,113.75,,,113.75,0,Exit Condition Met For Trade
107.1,2025-06-06,Friday,09:35:00,137.25,65,CE,24800.0,Buy,2025-06-06,Friday,09:36:00,138.7,94.24999999999926,1.0564663023679335,2025-06-12,,,Exit Condition Met For Trade
107.2,2025-06-06,Friday,09:35:00,121.35,65,PE,24600.0,Buy,2025-06-06,Friday,09:36:00,121.65,19.50000000000074,0.2472187886279451,2025-06-12,,,Exit Condition Met For Trade
108,2025-06-09,,09:35:00,25091.45,,,,,2025-06-09,,09:36:00,25091.95,312.0,,,312.0,0,Exit Condition Met For Trade
108.1,2025-06-09,Monday,09:35:00,104.7,65,CE,25200.0,Buy,2025-06-09,Monday,09:36:00,106.8,136.49999999999963,2.0057306590257826,2025-06-12,,,Target Hit
108.2,2025-06-09,Monday,09:35:00,114.05,65,PE,25000.0,Buy,2025-06-09,Monday,09:36:00,116.75,175.50000000000017,2.3673827268741805,2025-06-12,,,Exit Condition Met For Trade
109,2025-06-10,,09:35:00,25115.4,,,,,2025-06-10,,09:36:00,25106.9,321.75,,,321.75,0,Exit Condition Met For Trade
109.1,2025-06-10,Tuesday,09:35:00,73.3,65,CE,25200.0,Buy,2025-06-10,Tuesday,09:36:00,74.75,94.25000000000018,1.9781718963165114,2025-06-12,,,Target Hit
109.2,2025-06-10,Tuesday,09:35:00,70.2,65,PE,25000.0,Buy,2025-06-10,Tuesday,09:36:00,73.7,227.5,4.985754985754985,2025-06-12,,,Target Hit
110,2025-06-11,,09:35:00,25141.85,,,,,2025-06-11,,09:36:00,25141.3,84.5,,,84.5,0,Exit Condition Met For Trade
110.1,2025-06-11,Wednesday,09:35:00,31.9,65,CE,25250.0,Buy,2025-06-11,Wednesday,09:36:00,32.55,42.24999999999991,2.03761755485893,2025-06-12,,,Target Hit
110.2,2025-06-11,Wednesday,09:35:00,45.9,65,PE,25050.0,Buy,2025-06-11,Wednesday,09:36:00,46.55,42.24999999999991,1.4161220043572955,2025-06-12,,,Exit Condition Met For Trade
111,2025-06-12,,09:35:00,25189.05,,,,,2025-06-12,,09:36:00,25183.3,-191.75,,,0,-191.75,Exit Condition Met For Trade
111.1,2025-06-12,Thursday,09:35:00,23.85,65,CE,25300.0,Buy,2025-06-12,Thursday,09:36:00,21.55,-149.50000000000006,-9.643605870020966,2025-06-12,,,Exit Condition Met For Trade
111.2,2025-06-12,Thursday,09:35:00,27.15,65,PE,25100.0,Buy,2025-06-12,Thursday,09:36:00,26.5,-42.24999999999991,-2.3941068139963115,2025-06-12,,,Exit Condition Met For Trade
112,2025-06-13,,09:35:00,24586.8,,,,,2025-06-13,,09:36:00,24593.8,-133.25,,,0,-133.25,Exit Condition Met For Trade
112.1,2025-06-13,Friday,09:35:00,141.45,65,CE,24700.0,Buy,2025-06-13,Friday,09:36:00,144.3,185.25000000000148,2.0148462354188923,2025-06-19,,,Target Hit
112.2,2025-06-13,Friday,09:35:00,158.55,65,PE,24500.0,Buy,2025-06-13,Friday,09:36:00,153.65,-318.50000000000034,-3.090507726269319,2025-06-19,,,Exit Condition Met For Trade
113,2025-06-16,,09:35:00,24760.0,,,,,2025-06-16,,09:36:00,24757.75,221.0,,,221.0,0,Exit Condition Met For Trade
113.1,2025-06-16,Monday,09:35:00,106.7,65,CE,24850.0,Buy,2025-06-16,Monday,09:36:00,109.0,149.49999999999983,2.155576382380503,2025-06-19,,,Target Hit
113.2,2025-06-16,Monday,09:35:00,93.9,65,PE,24650.0,Buy,2025-06-16,Monday,09:36:00,95.0,71.49999999999963,1.1714589989350312,2025-06-19,,,Exit Condition Met For Trade
114,2025-06-17,,09:35:00,24890.4,,,,,2025-06-17,,09:37:00,24888.25,58.5,,,58.5,0,Exit Condition Met For Trade
114.1,2025-06-17,Tuesday,09:35:00,69.4,65,CE,25000.0,Buy,2025-06-17,Tuesday,09:36:00,70.8,90.99999999999945,2.017291066282408,2025-06-19,,,Target Hit
114.2,2025-06-17,Tuesday,09:35:00,88.65,65,PE,24800.0,Buy,2025-06-17,Tuesday,09:37:00,88.15,-32.5,-0.5640157924421884,2025-06-19,,,Exit Condition Met For Trade
115,2025-06-18,,09:35:00,24914.4,,,,,2025-06-18,,09:36:00,24926.35,-78.0,,,0,-78.0,Exit Condition Met For Trade
115.1,2025-06-18,Wednesday,09:35:00,60.45,65,CE,25000.0,Buy,2025-06-18,Wednesday,09:36:00,61.65,77.99999999999972,1.9851116625310101,2025-06-19,,,Target Hit
115.2,2025-06-18,Wednesday,09:35:00,57.5,65,PE,24800.0,Buy,2025-06-18,Wednesday,09:36:00,55.1,-155.99999999999991,-4.173913043478258,2025-06-19,,,Exit Condition Met For Trade
116,2025-06-19,,09:35:00,24827.9,,,,,2025-06-19,,09:36:00,24834.2,71.5,,,71.5,0,Exit Condition Met For Trade
116.1,2025-06-19,Thursday,09:35:00,12.45,65,CE,24950.0,Buy,2025-06-19,Thursday,09:36:00,12.7,16.25,2.0080321285140563,2025-06-19,,,Target Hit
116.2,2025-06-19,Thursday,09:35:00,17.4,65,PE,24750.0,Buy,2025-06-19,Thursday,09:36:00,18.25,55.25000000000009,4.885057471264377,2025-06-19,,,Target Hit
117,2025-06-20,,09:35:00,24832.0,,,,,2025-06-20,,09:36:00,24843.25,-65.0,,,0,-65.0,Exit Condition Met For Trade
117.1,2025-06-20,Friday,09:35:00,113.7,65,CE,24950.0,Buy,2025-06-20,Friday,09:36:00,115.95,146.25,1.9788918205804749,2025-06-26,,,Target Hit
117.2,2025-06-20,Friday,09:35:00,120.0,65,PE,24750.0,Buy,2025-06-20,Friday,09:36:00,116.75,-211.25,-2.7083333333333335,2025-06-26,,,Exit Condition Met For Trade
118,2025-06-23,,09:35:00,24863.0,,,,,2025-06-23,,09:36:00,24874.8,-351.0,,,0,-351.0,Exit Condition Met For Trade
118.1,2025-06-23,Monday,09:35:00,104.9,65,CE,24950.0,Buy,2025-06-23,Monday,09:36:00,107.0,136.49999999999963,2.0019065776930356,2025-06-26,,,Target Hit
118.2,2025-06-23,Monday,09:35:00,107.9,65,PE,24750.0,Buy,2025-06-23,Monday,09:36:00,100.4,-487.5,-6.950880444856348,2025-06-26,,,Exit Condition Met For Trade
119,2025-06-24,,09:35:00,25207.6,,,,,2025-06-24,,09:36:00,25188.35,-273.0,,,0,-273.0,Exit Condition Met For Trade
119.1,2025-06-24,Tuesday,09:35:00,81.9,65,CE,25300.0,Buy,2025-06-24,Tuesday,09:36:00,74.25,-497.25000000000034,-9.340659340659347,2025-06-26,,,Exit Condition Met For Trade
119.2,2025-06-24,Tuesday,09:35:00,69.2,65,PE,25100.0,Buy,2025-06-24,Tuesday,09:36:00,72.65,224.25000000000017,4.98554913294798,2025-06-26,,,Target Hit
120,2025-06-25,,09:35:00,25179.4,,,,,2025-06-25,,09:36:00,25173.9,58.5,,,58.5,0,Exit Condition Met For Trade
120.1,2025-06-25,Wednesday,09:35:00,43.75,65,CE,25300.0,Buy,2025-06-25,Wednesday,09:36:00,42.55,-78.00000000000018,-2.7428571428571495,2025-06-26,,,Exit Condition Met For Trade
120.2,2025-06-25,Wednesday,09:35:00,49.0,65,PE,25100.0,Buy,2025-06-25,Wednesday,09:36:00,51.1,136.50000000000009,4.285714285714288,2025-06-26,,,Exit Condition Met For Trade
121,2025-06-26,,09:35:00,25370.75,,,,,2025-06-26,,09:36:00,25366.15,156.0,,,156.0,0,Exit Condition Met For Trade
121.1,2025-06-26,Thursday,09:35:00,49.65,65,CE,25450.0,Buy,2025-06-26,Thursday,09:36:00,50.65,65.0,2.014098690835851,2025-06-26,,,Target Hit
121.2,2025-06-26,Thursday,09:35:00,28.3,65,PE,25250.0,Buy,2025-06-26,Thursday,09:36:00,29.7,90.99999999999991,4.946996466431091,2025-06-26,,,Target Hit
122,2025-06-27,,09:35:00,25563.8,,,,,2025-06-27,,09:36:00,25571.35,-120.25,,,0,-120.25,Exit Condition Met For Trade
122.1,2025-06-27,Friday,09:35:00,132.8,65,CE,25650.0,Buy,2025-06-27,Friday,09:36:00,135.45,172.24999999999852,1.995481927710826,2025-07-03,,,Target Hit
122.2,2025-06-27,Friday,09:35:00,108.0,65,PE,25450.0,Buy,2025-06-27,Friday,09:36:00,103.5,-292.5,-4.166666666666667,2025-07-03,,,Exit Condition Met For Trade
123,2025-06-30,,09:35:00,25609.65,,,,,2025-06-30,,09:36:00,25610.8,139.75,,,139.75,0,Exit Condition Met For Trade
123.1,2025-06-30,Monday,09:35:00,100.75,65,CE,25700.0,Buy,2025-06-30,Monday,09:36:00,102.75,130.0,1.9851116625310175,2025-07-03,,,Target Hit
123.2,2025-06-30,Monday,09:35:00,84.5,65,PE,25500.0,Buy,2025-06-30,Monday,09:36:00,84.65,9.75000000000037,0.17751479289941502,2025-07-03,,,Exit Condition Met For Trade
124,2025-07-01,,09:35:00,25580.65,,,,,2025-07-01,,09:36:00,25575.6,351.0,,,351.0,0,Exit Condition Met For Trade
124.1,2025-07-01,Tuesday,09:35:00,64.85,65,CE,25700.0,Buy,2025-07-01,Tuesday,09:36:00,66.15,84.50000000000074,2.0046260601387993,2025-07-03,,,Target Hit
124.2,2025-07-01,Tuesday,09:35:00,81.8,65,PE,25500.0,Buy,2025-07-01,Tuesday,09:36:00,85.9,266.50000000000057,5.012224938875316,2025-07-03,,,Target Hit
125,2025-07-02,,09:35:00,25546.65,,,,,2025-07-02,,09:36:00,25551.6,29.25,,,29.25,0,Exit Condition Met For Trade
125.1,2025-07-02,Wednesday,09:35:00,42.05,65,CE,25650.0,Buy,2025-07-02,Wednesday,09:36:00,42.9,55.25000000000009,2.021403091557673,2025-07-03,,,Target Hit
125.2,2025-07-02,Wednesday,09:35:00,34.85,65,PE,25450.0,Buy,2025-07-02,Wednesday,09:36:00,34.45,-25.999999999999908,-1.1477761836441853,2025-07-03,,,Exit Condition Met For Trade
126,2025-07-03,,09:35:00,25462.55,,,,,2025-07-03,,09:36:00,25472.5,71.5,,,71.5,0,Exit Condition Met For Trade
126.1,2025-07-03,Thursday,09:35:00,16.85,65,CE,25550.0,Buy,2025-07-03,Thursday,09:36:00,17.2,22.74999999999986,2.07715133531156,2025-07-03,,,Target Hit
126.2,2025-07-03,Thursday,09:35:00,14.55,65,PE,25350.0,Buy,2025-07-03,Thursday,09:36:00,15.3,48.75,5.154639175257731,2025-07-03,,,Target Hit
127,2025-07-04,,09:35:00,25406.75,,,,,2025-07-04,,09:36:00,25400.9,328.25,,,328.25,0,Exit Condition Met For Trade
127.1,2025-07-04,Friday,09:35:00,113.65,65,CE,25500.0,Buy,2025-07-04,Friday,09:36:00,114.0,22.74999999999963,0.3079630444346628,2025-07-10,,,Exit Condition Met For Trade
127.2,2025-07-04,Friday,09:35:00,93.9,65,PE,25300.0,Buy,2025-07-04,Friday,09:36:00,98.6,305.49999999999926,5.0053248136315105,2025-07-10,,,Target Hit
128,2025-07-07,,09:35:00,25478.0,,,,,2025-07-07,,09:36:00,25480.55,32.5,,,32.5,0,Exit Condition Met For Trade
128.1,2025-07-07,Monday,09:35:00,78.4,65,CE,25600.0,Buy,2025-07-07,Monday,09:36:00,79.95,100.74999999999982,1.977040816326527,2025-07-10,,,Target Hit
128.2,2025-07-07,Monday,09:35:00,84.0,65,PE,25400.0,Buy,2025-07-07,Monday,09:36:00,82.95,-68.24999999999982,-1.2499999999999967,2025-07-10,,,Exit Condition Met For Trade
129,2025-07-08,,09:35:00,25464.7,,,,,2025-07-08,,09:36:00,25468.8,-39.0,,,0,-39.0,Exit Condition Met For Trade
129.1,2025-07-08,Tuesday,09:35:00,66.4,65,CE,25550.0,Buy,2025-07-08,Tuesday,09:36:00,67.75,87.74999999999963,2.033132530120473,2025-07-10,,,Target Hit
129.2,2025-07-08,Tuesday,09:35:00,51.25,65,PE,25350.0,Buy,2025-07-08,Tuesday,09:36:00,49.3,-126.75000000000018,-3.8048780487804934,2025-07-10,,,Exit Condition Met For Trade
130,2025-07-09,,09:35:00,25488.25,,,,,2025-07-09,,09:36:00,25490.55,55.25,,,55.25,0,Exit Condition Met For Trade
130.1,2025-07-09,Wednesday,09:35:00,33.8,65,CE,25600.0,Buy,2025-07-09,Wednesday,09:36:00,34.5,45.500000000000185,2.071005917159772,2025-07-10,,,Target Hit
130.2,2025-07-09,Wednesday,09:35:00,31.8,65,PE,25400.0,Buy,2025-07-09,Wednesday,09:36:00,31.95,9.749999999999908,0.4716981132075427,2025-07-10,,,Exit Condition Met For Trade
131,2025-07-10,,09:35:00,25444.65,,,,,2025-07-10,,09:36:00,25454.0,71.5,,,71.5,0,Exit Condition Met For Trade
131.1,2025-07-10,Thursday,09:35:00,17.0,65,CE,25550.0,Buy,2025-07-10,Thursday,09:36:00,17.35,22.750000000000092,2.058823529411773,2025-07-10,,,Target Hit
131.2,2025-07-10,Thursday,09:35:00,15.35,65,PE,25350.0,Buy,2025-07-10,Thursday,09:36:00,16.1,48.750000000000114,4.885993485342031,2025-07-10,,,Target Hit
132,2025-07-11,,09:35:00,25286.85,,,,,2025-07-11,,09:37:00,25296.8,-68.25,,,13.0,-68.25,Exit Condition Met For Trade
132.1,2025-07-11,Friday,09:35:00,86.15,65,CE,25400.0,Buy,2025-07-11,Friday,09:37:00,87.85,110.49999999999926,1.9733023795705031,2025-07-17,,,Target Hit
132.2,2025-07-11,Friday,09:35:00,78.2,65,PE,25200.0,Buy,2025-07-11,Friday,09:37:00,75.45,-178.75,-3.516624040920716,2025-07-17,,,Exit Condition Met For Trade
133,2025-07-14,,09:35:00,25055.35,,,,,2025-07-14,,09:37:00,25054.75,188.5,,,188.5,0,Exit Condition Met For Trade
133.1,2025-07-14,Monday,09:35:00,80.4,65,CE,25150.0,Buy,2025-07-14,Monday,09:37:00,80.1,-19.50000000000074,-0.3731343283582231,2025-07-17,,,Exit Condition Met For Trade
133.2,2025-07-14,Monday,09:35:00,63.8,65,PE,24950.0,Buy,2025-07-14,Monday,09:36:00,67.0,208.00000000000017,5.015673981191227,2025-07-17,,,Target Hit
134,2025-07-15,,09:35:00,25139.95,,,,,2025-07-15,,09:36:00,25131.8,52.0,,,52.0,0,Exit Condition Met For Trade
134.1,2025-07-15,Tuesday,09:35:00,49.3,65,CE,25250.0,Buy,2025-07-15,Tuesday,09:36:00,47.75,-100.74999999999982,-3.1440162271805216,2025-07-17,,,Exit Condition Met For Trade
134.2,2025-07-15,Tuesday,09:35:00,47.15,65,PE,25050.0,Buy,2025-07-15,Tuesday,09:36:00,49.5,152.75000000000009,4.984093319194065,2025-07-17,,,Target Hit
135,2025-07-16,,09:35:00,25158.15,,,,,2025-07-16,,09:37:00,25157.1,133.25,,,133.25,0,Exit Condition Met For Trade
135.1,2025-07-16,Wednesday,09:35:00,33.85,65,CE,25250.0,Buy,2025-07-16,Wednesday,09:37:00,34.55,45.49999999999972,2.0679468242245074,2025-07-17,,,Target Hit
135.2,2025-07-16,Wednesday,09:35:00,26.7,65,PE,25050.0,Buy,2025-07-16,Wednesday,09:36:00,28.05,87.75000000000009,5.056179775280905,2025-07-17,,,Target Hit
136,2025-07-17,,09:35:00,25191.85,,,,,2025-07-17,,09:37:00,25184.7,-55.25,,,3.25,-55.25,Exit Condition Met For Trade
136.1,2025-07-17,Thursday,09:35:00,11.35,65,CE,25300.0,Buy,2025-07-17,Thursday,09:37:00,9.95,-91.00000000000003,-12.334801762114541,2025-07-17,,,Exit Condition Met For Trade
136.2,2025-07-17,Thursday,09:35:00,11.0,65,PE,25100.0,Buy,2025-07-17,Thursday,09:36:00,11.55,35.75000000000004,5.000000000000006,2025-07-17,,,Target Hit
137,2025-07-18,,09:35:00,25077.75,,,,,2025-07-18,,09:36:00,25072.6,55.25,,,55.25,0,Exit Condition Met For Trade
137.1,2025-07-18,Friday,09:35:00,86.2,65,CE,25200.0,Buy,2025-07-18,Friday,09:36:00,85.7,-32.5,-0.580046403712297,2025-07-24,,,Exit Condition Met For Trade
137.2,2025-07-18,Friday,09:35:00,79.65,65,PE,25000.0,Buy,2025-07-18,Friday,09:36:00,81.0,87.74999999999963,1.694915254237281,2025-07-24,,,Exit Condition Met For Trade
138,2025-07-21,,09:35:00,24891.15,,,,,2025-07-21,,09:36:00,24899.55,-133.25,,,0,-133.25,Exit Condition Met For Trade
138.1,2025-07-21,Monday,09:35:00,69.45,65,CE,25000.0,Buy,2025-07-21,Monday,09:36:00,70.85,90.99999999999945,2.0158387329013556,2025-07-24,,,Target Hit
138.2,2025-07-21,Monday,09:35:00,64.95,65,PE,24800.0,Buy,2025-07-21,Monday,09:36:00,61.5,-224.25000000000017,-5.311778290993075,2025-07-24,,,Exit Condition Met For Trade
139,2025-07-22,,09:35:00,25119.05,,,,,2025-07-22,,09:36:00,25112.85,185.25,,,185.25,0,Exit Condition Met For Trade
139.1,2025-07-22,Tuesday,09:35:00,50.6,65,CE,25200.0,Buy,2025-07-22,Tuesday,09:36:00,51.6,65.0,1.976284584980237,2025-07-24,,,Target Hit
139.2,2025-07-22,Tuesday,09:35:00,37.4,65,PE,25000.0,Buy,2025-07-22,Tuesday,09:36:00,39.25,120.25000000000009,4.946524064171127,2025-07-24,,,Target Hit
140,2025-07-23,,09:35:00,25114.3,,,,,2025-07-23,,09:36:00,25116.35,113.75,,,113.75,0,Exit Condition Met For Trade
140.1,2025-07-23,Wednesday,09:35:00,31.55,65,CE,25200.0,Buy,2025-07-23,Wednesday,09:36:00,32.2,42.25000000000014,2.0602218700475503,2025-07-24,,,Target Hit
140.2,2025-07-23,Wednesday,09:35:00,21.85,65,PE,25000.0,Buy,2025-07-23,Wednesday,09:36:00,22.95,71.49999999999986,5.034324942791752,2025-07-24,,,Target Hit
141,2025-07-24,,09:35:00,25185.45,,,,,2025-07-24,,09:36:00,25187.85,-55.25,,,0,-55.25,Exit Condition Met For Trade
141.1,2025-07-24,Thursday,09:35:00,8.0,65,CE,25300.0,Buy,2025-07-24,Thursday,09:36:00,8.15,9.750000000000023,1.8750000000000044,2025-07-24,,,Target Hit
141.2,2025-07-24,Thursday,09:35:00,10.45,65,PE,25100.0,Buy,2025-07-24,Thursday,09:36:00,9.45,-65.0,-9.569377990430622,2025-07-24,,,Exit Condition Met For Trade
142,2025-07-25,,09:35:00,24950.0,,,,,2025-07-25,,09:36:00,24962.5,-91.0,,,0,-91.0,Exit Condition Met For Trade
142.1,2025-07-25,Friday,09:35:00,88.65,65,CE,25050.0,Buy,2025-07-25,Friday,09:36:00,90.4,113.75,1.9740552735476593,2025-07-31,,,Target Hit
142.2,2025-07-25,Friday,09:35:00,75.15,65,PE,24850.0,Buy,2025-07-25,Friday,09:36:00,72.0,-204.75000000000037,-4.191616766467073,2025-07-31,,,Exit Condition Met For Trade
143,2025-07-28,,09:35:00,24844.65,,,,,2025-07-28,,09:36:00,24838.1,136.5,,,136.5,0,Exit Condition Met For Trade
143.1,2025-07-28,Monday,09:35:00,89.85,65,CE,24950.0,Buy,2025-07-28,Monday,09:36:00,91.65,117.00000000000074,2.003338898163619,2025-07-31,,,Target Hit
143.2,2025-07-28,Monday,09:35:00,62.85,65,PE,24750.0,Buy,2025-07-28,Monday,09:36:00,63.15,19.499999999999815,0.4773269689737425,2025-07-31,,,Exit Condition Met For Trade
144,2025-07-29,,09:35:00,24696.4,,,,,2025-07-29,,09:36:00,24675.2,-357.5,,,0,-357.5,Exit Condition Met For Trade
144.1,2025-07-29,Tuesday,09:35:00,68.5,65,CE,24800.0,Buy,2025-07-29,Tuesday,09:36:00,60.3,-533.0000000000002,-11.970802919708033,2025-07-31,,,Exit Condition Met For Trade
144.2,2025-07-29,Tuesday,09:35:00,53.55,65,PE,24600.0,Buy,2025-07-29,Tuesday,09:36:00,56.25,175.50000000000017,5.042016806722694,2025-07-31,,,Target Hit
145,2025-07-30,,09:35:00,24867.45,,,,,2025-07-30,,09:36:00,24860.05,-191.75,,,0,-191.75,Exit Condition Met For Trade
145.1,2025-07-30,Wednesday,09:35:00,44.25,65,CE,24950.0,Buy,2025-07-30,Wednesday,09:36:00,39.8,-289.25000000000017,-10.05649717514125,2025-07-31,,,Exit Condition Met For Trade
145.2,2025-07-30,Wednesday,09:35:00,30.15,65,PE,24750.0,Buy,2025-07-30,Wednesday,09:36:00,31.65,97.5,4.975124378109453,2025-07-31,,,Target Hit
146,2025-07-31,,09:35:00,24711.55,,,,,2025-07-31,,09:36:00,24696.9,-175.5,,,0,-175.5,Exit Condition Met For Trade
146.1,2025-07-31,Thursday,09:35:00,23.0,65,CE,24800.0,Buy,2025-07-31,Thursday,09:36:00,19.25,-243.75,-16.304347826086957,2025-07-31,,,Exit Condition Met For Trade
146.2,2025-07-31,Thursday,09:35:00,20.5,65,PE,24600.0,Buy,2025-07-31,Thursday,09:36:00,21.55,68.25000000000004,5.121951219512199,2025-07-31,,,Target Hit
147,2025-08-01,,09:35:00,24713.95,,,,,2025-08-01,,09:36:00,24716.25,68.25,,,68.25,0,Exit Condition Met For Trade
147.1,2025-08-01,Friday,09:35:00,117.95,65,CE,24800.0,Buy,2025-08-01,Friday,09:36:00,120.3,152.74999999999963,1.9923696481559934,2025-08-07,,,Target Hit
147.2,2025-08-01,Friday,09:35:00,98.75,65,PE,24600.0,Buy,2025-08-01,Friday,09:36:00,97.45,-84.49999999999982,-1.3164556962025287,2025-08-07,,,Exit Condition Met For Trade
148,2025-08-04,,09:35:00,24656.55,,,,,2025-08-04,,09:36:00,24650.6,172.25,,,172.25,0,Exit Condition Met For Trade
148.1,2025-08-04,Monday,09:35:00,97.45,65,CE,24750.0,Buy,2025-08-04,Monday,09:36:00,95.9,-100.74999999999982,-1.590559261159566,2025-08-07,,,Exit Condition Met For Trade
148.2,2025-08-04,Monday,09:35:00,83.65,65,PE,24550.0,Buy,2025-08-04,Monday,09:36:00,87.85,272.99999999999926,5.020920502092037,2025-08-07,,,Target Hit
149,2025-08-05,,09:35:00,24675.25,,,,,2025-08-05,,09:36:00,24674.15,45.5,,,45.5,0,Exit Condition Met For Trade
149.1,2025-08-05,Tuesday,09:35:00,56.25,65,CE,24800.0,Buy,2025-08-05,Tuesday,09:36:00,56.15,-6.500000000000092,-0.1777777777777803,2025-08-07,,,Exit Condition Met For Trade
149.2,2025-08-05,Tuesday,09:35:00,72.55,65,PE,24600.0,Buy,2025-08-05,Tuesday,09:36:00,73.35,51.999999999999815,1.1026878015161918,2025-08-07,,,Exit Condition Met For Trade
150,2025-08-06,,09:35:00,24644.35,,,,,2025-08-06,,09:36:00,24636.25,45.5,,,45.5,0,Exit Condition Met For Trade
150.1,2025-08-06,Wednesday,09:35:00,50.45,65,CE,24750.0,Buy,2025-08-06,Wednesday,09:36:00,48.7,-113.75,-3.468780971258672,2025-08-07,,,Exit Condition Met For Trade
150.2,2025-08-06,Wednesday,09:35:00,48.95,65,PE,24550.0,Buy,2025-08-06,Wednesday,09:36:00,51.4,159.24999999999972,5.005107252298255,2025-08-07,,,Target Hit
151,2025-08-07,,09:35:00,24518.95,,,,,2025-08-07,,09:36:00,24514.05,65.0,,,65.0,0,Exit Condition Met For Trade
151.1,2025-08-07,Thursday,09:35:00,20.8,65,CE,24600.0,Buy,2025-08-07,Thursday,09:36:00,21.2,25.999999999999908,1.9230769230769162,2025-08-07,,,Target Hit
151.2,2025-08-07,Thursday,09:35:00,12.15,65,PE,24400.0,Buy,2025-08-07,Thursday,09:36:00,12.75,38.99999999999998,4.938271604938269,2025-08-07,,,Target Hit
152,2025-08-08,,09:35:00,24509.25,,,,,2025-08-08,,09:36:00,24502.8,162.5,,,162.5,0,Exit Condition Met For Trade
152.1,2025-08-08,Friday,09:35:00,104.9,65,CE,24600.0,Buy,2025-08-08,Friday,09:36:00,103.3,-104.00000000000055,-1.525262154432801,2025-08-14,,,Exit Condition Met For Trade
152.2,2025-08-08,Friday,09:35:00,82.1,65,PE,24400.0,Buy,2025-08-08,Friday,09:36:00,86.2,266.50000000000057,4.993909866017063,2025-08-14,,,Target Hit
153,2025-08-11,,09:35:00,24418.15,,,,,2025-08-11,,09:36:00,24412.4,328.25,,,328.25,0,Exit Condition Met For Trade
153.1,2025-08-11,Monday,09:35:00,98.0,65,CE,24500.0,Buy,2025-08-11,Monday,09:36:00,99.95,126.75000000000018,1.98979591836735,2025-08-14,,,Target Hit
153.2,2025-08-11,Monday,09:35:00,61.95,65,PE,24300.0,Buy,2025-08-11,Monday,09:36:00,65.05,201.49999999999963,5.00403551251008,2025-08-14,,,Target Hit
154,2025-08-12,,09:35:00,24633.2,,,,,2025-08-12,,09:36:00,24625.2,-32.5,,,0,-32.5,Exit Condition Met For Trade
154.1,2025-08-12,Tuesday,09:35:00,47.85,65,CE,24750.0,Buy,2025-08-12,Tuesday,09:36:00,45.7,-139.74999999999991,-4.4932079414838,2025-08-14,,,Exit Condition Met For Trade
154.2,2025-08-12,Tuesday,09:35:00,57.2,65,PE,24550.0,Buy,2025-08-12,Tuesday,09:36:00,58.85,107.24999999999991,2.884615384615382,2025-08-14,,,Exit Condition Met For Trade
155,2025-08-13,,09:35:00,24555.0,,,,,2025-08-13,,09:36:00,24556.7,48.75,,,48.75,0,Exit Condition Met For Trade
155.1,2025-08-13,Wednesday,09:35:00,45.35,65,CE,24650.0,Buy,2025-08-13,Wednesday,09:36:00,46.25,58.49999999999991,1.984564498346193,2025-08-14,,,Target Hit
155.2,2025-08-13,Wednesday,09:35:00,32.5,65,PE,24450.0,Buy,2025-08-13,Wednesday,09:36:00,32.35,-9.749999999999908,-0.4615384615384572,2025-08-14,,,Exit Condition Met For Trade
156,2025-08-14,,09:35:00,24618.25,,,,,2025-08-14,,09:36:00,24619.85,-13.0,,,0,-13.0,Exit Condition Met For Trade
156.1,2025-08-14,Thursday,09:35:00,17.7,65,CE,24700.0,Buy,2025-08-14,Thursday,09:36:00,18.05,22.750000000000092,1.977401129943511,2025-08-14,,,Target Hit
156.2,2025-08-14,Thursday,09:35:00,14.0,65,PE,24500.0,Buy,2025-08-14,Thursday,09:36:00,13.45,-35.75000000000004,-3.9285714285714337,2025-08-14,,,Exit Condition Met For Trade
157,2025-08-18,,09:35:00,24988.55,,,,,2025-08-18,,09:37:00,24993.8,182.0,,,182.0,0,Exit Condition Met For Trade
157.1,2025-08-18,Monday,09:35:00,92.35,65,CE,25100.0,Buy,2025-08-18,Monday,09:37:00,94.2,120.25000000000055,2.003248511099089,2025-08-21,,,Target Hit
157.2,2025-08-18,Monday,09:35:00,81.8,65,PE,24900.0,Buy,2025-08-18,Monday,09:37:00,82.75,61.750000000000185,1.1613691931540377,2025-08-21,,,Exit Condition Met For Trade
158,2025-08-19,,09:35:00,24907.65,,,,,2025-08-19,,09:36:00,24901.6,-45.5,,,0,-45.5,Exit Condition Met For Trade
158.1,2025-08-19,Tuesday,09:35:00,59.5,65,CE,25000.0,Buy,2025-08-19,Tuesday,09:36:00,56.6,-188.49999999999991,-4.873949579831931,2025-08-21,,,Exit Condition Met For Trade
158.2,2025-08-19,Tuesday,09:35:00,43.6,65,PE,24800.0,Buy,2025-08-19,Tuesday,09:36:00,45.8,142.99999999999972,5.045871559633017,2025-08-21,,,Target Hit
159,2025-08-20,,09:35:00,24956.3,,,,,2025-08-20,,09:36:00,24952.05,146.25,,,146.25,0,Exit Condition Met For Trade
159.1,2025-08-20,Wednesday,09:35:00,31.8,65,CE,25050.0,Buy,2025-08-20,Wednesday,09:36:00,32.45,42.25000000000014,2.0440251572327113,2025-08-21,,,Target Hit
159.2,2025-08-20,Wednesday,09:35:00,31.9,65,PE,24850.0,Buy,2025-08-20,Wednesday,09:36:00,33.5,104.00000000000009,5.015673981191227,2025-08-21,,,Target Hit
160,2025-08-21,,09:35:00,25071.75,,,,,2025-08-21,,09:36:00,25071.95,45.5,,,45.5,0,Exit Condition Met For Trade
160.1,2025-08-21,Thursday,09:35:00,13.4,65,CE,25150.0,Buy,2025-08-21,Thursday,09:36:00,13.65,16.25,1.8656716417910448,2025-08-21,,,Target Hit
160.2,2025-08-21,Thursday,09:35:00,8.75,65,PE,24950.0,Buy,2025-08-21,Thursday,09:36:00,9.2,29.249999999999954,5.142857142857134,2025-08-21,,,Target Hit
161,2025-08-22,,09:35:00,24964.5,,,,,2025-08-22,,09:36:00,24967.65,-29.25,,,0,-29.25,Exit Condition Met For Trade
161.1,2025-08-22,Friday,09:35:00,91.35,65,CE,25050.0,Buy,2025-08-22,Friday,09:36:00,91.6,16.25,0.27367268746579093,2025-08-28,,,Exit Condition Met For Trade
161.2,2025-08-22,Friday,09:35:00,68.5,65,PE,24850.0,Buy,2025-08-22,Friday,09:36:00,67.8,-45.500000000000185,-1.0218978102189822,2025-08-28,,,Exit Condition Met For Trade
162,2025-08-25,,09:35:00,24957.3,,,,,2025-08-25,,09:36:00,24956.8,100.75,,,100.75,0,Exit Condition Met For Trade
162.1,2025-08-25,Monday,09:35:00,59.15,65,CE,25050.0,Buy,2025-08-25,Monday,09:36:00,60.35,78.00000000000018,2.0287404902789565,2025-08-28,,,Target Hit
162.2,2025-08-25,Monday,09:35:00,43.9,65,PE,24850.0,Buy,2025-08-25,Monday,09:36:00,44.25,22.750000000000092,0.7972665148063814,2025-08-28,,,Exit Condition Met For Trade
163,2025-08-26,,09:35:00,24792.7,,,,,2025-08-26,,09:36:00,24788.75,169.0,,,169.0,0,Exit Condition Met For Trade
163.1,2025-08-26,Tuesday,09:35:00,38.35,65,CE,24900.0,Buy,2025-08-26,Tuesday,09:36:00,39.1,48.75,1.9556714471968708,2025-08-28,,,Target Hit
163.2,2025-08-26,Tuesday,09:35:00,37.35,65,PE,24700.0,Buy,2025-08-26,Tuesday,09:36:00,39.2,120.25000000000009,4.9531459170013425,2025-08-28,,,Target Hit
164,2025-08-28,,09:35:00,24512.55,,,,,2025-08-28,,09:36:00,24522.7,78.0,,,78.0,0,Exit Condition Met For Trade
164.1,2025-08-28,Thursday,09:35:00,23.95,65,CE,24600.0,Buy,2025-08-28,Thursday,09:36:00,24.45,32.5,2.0876826722338206,2025-08-28,,,Target Hit
164.2,2025-08-28,Thursday,09:35:00,14.25,65,PE,24400.0,Buy,2025-08-28,Thursday,09:36:00,14.95,45.49999999999996,4.912280701754381,2025-08-28,,,Target Hit
165,2025-08-29,,09:35:00,24502.05,,,,,2025-08-29,,09:36:00,24487.85,-39.0,,,0,-39.0,Exit Condition Met For Trade
165.1,2025-08-29,Friday,09:35:00,75.6,65,CE,24600.0,Buy,2025-08-29,Friday,09:36:00,72.15,-224.24999999999926,-4.563492063492049,2025-09-02,,,Exit Condition Met For Trade
165.2,2025-08-29,Friday,09:35:00,57.25,65,PE,24400.0,Buy,2025-08-29,Friday,09:36:00,60.1,185.25000000000009,4.978165938864631,2025-09-02,,,Target Hit
166,2025-09-01,,09:35:00,24540.9,,,,,2025-09-01,,09:36:00,24534.9,-52.0,,,0,-52.0,Exit Condition Met For Trade
166.1,2025-09-01,Monday,09:35:00,34.25,65,CE,24650.0,Buy,2025-09-01,Monday,09:36:00,32.15,-136.50000000000009,-6.131386861313873,2025-09-02,,,Exit Condition Met For Trade
166.2,2025-09-01,Monday,09:35:00,25.55,65,PE,24450.0,Buy,2025-09-01,Monday,09:36:00,26.85,84.50000000000004,5.0880626223092,2025-09-02,,,Target Hit
167,2025-09-02,,09:35:00,24676.6,,,,,2025-09-02,,09:36:00,24682.0,-16.25,,,0,-16.25,Exit Condition Met For Trade
167.1,2025-09-02,Tuesday,09:35:00,5.8,65,CE,24800.0,Buy,2025-09-02,Tuesday,09:36:00,5.9,6.500000000000035,1.724137931034492,2025-09-02,,,Target Hit
167.2,2025-09-02,Tuesday,09:35:00,13.5,65,PE,24600.0,Buy,2025-09-02,Tuesday,09:36:00,13.15,-22.74999999999998,-2.59259259259259,2025-09-02,,,Exit Condition Met For Trade
168,2025-09-03,,09:35:00,24577.25,,,,,2025-09-03,,09:36:00,24588.4,-273.0,,,0,-273.0,Exit Condition Met For Trade
168.1,2025-09-03,Wednesday,09:35:00,78.8,65,CE,24700.0,Buy,2025-09-03,Wednesday,09:36:00,80.4,104.00000000000055,2.030456852791889,2025-09-09,,,Target Hit
168.2,2025-09-03,Wednesday,09:35:00,80.55,65,PE,24500.0,Buy,2025-09-03,Wednesday,09:36:00,74.75,-376.99999999999983,-7.200496585971444,2025-09-09,,,Exit Condition Met For Trade
169,2025-09-04,,09:35:00,24930.25,,,,,2025-09-04,,09:36:00,24923.85,-120.25,,,0,-120.25,Exit Condition Met For Trade
169.1,2025-09-04,Thursday,09:35:00,64.2,65,CE,25050.0,Buy,2025-09-04,Thursday,09:36:00,61.15,-198.25000000000028,-4.750778816199384,2025-09-09,,,Exit Condition Met For Trade
169.2,2025-09-04,Thursday,09:35:00,60.05,65,PE,24850.0,Buy,2025-09-04,Thursday,09:36:00,61.25,78.00000000000018,1.9983347210657834,2025-09-09,,,Exit Condition Met For Trade
170,2025-09-05,,09:35:00,24811.45,,,,,2025-09-05,,09:36:00,24791.05,-487.5,,,0,-487.5,Exit Condition Met For Trade
170.1,2025-09-05,Friday,09:35:00,56.55,65,CE,24900.0,Buy,2025-09-05,Friday,09:36:00,47.3,-601.25,-16.357206012378427,2025-09-09,,,Exit Condition Met For Trade
170.2,2025-09-05,Friday,09:35:00,35.25,65,PE,24700.0,Buy,2025-09-05,Friday,09:36:00,37.0,113.75,4.964539007092198,2025-09-09,,,Target Hit
171,2025-09-08,,09:35:00,24823.6,,,,,2025-09-08,,09:36:00,24825.35,52.0,,,52.0,0,Exit Condition Met For Trade
171.1,2025-09-08,Monday,09:35:00,39.1,65,CE,24900.0,Buy,2025-09-08,Monday,09:36:00,39.9,51.999999999999815,2.046035805626591,2025-09-09,,,Target Hit
171.2,2025-09-08,Monday,09:35:00,21.15,65,PE,24700.0,Buy,2025-09-08,Monday,09:36:00,21.15,0.0,0.0,2025-09-09,,,Exit Condition Met For Trade
172,2025-09-09,,09:35:00,24837.7,,,,,2025-09-09,,09:37:00,24851.4,65.0,,,65.0,0,Exit Condition Met For Trade
172.1,2025-09-09,Tuesday,09:35:00,12.55,65,CE,24950.0,Buy,2025-09-09,Tuesday,09:37:00,12.8,16.25,1.99203187250996,2025-09-09,,,Target Hit
172.2,2025-09-09,Tuesday,09:35:00,15.25,65,PE,24750.0,Buy,2025-09-09,Tuesday,09:36:00,16.0,48.75,4.918032786885246,2025-09-09,,,Target Hit
173,2025-09-10,,09:35:00,24990.45,,,,,2025-09-10,,09:36:00,24988.45,178.75,,,178.75,0,Exit Condition Met For Trade
173.1,2025-09-10,Wednesday,09:35:00,80.2,65,CE,25100.0,Buy,2025-09-10,Wednesday,09:36:00,81.8,103.99999999999963,1.995012468827923,2025-09-16,,,Target Hit
173.2,2025-09-10,Wednesday,09:35:00,70.75,65,PE,24900.0,Buy,2025-09-10,Wednesday,09:36:00,71.9,74.75000000000037,1.6254416961130822,2025-09-16,,,Exit Condition Met For Trade
174,2025-09-11,,09:35:00,24984.4,,,,,2025-09-11,,09:39:00,24993.75,-52.0,,,16.25,-52.0,Exit Condition Met For Trade
174.1,2025-09-11,Thursday,09:35:00,67.5,65,CE,25100.0,Buy,2025-09-11,Thursday,09:39:00,68.85,87.74999999999963,1.9999999999999916,2025-09-16,,,Target Hit
174.2,2025-09-11,Thursday,09:35:00,54.35,65,PE,24900.0,Buy,2025-09-11,Thursday,09:39:00,52.2,-139.74999999999991,-3.955841766329344,2025-09-16,,,Exit Condition Met For Trade
175,2025-09-12,,09:35:00,25051.95,,,,,2025-09-12,,09:36:00,25044.45,-68.25,,,0,-68.25,Exit Condition Met For Trade
175.1,2025-09-12,Friday,09:35:00,48.95,65,CE,25150.0,Buy,2025-09-12,Friday,09:36:00,47.05,-123.50000000000037,-3.8815117466802973,2025-09-16,,,Exit Condition Met For Trade
175.2,2025-09-12,Friday,09:35:00,36.4,65,PE,24950.0,Buy,2025-09-12,Friday,09:36:00,37.25,55.25000000000009,2.3351648351648393,2025-09-16,,,Exit Condition Met For Trade
176,2025-09-15,,09:35:00,25087.0,,,,,2025-09-15,,09:37:00,25088.6,117.0,,,117.0,0,Exit Condition Met For Trade
176.1,2025-09-15,Monday,09:35:00,23.9,65,CE,25200.0,Buy,2025-09-15,Monday,09:36:00,24.4,32.5,2.092050209205021,2025-09-16,,,Target Hit
176.2,2025-09-15,Monday,09:35:00,26.5,65,PE,25000.0,Buy,2025-09-15,Monday,09:37:00,27.8,84.50000000000004,4.905660377358493,2025-09-16,,,Target Hit
177,2025-09-16,,09:35:00,25127.65,,,,,2025-09-16,,09:37:00,25127.65,32.5,,,32.5,-3.25,Exit Condition Met For Trade
177.1,2025-09-16,Tuesday,09:35:00,5.9,65,CE,25250.0,Buy,2025-09-16,Tuesday,09:36:00,6.0,6.499999999999977,1.694915254237282,2025-09-16,,,Target Hit
177.2,2025-09-16,Tuesday,09:35:00,12.75,65,PE,25050.0,Buy,2025-09-16,Tuesday,09:37:00,13.15,26.00000000000002,3.137254901960787,2025-09-16,,,Exit Condition Met For Trade
178,2025-09-17,,09:35:00,25316.8,,,,,2025-09-17,,09:36:00,25319.55,-13.0,,,0,-13.0,Exit Condition Met For Trade
178.1,2025-09-17,Wednesday,09:35:00,88.25,65,CE,25400.0,Buy,2025-09-17,Wednesday,09:36:00,88.55,19.499999999999815,0.33994334277620075,2025-09-23,,,Exit Condition Met For Trade
178.2,2025-09-17,Wednesday,09:35:00,51.0,65,PE,25200.0,Buy,2025-09-17,Wednesday,09:36:00,50.5,-32.5,-0.9803921568627451,2025-09-23,,,Exit Condition Met For Trade
179,2025-09-18,,09:35:00,25418.8,,,,,2025-09-18,,09:37:00,25420.5,-58.5,,,6.5,-58.5,Exit Condition Met For Trade
179.1,2025-09-18,Thursday,09:35:00,69.95,65,CE,25500.0,Buy,2025-09-18,Thursday,09:37:00,70.45,32.5,0.7147962830593281,2025-09-23,,,Exit Condition Met For Trade
179.2,2025-09-18,Thursday,09:35:00,34.15,65,PE,25300.0,Buy,2025-09-18,Thursday,09:37:00,32.75,-90.99999999999991,-4.099560761346995,2025-09-23,,,Exit Condition Met For Trade
180,2025-09-19,,09:35:00,25340.8,,,,,2025-09-19,,09:36:00,25339.6,188.5,,,188.5,0,Exit Condition Met For Trade
180.1,2025-09-19,Friday,09:35:00,39.65,65,CE,25450.0,Buy,2025-09-19,Friday,09:36:00,40.45,52.00000000000028,2.017654476670881,2025-09-23,,,Target Hit
180.2,2025-09-19,Friday,09:35:00,42.5,65,PE,25250.0,Buy,2025-09-19,Friday,09:36:00,44.6,136.50000000000009,4.941176470588239,2025-09-23,,,Target Hit
181,2025-09-22,,09:35:00,25300.9,,,,,2025-09-22,,09:36:00,25303.7,104.0,,,104.0,0,Exit Condition Met For Trade
181.1,2025-09-22,Monday,09:35:00,29.95,65,CE,25400.0,Buy,2025-09-22,Monday,09:36:00,30.55,39.00000000000009,2.003338898163611,2025-09-23,,,Target Hit
181.2,2025-09-22,Monday,09:35:00,19.9,65,PE,25200.0,Buy,2025-09-22,Monday,09:36:00,20.9,65.0,5.025125628140704,2025-09-23,,,Target Hit
182,2025-09-23,,09:35:00,25168.85,,,,,2025-09-23,,09:36:00,25167.25,42.25,,,42.25,0,Exit Condition Met For Trade
182.1,2025-09-23,Tuesday,09:35:00,15.8,65,CE,25250.0,Buy,2025-09-23,Tuesday,09:36:00,16.1,19.500000000000046,1.8987341772151942,2025-09-23,,,Target Hit
182.2,2025-09-23,Tuesday,09:35:00,6.75,65,PE,25050.0,Buy,2025-09-23,Tuesday,09:36:00,7.1,22.74999999999998,5.18518518518518,2025-09-23,,,Target Hit
183,2025-09-24,,09:35:00,25069.1,,,,,2025-09-24,,09:36:00,25070.2,130.0,,,130.0,0,Exit Condition Met For Trade
183.1,2025-09-24,Wednesday,09:35:00,100.1,65,CE,25150.0,Buy,2025-09-24,Wednesday,09:36:00,102.1,130.0,1.998001998001998,2025-09-30,,,Target Hit
183.2,2025-09-24,Wednesday,09:35:00,53.4,65,PE,24950.0,Buy,2025-09-24,Wednesday,09:36:00,53.4,0.0,0.0,2025-09-30,,,Exit Condition Met For Trade
184,2025-09-25,,09:35:00,25062.75,,,,,2025-09-25,,09:36:00,25052.35,-81.25,,,0,-81.25,Exit Condition Met For Trade
184.1,2025-09-25,Thursday,09:35:00,75.65,65,CE,25150.0,Buy,2025-09-25,Thursday,09:36:00,72.2,-224.25000000000017,-4.560475875743559,2025-09-30,,,Exit Condition Met For Trade
184.2,2025-09-25,Thursday,09:35:00,43.7,65,PE,24950.0,Buy,2025-09-25,Thursday,09:36:00,45.9,142.99999999999972,5.034324942791752,2025-09-30,,,Target Hit
185,2025-09-26,,09:35:00,24776.75,,,,,2025-09-26,,09:36:00,24774.35,29.25,,,29.25,0,Exit Condition Met For Trade
185.1,2025-09-26,Friday,09:35:00,61.3,65,CE,24900.0,Buy,2025-09-26,Friday,09:36:00,61.1,-12.999999999999723,-0.3262642740619833,2025-09-30,,,Exit Condition Met For Trade
185.2,2025-09-26,Friday,09:35:00,41.95,65,PE,24700.0,Buy,2025-09-26,Friday,09:36:00,42.6,42.24999999999991,1.549463647199043,2025-09-30,,,Exit Condition Met For Trade
186,2025-09-29,,09:35:00,24727.4,,,,,2025-09-29,,09:36:00,24738.2,-97.5,,,0,-97.5,Exit Condition Met For Trade
186.1,2025-09-29,Monday,09:35:00,35.75,65,CE,24850.0,Buy,2025-09-29,Monday,09:36:00,36.45,45.500000000000185,1.958041958041966,2025-09-30,,,Target Hit
186.2,2025-09-29,Monday,09:35:00,27.05,65,PE,24650.0,Buy,2025-09-29,Monday,09:36:00,24.85,-142.99999999999994,-8.133086876155266,2025-09-30,,,Exit Condition Met For Trade
187,2025-09-30,,09:35:00,24676.25,,,,,2025-09-30,,09:36:00,24666.5,97.5,,,97.5,0,Exit Condition Met For Trade
187.1,2025-09-30,Tuesday,09:35:00,15.9,65,CE,24800.0,Buy,2025-09-30,Tuesday,09:36:00,16.2,19.49999999999993,1.886792452830182,2025-09-30,,,Target Hit
187.2,2025-09-30,Tuesday,09:35:00,23.85,65,PE,24600.0,Buy,2025-09-30,Tuesday,09:36:00,25.05,77.99999999999996,5.0314465408805,2025-09-30,,,Target Hit
188,2025-10-01,,09:35:00,24663.65,,,,,2025-10-01,,09:36:00,24660.75,208.0,,,208.0,0,Exit Condition Met For Trade
188.1,2025-10-01,Wednesday,09:35:00,90.0,65,CE,24750.0,Buy,2025-10-01,Wednesday,09:36:00,91.8,116.99999999999982,1.999999999999997,2025-10-07,,,Target Hit
188.2,2025-10-01,Wednesday,09:35:00,63.8,65,PE,24550.0,Buy,2025-10-01,Wednesday,09:36:00,65.2,91.00000000000037,2.1943573667711687,2025-10-07,,,Exit Condition Met For Trade
189,2025-10-03,,09:35:00,24766.15,,,,,2025-10-03,,09:36:00,24763.05,198.25,,,198.25,0,Exit Condition Met For Trade
189.1,2025-10-03,Friday,09:35:00,61.95,65,CE,24850.0,Buy,2025-10-03,Friday,09:36:00,63.2,81.25,2.0177562550443904,2025-10-07,,,Target Hit
189.2,2025-10-03,Friday,09:35:00,35.7,65,PE,24650.0,Buy,2025-10-03,Friday,09:36:00,37.5,116.99999999999982,5.042016806722681,2025-10-07,,,Target Hit
190,2025-10-06,,09:35:00,24910.8,,,,,2025-10-06,,09:37:00,24923.75,-149.5,,,0,-149.5,Exit Condition Met For Trade
190.1,2025-10-06,Monday,09:35:00,27.2,65,CE,25000.0,Buy,2025-10-06,Monday,09:36:00,27.75,35.75000000000004,2.0220588235294144,2025-10-07,,,Target Hit
190.2,2025-10-06,Monday,09:35:00,23.5,65,PE,24800.0,Buy,2025-10-06,Monday,09:37:00,20.65,-185.25000000000009,-12.12765957446809,2025-10-07,,,Exit Condition Met For Trade
191,2025-10-07,,09:35:00,25118.55,,,,,2025-10-07,,09:36:00,25118.5,52.0,,,52.0,0,Exit Condition Met For Trade
191.1,2025-10-07,Tuesday,09:35:00,15.5,65,CE,25200.0,Buy,2025-10-07,Tuesday,09:36:00,15.8,19.500000000000046,1.9354838709677464,2025-10-07,,,Target Hit
191.2,2025-10-07,Tuesday,09:35:00,10.15,65,PE,25000.0,Buy,2025-10-07,Tuesday,09:36:00,10.65,32.5,4.926108374384237,2025-10-07,,,Target Hit
192,2025-10-08,,09:35:00,25159.85,,,,,2025-10-08,,09:36:00,25161.2,172.25,,,172.25,0,Exit Condition Met For Trade
192.1,2025-10-08,Wednesday,09:35:00,87.1,65,CE,25250.0,Buy,2025-10-08,Wednesday,09:36:00,88.85,113.75,2.009184845005741,2025-10-14,,,Target Hit
192.2,2025-10-08,Wednesday,09:35:00,50.1,65,PE,25050.0,Buy,2025-10-08,Wednesday,09:36:00,51.0,58.49999999999991,1.7964071856287396,2025-10-14,,,Exit Condition Met For Trade
193,2025-10-09,,09:35:00,25091.1,,,,,2025-10-09,,09:36:00,25078.1,-243.75,,,0,-243.75,Exit Condition Met For Trade
193.1,2025-10-09,Thursday,09:35:00,63.2,65,CE,25200.0,Buy,2025-10-09,Thursday,09:36:00,56.75,-419.25000000000017,-10.205696202531648,2025-10-14,,,Exit Condition Met For Trade
193.2,2025-10-09,Thursday,09:35:00,53.65,65,PE,25000.0,Buy,2025-10-09,Thursday,09:36:00,56.35,175.50000000000017,5.032618825722279,2025-10-14,,,Target Hit
194,2025-10-10,,09:35:00,25250.4,,,,,2025-10-10,,09:36:00,25248.85,84.5,,,84.5,0,Exit Condition Met For Trade
194.1,2025-10-10,Friday,09:35:00,52.65,65,CE,25350.0,Buy,2025-10-10,Friday,09:36:00,53.7,68.25000000000028,1.9943019943020024,2025-10-14,,,Target Hit
194.2,2025-10-10,Friday,09:35:00,37.1,65,PE,25150.0,Buy,2025-10-10,Friday,09:36:00,37.35,16.25,0.6738544474393531,2025-10-14,,,Exit Condition Met For Trade
195,2025-10-13,,09:35:00,25163.35,,,,,2025-10-13,,09:36:00,25154.05,-42.25,,,0,-42.25,Exit Condition Met For Trade
195.1,2025-10-13,Monday,09:35:00,45.1,65,CE,25250.0,Buy,2025-10-13,Monday,09:36:00,42.7,-155.99999999999991,-5.321507760532147,2025-10-14,,,Exit Condition Met For Trade
195.2,2025-10-13,Monday,09:35:00,35.3,65,PE,25050.0,Buy,2025-10-13,Monday,09:36:00,37.05,113.75,4.957507082152975,2025-10-14,,,Target Hit
196,2025-10-14,,09:35:00,25283.5,,,,,2025-10-14,,09:36:00,25287.7,-48.75,,,0,-48.75,Exit Condition Met For Trade
196.1,2025-10-14,Tuesday,09:35:00,12.55,65,CE,25400.0,Buy,2025-10-14,Tuesday,09:36:00,12.8,16.25,1.99203187250996,2025-10-14,,,Target Hit
196.2,2025-10-14,Tuesday,09:35:00,15.85,65,PE,25200.0,Buy,2025-10-14,Tuesday,09:36:00,14.85,-65.0,-6.309148264984227,2025-10-14,,,Exit Condition Met For Trade
197,2025-10-15,,09:35:00,25253.5,,,,,2025-10-15,,09:36:00,25250.55,-227.5,,,0,-227.5,Exit Condition Met For Trade
197.1,2025-10-15,Wednesday,09:35:00,100.3,65,CE,25350.0,Buy,2025-10-15,Wednesday,09:36:00,95.5,-311.99999999999983,-4.785643070787635,2025-10-20,,,Exit Condition Met For Trade
197.2,2025-10-15,Wednesday,09:35:00,54.6,65,PE,25150.0,Buy,2025-10-15,Wednesday,09:36:00,55.9,84.49999999999982,2.3809523809523756,2025-10-20,,,Exit Condition Met For Trade
198,2025-10-16,,09:35:00,25433.35,,,,,2025-10-16,,09:36:00,25435.5,58.5,,,58.5,0,Exit Condition Met For Trade
198.1,2025-10-16,Thursday,09:35:00,59.25,65,CE,25550.0,Buy,2025-10-16,Thursday,09:36:00,60.45,78.00000000000018,2.025316455696207,2025-10-20,,,Target Hit
198.2,2025-10-16,Thursday,09:35:00,49.0,65,PE,25350.0,Buy,2025-10-16,Thursday,09:36:00,48.7,-19.499999999999815,-0.6122448979591779,2025-10-20,,,Exit Condition Met For Trade
199,2025-10-17,,09:35:00,25606.9,,,,,2025-10-17,,09:36:00,25602.2,214.5,,,214.5,0,Exit Condition Met For Trade
199.1,2025-10-17,Friday,09:35:00,56.35,65,CE,25700.0,Buy,2025-10-17,Friday,09:36:00,57.5,74.74999999999991,2.0408163265306096,2025-10-20,,,Target Hit
199.2,2025-10-17,Friday,09:35:00,43.0,65,PE,25500.0,Buy,2025-10-17,Friday,09:36:00,45.15,139.74999999999991,4.9999999999999964,2025-10-20,,,Target Hit
200,2025-10-20,,09:35:00,25872.7,,,,,2025-10-20,,09:36:00,25871.75,100.75,,,100.75,0,Exit Condition Met For Trade
200.1,2025-10-20,Monday,09:35:00,32.0,65,CE,25950.0,Buy,2025-10-20,Monday,09:36:00,32.65,42.24999999999991,2.0312499999999956,2025-10-20,,,Target Hit
200.2,2025-10-20,Monday,09:35:00,18.1,65,PE,25750.0,Buy,2025-10-20,Monday,09:36:00,19.0,58.49999999999991,4.972375690607727,2025-10-20,,,Target Hit
201,2025-10-23,,09:35:00,26078.3,,,,,2025-10-23,,09:36:00,26084.5,74.75,,,74.75,0,Exit Condition Met For Trade
201.1,2025-10-23,Thursday,09:35:00,105.05,65,CE,26200.0,Buy,2025-10-23,Thursday,09:36:00,106.75,110.50000000000018,1.6182770109471707,2025-10-28,,,Exit Condition Met For Trade
201.2,2025-10-23,Thursday,09:35:00,69.65,65,PE,26000.0,Buy,2025-10-23,Thursday,09:36:00,69.1,-35.75000000000074,-0.7896625987078411,2025-10-28,,,Exit Condition Met For Trade
202,2025-10-24,,09:35:00,25875.4,,,,,2025-10-24,,09:37:00,25880.05,162.5,,,162.5,-6.5,Exit Condition Met For Trade
202.1,2025-10-24,Friday,09:35:00,83.5,65,CE,26000.0,Buy,2025-10-24,Friday,09:37:00,83.25,-16.25,-0.2994011976047904,2025-10-28,,,Exit Condition Met For Trade
202.2,2025-10-24,Friday,09:35:00,55.0,65,PE,25800.0,Buy,2025-10-24,Friday,09:36:00,57.75,178.75,5.0,2025-10-28,,,Target Hit
203,2025-10-27,,09:35:00,25896.55,,,,,2025-10-27,,09:36:00,25902.15,97.5,,,97.5,0,Exit Condition Met For Trade
203.1,2025-10-27,Monday,09:35:00,60.15,65,CE,26000.0,Buy,2025-10-27,Monday,09:36:00,61.35,78.00000000000018,1.995012468827935,2025-10-28,,,Target Hit
203.2,2025-10-27,Monday,09:35:00,28.1,65,PE,25800.0,Buy,2025-10-27,Monday,09:36:00,28.4,19.499999999999815,1.0676156583629792,2025-10-28,,,Exit Condition Met For Trade
204,2025-10-28,,09:35:00,26028.8,,,,,2025-10-28,,09:36:00,26033.95,-48.75,,,0,-48.75,Exit Condition Met For Trade
204.1,2025-10-28,Tuesday,09:35:00,27.9,65,CE,26150.0,Buy,2025-10-28,Tuesday,09:36:00,28.45,35.75000000000004,1.9713261648745546,2025-10-28,,,Target Hit
204.2,2025-10-28,Tuesday,09:35:00,28.95,65,PE,25950.0,Buy,2025-10-28,Tuesday,09:36:00,27.65,-84.50000000000004,-4.490500863557861,2025-10-28,,,Exit Condition Met For Trade
205,2025-10-29,,09:35:00,25996.35,,,,,2025-10-29,,09:36:00,25980.8,-208.0,,,0,-208.0,Exit Condition Met For Trade
205.1,2025-10-29,Wednesday,09:35:00,137.8,65,CE,26100.0,Buy,2025-10-29,Wednesday,09:36:00,130.35,-484.25000000000114,-5.406386066763437,2025-11-04,,,Exit Condition Met For Trade
205.2,2025-10-29,Wednesday,09:35:00,85.2,65,PE,25900.0,Buy,2025-10-29,Wednesday,09:36:00,89.45,276.25,4.988262910798122,2025-11-04,,,Target Hit
206,2025-10-30,,09:35:00,25933.45,,,,,2025-10-30,,09:36:00,25941.2,-149.5,,,0,-149.5,Exit Condition Met For Trade
206.1,2025-10-30,Thursday,09:35:00,97.5,65,CE,26050.0,Buy,2025-10-30,Thursday,09:36:00,99.45,126.75000000000018,2.000000000000003,2025-11-04,,,Target Hit
206.2,2025-10-30,Thursday,09:35:00,83.8,65,PE,25850.0,Buy,2025-10-30,Thursday,09:36:00,79.55,-276.25,-5.071599045346062,2025-11-04,,,Exit Condition Met For Trade
207,2025-10-31,,09:35:00,25947.3,,,,,2025-10-31,,09:36:00,25948.55,130.0,,,130.0,0,Exit Condition Met For Trade
207.1,2025-10-31,Friday,09:35:00,86.35,65,CE,26050.0,Buy,2025-10-31,Friday,09:36:00,88.1,113.75,2.026635784597568,2025-11-04,,,Target Hit
207.2,2025-10-31,Friday,09:35:00,56.8,65,PE,25850.0,Buy,2025-10-31,Friday,09:36:00,57.05,16.25,0.44014084507042256,2025-11-04,,,Exit Condition Met For Trade
208,2025-11-03,,09:35:00,25666.95,,,,,2025-11-03,,09:36:00,25675.9,-32.5,,,0,-32.5,Exit Condition Met For Trade
208.1,2025-11-03,Monday,09:35:00,69.2,65,CE,25750.0,Buy,2025-11-03,Monday,09:36:00,70.6,90.99999999999945,2.0231213872832248,2025-11-04,,,Target Hit
208.2,2025-11-03,Monday,09:35:00,31.35,65,PE,25550.0,Buy,2025-11-03,Monday,09:36:00,29.45,-123.50000000000014,-6.060606060606068,2025-11-04,,,Exit Condition Met For Trade
209,2025-11-04,,09:35:00,25703.4,,,,,2025-11-04,,09:36:00,25698.6,97.5,,,97.5,0,Exit Condition Met For Trade
209.1,2025-11-04,Tuesday,09:35:00,22.3,65,CE,25800.0,Buy,2025-11-04,Tuesday,09:36:00,22.75,29.249999999999954,2.0179372197309386,2025-11-04,,,Target Hit
209.2,2025-11-04,Tuesday,09:35:00,20.6,65,PE,25600.0,Buy,2025-11-04,Tuesday,09:36:00,21.65,68.24999999999982,5.0970873786407624,2025-11-04,,,Target Hit
210,2025-11-06,,09:35:00,25627.75,,,,,2025-11-06,,09:36:00,25629.7,-42.25,,,0,-42.25,Exit Condition Met For Trade
210.1,2025-11-06,Thursday,09:35:00,89.5,65,CE,25750.0,Buy,2025-11-06,Thursday,09:36:00,90.5,65.0,1.1173184357541899,2025-11-11,,,Exit Condition Met For Trade
210.2,2025-11-06,Thursday,09:35:00,77.5,65,PE,25550.0,Buy,2025-11-06,Thursday,09:36:00,75.85,-107.25000000000037,-2.1290322580645236,2025-11-11,,,Exit Condition Met For Trade
211,2025-11-07,,09:35:00,25320.2,,,,,2025-11-07,,09:36:00,25320.7,65.0,,,65.0,0,Exit Condition Met For Trade
211.1,2025-11-07,Friday,09:35:00,79.35,65,CE,25400.0,Buy,2025-11-07,Friday,09:36:00,80.95,104.00000000000055,2.0163831127914413,2025-11-11,,,Target Hit
211.2,2025-11-07,Friday,09:35:00,46.05,65,PE,25200.0,Buy,2025-11-07,Friday,09:36:00,45.45,-38.99999999999963,-1.302931596091193,2025-11-11,,,Exit Condition Met For Trade
212,2025-11-10,,09:35:00,25559.35,,,,,2025-11-10,,09:36:00,25569.95,-156.0,,,0,-156.0,Exit Condition Met For Trade
212.1,2025-11-10,Monday,09:35:00,45.85,65,CE,25650.0,Buy,2025-11-10,Monday,09:36:00,46.75,58.49999999999991,1.9629225736095934,2025-11-11,,,Target Hit
212.2,2025-11-10,Monday,09:35:00,29.0,65,PE,25450.0,Buy,2025-11-10,Monday,09:36:00,25.7,-214.50000000000006,-11.379310344827589,2025-11-11,,,Exit Condition Met For Trade
213,2025-11-11,,09:35:00,25506.55,,,,,2025-11-11,,09:36:00,25505.85,74.75,,,74.75,0,Exit Condition Met For Trade
213.1,2025-11-11,Tuesday,09:35:00,21.95,65,CE,25600.0,Buy,2025-11-11,Tuesday,09:36:00,22.4,29.249999999999954,2.0501138952163975,2025-11-11,,,Target Hit
213.2,2025-11-11,Tuesday,09:35:00,14.1,65,PE,25400.0,Buy,2025-11-11,Tuesday,09:36:00,14.8,45.50000000000007,4.964539007092207,2025-11-11,,,Target Hit
214,2025-11-12,,09:35:00,25788.05,,,,,2025-11-12,,09:37:00,25788.45,126.75,,,126.75,-9.75,Exit Condition Met For Trade
214.1,2025-11-12,Wednesday,09:35:00,124.8,65,CE,25900.0,Buy,2025-11-12,Wednesday,09:36:00,127.3,162.5,2.003205128205128,2025-11-18,,,Target Hit
214.2,2025-11-12,Wednesday,09:35:00,81.6,65,PE,25700.0,Buy,2025-11-12,Wednesday,09:37:00,81.05,-35.749999999999815,-0.6740196078431339,2025-11-18,,,Exit Condition Met For Trade
215,2025-11-13,,09:35:00,25849.15,,,,,2025-11-13,,09:36:00,25842.35,295.75,,,295.75,0,Exit Condition Met For Trade
215.1,2025-11-13,Thursday,09:35:00,96.4,65,CE,25950.0,Buy,2025-11-13,Thursday,09:36:00,98.35,126.74999999999926,2.0228215767634734,2025-11-18,,,Target Hit
215.2,2025-11-13,Thursday,09:35:00,74.9,65,PE,25750.0,Buy,2025-11-13,Thursday,09:36:00,77.5,168.99999999999963,3.471295060080099,2025-11-18,,,Exit Condition Met For Trade
216,2025-11-14,,09:35:00,25877.1,,,,,2025-11-14,,09:36:00,25860.45,-666.25,,,0,-666.25,Exit Condition Met For Trade
216.1,2025-11-14,Friday,09:35:00,100.0,65,CE,26000.0,Buy,2025-11-14,Friday,09:36:00,85.85,-919.7500000000003,-14.150000000000004,2025-11-18,,,Exit Condition Met For Trade
216.2,2025-11-14,Friday,09:35:00,77.7,65,PE,25800.0,Buy,2025-11-14,Friday,09:36:00,81.6,253.49999999999943,5.019305019305008,2025-11-18,,,Target Hit
217,2025-11-17,,09:35:00,25960.65,,,,,2025-11-17,,09:36:00,25963.0,29.25,,,29.25,0,Exit Condition Met For Trade
217.1,2025-11-17,Monday,09:35:00,53.35,65,CE,26050.0,Buy,2025-11-17,Monday,09:36:00,54.4,68.24999999999982,1.9681349578256742,2025-11-18,,,Target Hit
217.2,2025-11-17,Monday,09:35:00,31.5,65,PE,25850.0,Buy,2025-11-17,Monday,09:36:00,30.9,-39.00000000000009,-1.9047619047619093,2025-11-18,,,Exit Condition Met For Trade
218,2025-11-18,,09:35:00,25963.55,,,,,2025-11-18,,09:36:00,25958.35,74.75,,,74.75,0,Exit Condition Met For Trade
218.1,2025-11-18,Tuesday,09:35:00,20.85,65,CE,26050.0,Buy,2025-11-18,Tuesday,09:36:00,21.25,25.999999999999908,1.9184652278177388,2025-11-18,,,Target Hit
218.2,2025-11-18,Tuesday,09:35:00,14.65,65,PE,25850.0,Buy,2025-11-18,Tuesday,09:36:00,15.4,48.75,5.1194539249146755,2025-11-18,,,Target Hit
219,2025-11-19,,09:35:00,25886.0,,,,,2025-11-19,,09:36:00,25891.9,-143.0,,,0,-143.0,Exit Condition Met For Trade
219.1,2025-11-19,Wednesday,09:35:00,107.1,65,CE,26000.0,Buy,2025-11-19,Wednesday,09:36:00,109.25,139.75000000000037,2.0074696545284834,2025-11-25,,,Target Hit
219.2,2025-11-19,Wednesday,09:35:00,98.4,65,PE,25800.0,Buy,2025-11-19,Wednesday,09:36:00,94.05,-282.75000000000057,-4.420731707317081,2025-11-25,,,Exit Condition Met For Trade
220,2025-11-20,,09:35:00,26104.5,,,,,2025-11-20,,09:37:00,26105.3,211.25,,,211.25,-9.75,Exit Condition Met For Trade
220.1,2025-11-20,Thursday,09:35:00,92.3,65,CE,26200.0,Buy,2025-11-20,Thursday,09:36:00,94.15,120.25000000000055,2.004333694474549,2025-11-25,,,Target Hit
220.2,2025-11-20,Thursday,09:35:00,81.45,65,PE,26000.0,Buy,2025-11-20,Thursday,09:37:00,82.85,90.99999999999945,1.7188459177409348,2025-11-25,,,Exit Condition Met For Trade
221,2025-11-21,,09:35:00,26151.35,,,,,2025-11-21,,09:36:00,26146.25,-61.75,,,0,-61.75,Exit Condition Met For Trade
221.1,2025-11-21,Friday,09:35:00,75.0,65,CE,26250.0,Buy,2025-11-21,Friday,09:36:00,74.0,-65.0,-1.3333333333333333,2025-11-25,,,Exit Condition Met For Trade
221.2,2025-11-21,Friday,09:35:00,67.95,65,PE,26050.0,Buy,2025-11-21,Friday,09:36:00,68.0,3.2499999999998153,0.07358351729212238,2025-11-25,,,Exit Condition Met For Trade
222,2025-11-24,,09:35:00,26092.95,,,,,2025-11-24,,09:36:00,26082.0,-143.0,,,0,-143.0,Exit Condition Met For Trade
222.1,2025-11-24,Monday,09:35:00,45.4,65,CE,26200.0,Buy,2025-11-24,Monday,09:36:00,41.3,-266.5000000000001,-9.030837004405289,2025-11-25,,,Exit Condition Met For Trade
222.2,2025-11-24,Monday,09:35:00,38.15,65,PE,26000.0,Buy,2025-11-24,Monday,09:36:00,40.05,123.49999999999991,4.9803407601572705,2025-11-25,,,Target Hit
223,2025-11-25,,09:35:00,25977.55,,,,,2025-11-25,,09:37:00,25976.85,-45.5,,,0,-45.5,Exit Condition Met For Trade
223.1,2025-11-25,Tuesday,09:35:00,16.65,65,CE,26100.0,Buy,2025-11-25,Tuesday,09:37:00,14.85,-116.99999999999993,-10.810810810810805,2025-11-25,,,Exit Condition Met For Trade
223.2,2025-11-25,Tuesday,09:35:00,21.8,65,PE,25900.0,Buy,2025-11-25,Tuesday,09:36:00,22.9,71.49999999999986,5.045871559633017,2025-11-25,,,Target Hit
224,2025-11-26,,09:35:00,26011.45,,,,,2025-11-26,,09:36:00,26012.1,104.0,,,104.0,0,Exit Condition Met For Trade
224.1,2025-11-26,Wednesday,09:35:00,116.95,65,CE,26100.0,Buy,2025-11-26,Wednesday,09:36:00,119.3,152.74999999999963,2.0094057289439884,2025-12-02,,,Target Hit
224.2,2025-11-26,Wednesday,09:35:00,70.35,65,PE,25900.0,Buy,2025-11-26,Wednesday,09:36:00,69.6,-48.75,-1.0660980810234542,2025-12-02,,,Exit Condition Met For Trade
225,2025-11-27,,09:35:00,26279.95,,,,,2025-11-27,,09:36:00,26279.65,61.75,,,61.75,0,Exit Condition Met For Trade
225.1,2025-11-27,Thursday,09:35:00,78.9,65,CE,26400.0,Buy,2025-11-27,Thursday,09:36:00,79.6,45.49999999999926,0.8871989860582872,2025-12-02,,,Exit Condition Met For Trade
225.2,2025-11-27,Thursday,09:35:00,76.55,65,PE,26200.0,Buy,2025-11-27,Thursday,09:36:00,76.8,16.25,0.32658393207054215,2025-12-02,,,Exit Condition Met For Trade
226,2025-11-28,,09:35:00,26252.35,,,,,2025-11-28,,09:36:00,26243.25,256.75,,,256.75,0,Exit Condition Met For Trade
226.1,2025-11-28,Friday,09:35:00,67.95,65,CE,26350.0,Buy,2025-11-28,Friday,09:36:00,69.3,87.74999999999963,1.9867549668874087,2025-12-02,,,Target Hit
226.2,2025-11-28,Friday,09:35:00,52.3,65,PE,26150.0,Buy,2025-11-28,Friday,09:36:00,54.9,169.00000000000009,4.971319311663482,2025-12-02,,,Target Hit
227,2025-12-01,,09:35:00,26300.15,,,,,2025-12-01,,09:36:00,26294.3,42.25,,,42.25,0,Exit Condition Met For Trade
227.1,2025-12-01,Monday,09:35:00,39.1,65,CE,26400.0,Buy,2025-12-01,Monday,09:36:00,38.05,-68.25000000000028,-2.6854219948849214,2025-12-02,,,Exit Condition Met For Trade
227.2,2025-12-01,Monday,09:35:00,34.4,65,PE,26200.0,Buy,2025-12-01,Monday,09:36:00,36.1,110.50000000000018,4.941860465116288,2025-12-02,,,Target Hit
228,2025-12-02,,09:35:00,26114.9,,,,,2025-12-02,,09:36:00,26116.05,26.0,,,26.0,0,Exit Condition Met For Trade
228.1,2025-12-02,Tuesday,09:35:00,20.9,65,CE,26200.0,Buy,2025-12-02,Tuesday,09:36:00,21.3,26.00000000000014,1.9138755980861348,2025-12-02,,,Target Hit
228.2,2025-12-02,Tuesday,09:35:00,12.45,65,PE,26000.0,Buy,2025-12-02,Tuesday,09:36:00,12.45,0.0,0.0,2025-12-02,,,Exit Condition Met For Trade
229,2025-12-03,,09:35:00,25933.55,,,,,2025-12-03,,09:36:00,25935.5,26.0,,,26.0,0,Exit Condition Met For Trade
229.1,2025-12-03,Wednesday,09:35:00,104.0,65,CE,26050.0,Buy,2025-12-03,Wednesday,09:36:00,106.1,136.49999999999963,2.019230769230764,2025-12-09,,,Target Hit
229.2,2025-12-03,Wednesday,09:35:00,84.6,65,PE,25850.0,Buy,2025-12-03,Wednesday,09:36:00,82.9,-110.49999999999926,-2.0094562647754004,2025-12-09,,,Exit Condition Met For Trade
230,2025-12-04,,09:35:00,26000.8,,,,,2025-12-04,,09:36:00,26016.75,-126.75,,,0,-126.75,Exit Condition Met For Trade
230.1,2025-12-04,Thursday,09:35:00,86.15,65,CE,26100.0,Buy,2025-12-04,Thursday,09:36:00,87.85,110.49999999999926,1.9733023795705031,2025-12-09,,,Target Hit
230.2,2025-12-04,Thursday,09:35:00,61.45,65,PE,25900.0,Buy,2025-12-04,Thursday,09:36:00,57.8,-237.25000000000037,-5.9397884458909775,2025-12-09,,,Exit Condition Met For Trade
231,2025-12-05,,09:35:00,26049.65,,,,,2025-12-05,,09:36:00,26044.55,253.5,,,253.5,0,Exit Condition Met For Trade
231.1,2025-12-05,Friday,09:35:00,69.35,65,CE,26150.0,Buy,2025-12-05,Friday,09:36:00,70.75,91.00000000000037,2.018745493871674,2025-12-09,,,Target Hit
231.2,2025-12-05,Friday,09:35:00,49.6,65,PE,25950.0,Buy,2025-12-05,Friday,09:36:00,52.1,162.5,5.040322580645161,2025-12-09,,,Target Hit
232,2025-12-08,,09:35:00,26128.8,,,,,2025-12-08,,09:36:00,26116.25,149.5,,,149.5,0,Exit Condition Met For Trade
232.1,2025-12-08,Monday,09:35:00,29.95,65,CE,26250.0,Buy,2025-12-08,Monday,09:36:00,30.55,39.00000000000009,2.003338898163611,2025-12-09,,,Target Hit
232.2,2025-12-08,Monday,09:35:00,34.0,65,PE,26050.0,Buy,2025-12-08,Monday,09:36:00,35.7,110.50000000000018,5.000000000000008,2025-12-09,,,Target Hit
233,2025-12-09,,09:35:00,25772.55,,,,,2025-12-09,,09:36:00,25766.0,-100.75,,,0,-100.75,Exit Condition Met For Trade
233.1,2025-12-09,Tuesday,09:35:00,30.15,65,CE,25850.0,Buy,2025-12-09,Tuesday,09:36:00,27.95,-142.99999999999994,-7.296849087893863,2025-12-09,,,Exit Condition Met For Trade
233.2,2025-12-09,Tuesday,09:35:00,13.2,65,PE,25650.0,Buy,2025-12-09,Tuesday,09:36:00,13.85,42.25000000000002,4.9242424242424265,2025-12-09,,,Target Hit
234,2025-12-10,,09:35:00,25901.95,,,,,2025-12-10,,09:36:00,25905.0,39.0,,,39.0,0,Exit Condition Met For Trade
234.1,2025-12-10,Wednesday,09:35:00,96.5,65,CE,26000.0,Buy,2025-12-10,Wednesday,09:36:00,98.45,126.75000000000018,2.020725388601039,2025-12-16,,,Target Hit
234.2,2025-12-10,Wednesday,09:35:00,75.1,65,PE,25800.0,Buy,2025-12-10,Wednesday,09:36:00,73.75,-87.74999999999963,-1.7976031957390073,2025-12-16,,,Exit Condition Met For Trade
235,2025-12-11,,09:35:00,25788.5,,,,,2025-12-11,,09:36:00,25776.95,338.0,,,338.0,0,Exit Condition Met For Trade
235.1,2025-12-11,Thursday,09:35:00,86.4,65,CE,25900.0,Buy,2025-12-11,Thursday,09:36:00,88.15,113.75,2.025462962962963,2025-12-16,,,Target Hit
235.2,2025-12-11,Thursday,09:35:00,69.25,65,PE,25700.0,Buy,2025-12-11,Thursday,09:36:00,72.7,224.25000000000017,4.981949458483759,2025-12-16,,,Target Hit
236,2025-12-12,,09:35:00,26030.35,,,,,2025-12-12,,09:36:00,26024.15,-78.0,,,0,-78.0,Exit Condition Met For Trade
236.1,2025-12-12,Friday,09:35:00,52.6,65,CE,26150.0,Buy,2025-12-12,Friday,09:36:00,50.5,-136.50000000000009,-3.99239543726236,2025-12-16,,,Exit Condition Met For Trade
236.2,2025-12-12,Friday,09:35:00,52.0,65,PE,25950.0,Buy,2025-12-12,Friday,09:36:00,52.9,58.49999999999991,1.730769230769228,2025-12-16,,,Exit Condition Met For Trade
237,2025-12-15,,09:35:00,25914.75,,,,,2025-12-15,,09:36:00,25915.95,159.25,,,159.25,0,Exit Condition Met For Trade
237.1,2025-12-15,Monday,09:35:00,44.4,65,CE,26000.0,Buy,2025-12-15,Monday,09:36:00,45.3,58.49999999999991,2.027027027027024,2025-12-16,,,Target Hit
237.2,2025-12-15,Monday,09:35:00,31.35,65,PE,25800.0,Buy,2025-12-15,Monday,09:36:00,32.9,100.74999999999982,4.944178628389145,2025-12-16,,,Target Hit
238,2025-12-16,,09:35:00,25916.7,,,,,2025-12-16,,09:36:00,25908.75,-81.25,,,0,-81.25,Exit Condition Met For Trade
238.1,2025-12-16,Tuesday,09:35:00,19.45,65,CE,26000.0,Buy,2025-12-16,Tuesday,09:36:00,17.7,-113.75,-8.997429305912597,2025-12-16,,,Exit Condition Met For Trade
238.2,2025-12-16,Tuesday,09:35:00,10.35,65,PE,25800.0,Buy,2025-12-16,Tuesday,09:36:00,10.85,32.5,4.830917874396135,2025-12-16,,,Target Hit
239,2025-12-17,,09:35:00,25921.95,,,,,2025-12-17,,09:36:00,25926.05,84.5,,,84.5,0,Exit Condition Met For Trade
239.1,2025-12-17,Wednesday,09:35:00,102.4,65,CE,26000.0,Buy,2025-12-17,Wednesday,09:36:00,104.45,133.24999999999983,2.001953124999997,2025-12-23,,,Target Hit
239.2,2025-12-17,Wednesday,09:35:00,61.8,65,PE,25800.0,Buy,2025-12-17,Wednesday,09:36:00,61.05,-48.75,-1.2135922330097089,2025-12-23,,,Exit Condition Met For Trade
240,2025-12-18,,09:35:00,25785.3,,,,,2025-12-18,,09:36:00,25771.65,-55.25,,,0,-55.25,Exit Condition Met For Trade
240.1,2025-12-18,Thursday,09:35:00,71.1,65,CE,25900.0,Buy,2025-12-18,Thursday,09:36:00,67.25,-250.24999999999963,-5.414908579465534,2025-12-23,,,Exit Condition Met For Trade
240.2,2025-12-18,Thursday,09:35:00,59.85,65,PE,25700.0,Buy,2025-12-18,Thursday,09:36:00,62.85,195.0,5.012531328320802,2025-12-23,,,Target Hit
241,2025-12-19,,09:35:00,25963.5,,,,,2025-12-19,,09:36:00,25959.8,-22.75,,,0,-22.75,Exit Condition Met For Trade
241.1,2025-12-19,Friday,09:35:00,61.15,65,CE,26050.0,Buy,2025-12-19,Friday,09:36:00,59.8,-87.75000000000009,-2.207686017988555,2025-12-23,,,Exit Condition Met For Trade
241.2,2025-12-19,Friday,09:35:00,44.0,65,PE,25850.0,Buy,2025-12-19,Friday,09:36:00,45.0,65.0,2.272727272727273,2025-12-23,,,Exit Condition Met For Trade
242,2025-12-22,,09:35:00,26125.25,,,,,2025-12-22,,09:36:00,26129.65,-71.5,,,0,-71.5,Exit Condition Met For Trade
242.1,2025-12-22,Monday,09:35:00,18.4,65,CE,26250.0,Buy,2025-12-22,Monday,09:36:00,18.75,22.750000000000092,1.902173913043486,2025-12-23,,,Target Hit
242.2,2025-12-22,Monday,09:35:00,37.3,65,PE,26050.0,Buy,2025-12-22,Monday,09:36:00,35.85,-94.24999999999972,-3.8873994638069593,2025-12-23,,,Exit Condition Met For Trade
243,2025-12-23,,09:35:00,26143.25,,,,,2025-12-23,,09:36:00,26142.8,55.25,,,55.25,0,Exit Condition Met For Trade
243.1,2025-12-23,Tuesday,09:35:00,8.3,65,CE,26250.0,Buy,2025-12-23,Tuesday,09:36:00,8.45,9.749999999999908,1.8072289156626333,2025-12-23,,,Target Hit
243.2,2025-12-23,Tuesday,09:35:00,13.95,65,PE,26050.0,Buy,2025-12-23,Tuesday,09:36:00,14.65,45.50000000000007,5.017921146953413,2025-12-23,,,Target Hit
244,2025-12-24,,09:35:00,26222.65,,,,,2025-12-24,,09:36:00,26217.2,-97.5,,,0,-97.5,Exit Condition Met For Trade
244.1,2025-12-24,Wednesday,09:35:00,75.7,65,CE,26300.0,Buy,2025-12-24,Wednesday,09:36:00,72.55,-204.75000000000037,-4.161162483487458,2025-12-30,,,Exit Condition Met For Trade
244.2,2025-12-24,Wednesday,09:35:00,46.6,65,PE,26100.0,Buy,2025-12-24,Wednesday,09:36:00,48.25,107.24999999999991,3.540772532188838,2025-12-30,,,Exit Condition Met For Trade
245,2025-12-26,,09:35:00,26109.35,,,,,2025-12-26,,09:36:00,26103.25,87.75,,,87.75,0,Exit Condition Met For Trade
245.1,2025-12-26,Friday,09:35:00,38.4,65,CE,26200.0,Buy,2025-12-26,Friday,09:36:00,39.15,48.75,1.953125,2025-12-30,,,Target Hit
245.2,2025-12-26,Friday,09:35:00,30.5,65,PE,26000.0,Buy,2025-12-26,Friday,09:36:00,31.1,39.00000000000009,1.967213114754103,2025-12-30,,,Exit Condition Met For Trade
246,2025-12-29,,09:35:00,26074.4,,,,,2025-12-29,,09:36:00,26073.45,65.0,,,65.0,0,Exit Condition Met For Trade
246.1,2025-12-29,Monday,09:35:00,31.55,65,CE,26150.0,Buy,2025-12-29,Monday,09:36:00,32.2,42.25000000000014,2.0602218700475503,2025-12-30,,,Target Hit
246.2,2025-12-29,Monday,09:35:00,11.7,65,PE,25950.0,Buy,2025-12-29,Monday,09:36:00,12.05,22.750000000000092,2.991452991453004,2025-12-30,,,Exit Condition Met For Trade
247,2025-12-30,,09:35:00,25905.35,,,,,2025-12-30,,09:36:00,25911.05,61.75,,,61.75,0,Exit Condition Met For Trade
247.1,2025-12-30,Tuesday,09:35:00,11.8,65,CE,26000.0,Buy,2025-12-30,Tuesday,09:36:00,12.45,42.24999999999991,5.508474576271174,2025-12-30,,,Target Hit
247.2,2025-12-30,Tuesday,09:35:00,6.5,65,PE,25800.0,Buy,2025-12-30,Tuesday,09:36:00,6.8,19.49999999999999,4.615384615384612,2025-12-30,,,Target Hit
248,2025-12-31,,09:35:00,26004.8,,,,,2025-12-31,,09:37:00,25999.3,266.5,,,266.5,-6.5,Exit Condition Met For Trade
248.1,2025-12-31,Wednesday,09:35:00,78.85,65,CE,26100.0,Buy,2025-12-31,Wednesday,09:37:00,80.45,104.00000000000055,2.029169308814215,2026-01-06,,,Target Hit
248.2,2025-12-31,Wednesday,09:35:00,50.15,65,PE,25900.0,Buy,2025-12-31,Wednesday,09:36:00,52.65,162.5,4.985044865403789,2026-01-06,,,Target Hit
249,2026-01-01,,09:35:00,26180.1,,,,,2026-01-01,,09:37:00,26172.65,227.5,,,227.5,-3.25,Exit Condition Met For Trade
249.1,2026-01-01,Thursday,09:35:00,41.85,65,CE,26300.0,Buy,2026-01-01,Thursday,09:36:00,42.7,55.25000000000009,2.0310633213859055,2026-01-06,,,Target Hit
249.2,2026-01-01,Thursday,09:35:00,53.0,65,PE,26100.0,Buy,2026-01-01,Thursday,09:37:00,55.65,172.24999999999991,4.999999999999998,2026-01-06,,,Target Hit
250,2026-01-02,,09:35:00,26197.65,,,,,2026-01-02,,09:36:00,26199.05,81.25,,,81.25,0,Exit Condition Met For Trade
250.1,2026-01-02,Friday,09:35:00,40.2,65,CE,26300.0,Buy,2026-01-02,Friday,09:36:00,41.0,51.999999999999815,1.9900497512437738,2026-01-06,,,Target Hit
250.2,2026-01-02,Friday,09:35:00,28.7,65,PE,26100.0,Buy,2026-01-02,Friday,09:36:00,29.15,29.249999999999954,1.5679442508710777,2026-01-06,,,Exit Condition Met For Trade
251,2026-01-05,,09:35:00,26272.35,,,,,2026-01-05,,09:37:00,26270.1,107.25,,,107.25,0,Exit Condition Met For Trade
251.1,2026-01-05,Monday,09:35:00,29.8,65,CE,26350.0,Buy,2026-01-05,Monday,09:36:00,30.4,38.99999999999986,2.013422818791939,2026-01-06,,,Target Hit
251.2,2026-01-05,Monday,09:35:00,21.05,65,PE,26150.0,Buy,2026-01-05,Monday,09:37:00,22.1,68.25000000000004,4.988123515439433,2026-01-06,,,Target Hit
252,2026-01-06,,09:35:00,26215.05,,,,,2026-01-06,,09:36:00,26223.75,-42.25,,,0,-42.25,Exit Condition Met For Trade
252.1,2026-01-06,Tuesday,09:35:00,13.0,65,CE,26300.0,Buy,2026-01-06,Tuesday,09:36:00,13.25,16.25,1.9230769230769231,2026-01-06,,,Target Hit
252.2,2026-01-06,Tuesday,09:35:00,7.9,65,PE,26100.0,Buy,2026-01-06,Tuesday,09:36:00,7.0,-58.50000000000002,-11.392405063291143,2026-01-06,,,Exit Condition Met For Trade
253,2026-01-07,,09:35:00,26133.3,,,,,2026-01-07,,09:36:00,26131.9,172.25,,,172.25,0,Exit Condition Met For Trade
253.1,2026-01-07,Wednesday,09:35:00,67.1,65,CE,26250.0,Buy,2026-01-07,Wednesday,09:36:00,68.45,87.75000000000055,2.0119225037257955,2026-01-13,,,Target Hit
253.2,2026-01-07,Wednesday,09:35:00,60.75,65,PE,26050.0,Buy,2026-01-07,Wednesday,09:36:00,62.05,84.49999999999982,2.139917695473246,2026-01-13,,,Exit Condition Met For Trade
254,2026-01-08,,09:35:00,26060.7,,,,,2026-01-08,,09:36:00,26054.05,214.5,,,214.5,0,Exit Condition Met For Trade
254.1,2026-01-08,Thursday,09:35:00,61.6,65,CE,26150.0,Buy,2026-01-08,Thursday,09:36:00,62.85,81.25,2.029220779220779,2026-01-13,,,Target Hit
254.2,2026-01-08,Thursday,09:35:00,41.0,65,PE,25950.0,Buy,2026-01-08,Thursday,09:36:00,43.05,133.24999999999983,4.999999999999993,2026-01-13,,,Target Hit
255,2026-01-09,,09:35:00,25837.15,,,,,2026-01-09,,09:36:00,25832.35,227.5,,,227.5,0,Exit Condition Met For Trade
255.1,2026-01-09,Friday,09:35:00,62.1,65,CE,25950.0,Buy,2026-01-09,Friday,09:36:00,63.35,81.25,2.0128824476650564,2026-01-13,,,Target Hit
255.2,2026-01-09,Friday,09:35:00,45.4,65,PE,25750.0,Buy,2026-01-09,Friday,09:36:00,47.65,146.25,4.955947136563877,2026-01-13,,,Target Hit
256,2026-01-12,,09:35:00,25568.75,,,,,2026-01-12,,09:36:00,25575.3,191.75,,,191.75,0,Exit Condition Met For Trade
256.1,2026-01-12,Monday,09:35:00,59.25,65,CE,25650.0,Buy,2026-01-12,Monday,09:36:00,60.45,78.00000000000018,2.025316455696207,2026-01-13,,,Target Hit
256.2,2026-01-12,Monday,09:35:00,35.05,65,PE,25450.0,Buy,2026-01-12,Monday,09:36:00,36.8,113.75,4.992867332382311,2026-01-13,,,Target Hit
257,2026-01-13,,09:35:00,25745.35,,,,,2026-01-13,,09:36:00,25738.7,133.25,,,133.25,0,Exit Condition Met For Trade
257.1,2026-01-13,Tuesday,09:35:00,27.0,65,CE,25850.0,Buy,2026-01-13,Tuesday,09:36:00,27.55,35.75000000000004,2.03703703703704,2026-01-13,,,Target Hit
257.2,2026-01-13,Tuesday,09:35:00,30.4,65,PE,25650.0,Buy,2026-01-13,Tuesday,09:36:00,31.9,97.5,4.934210526315789,2026-01-13,,,Target Hit
258,2026-01-14,,09:35:00,25734.2,,,,,2026-01-14,,09:36:00,25737.05,68.25,,,68.25,0,Exit Condition Met For Trade
258.1,2026-01-14,Wednesday,09:35:00,91.95,65,CE,25850.0,Buy,2026-01-14,Wednesday,09:36:00,93.8,120.24999999999963,2.0119630233822665,2026-01-20,,,Target Hit
258.2,2026-01-14,Wednesday,09:35:00,89.8,65,PE,25650.0,Buy,2026-01-14,Wednesday,09:36:00,89.0,-51.999999999999815,-0.8908685968819567,2026-01-20,,,Exit Condition Met For Trade
259,2026-01-16,,09:35:00,25708.75,,,,,2026-01-16,,09:36:00,25703.1,149.5,,,149.5,0,Exit Condition Met For Trade
259.1,2026-01-16,Friday,09:35:00,80.5,65,CE,25800.0,Buy,2026-01-16,Friday,09:36:00,80.0,-32.5,-0.6211180124223602,2026-01-20,,,Exit Condition Met For Trade
259.2,2026-01-16,Friday,09:35:00,56.15,65,PE,25600.0,Buy,2026-01-16,Friday,09:36:00,58.95,182.00000000000028,4.986642920748005,2026-01-20,,,Target Hit
260,2026-01-19,,09:35:00,25588.0,,,,,2026-01-19,,09:36:00,25578.0,217.75,,,217.75,0,Exit Condition Met For Trade
260.1,2026-01-19,Monday,09:35:00,41.5,65,CE,25700.0,Buy,2026-01-19,Monday,09:36:00,42.35,55.25000000000009,2.0481927710843406,2026-01-20,,,Target Hit
260.2,2026-01-19,Monday,09:35:00,49.5,65,PE,25500.0,Buy,2026-01-19,Monday,09:36:00,52.0,162.5,5.05050505050505,2026-01-20,,,Target Hit
261,2026-01-20,,09:35:00,25495.55,,,,,2026-01-20,,09:36:00,25483.05,104.0,,,104.0,0,Exit Condition Met For Trade
261.1,2026-01-20,Tuesday,09:35:00,22.65,65,CE,25600.0,Buy,2026-01-20,Tuesday,09:36:00,23.1,29.250000000000185,1.9867549668874298,2026-01-20,,,Target Hit
261.2,2026-01-20,Tuesday,09:35:00,23.05,65,PE,25400.0,Buy,2026-01-20,Tuesday,09:36:00,24.2,74.74999999999991,4.989154013015178,2026-01-20,,,Target Hit
262,2026-01-21,,09:35:00,25242.85,,,,,2026-01-21,,09:36:00,25229.95,461.5,,,461.5,0,Exit Condition Met For Trade
262.1,2026-01-21,Wednesday,09:35:00,123.0,65,CE,25350.0,Buy,2026-01-21,Wednesday,09:36:00,125.45,159.25000000000017,1.9918699186991893,2026-01-27,,,Target Hit
262.2,2026-01-21,Wednesday,09:35:00,93.25,65,PE,25150.0,Buy,2026-01-21,Wednesday,09:36:00,97.9,302.25000000000034,4.986595174262741,2026-01-27,,,Target Hit
263,2026-01-22,,09:35:00,25406.65,,,,,2026-01-22,,09:36:00,25415.7,149.5,,,149.5,0,Exit Condition Met For Trade
263.1,2026-01-22,Thursday,09:35:00,104.7,65,CE,25500.0,Buy,2026-01-22,Thursday,09:36:00,106.8,136.49999999999963,2.0057306590257826,2026-01-27,,,Target Hit
263.2,2026-01-22,Thursday,09:35:00,88.65,65,PE,25300.0,Buy,2026-01-22,Thursday,09:36:00,88.85,12.999999999999261,0.2256063169768625,2026-01-27,,,Exit Condition Met For Trade
264,2026-01-23,,09:35:00,25315.4,,,,,2026-01-23,,09:36:00,25299.45,328.25,,,328.25,0,Exit Condition Met For Trade
264.1,2026-01-23,Friday,09:35:00,88.7,65,CE,25400.0,Buy,2026-01-23,Friday,09:36:00,90.45,113.75,1.9729425028184893,2026-01-27,,,Target Hit
264.2,2026-01-23,Friday,09:35:00,66.5,65,PE,25200.0,Buy,2026-01-23,Friday,09:36:00,69.8,214.49999999999983,4.9624060150375895,2026-01-27,,,Target Hit
265,2026-01-27,,09:35:00,24989.5,,,,,2026-01-27,,09:36:00,25020.55,234.0,,,234.0,0,Exit Condition Met For Trade
265.1,2026-01-27,Tuesday,09:35:00,54.55,65,CE,25100.0,Buy,2026-01-27,Tuesday,09:36:00,55.65,71.50000000000009,2.0164986251145764,2026-01-27,,,Target Hit
265.2,2026-01-27,Tuesday,09:35:00,50.25,65,PE,24900.0,Buy,2026-01-27,Tuesday,09:36:00,52.75,162.5,4.975124378109452,2026-01-27,,,Target Hit
266,2026-01-28,,09:35:00,25309.3,,,,,2026-01-28,,09:36:00,25313.1,191.75,,,191.75,0,Exit Condition Met For Trade
266.1,2026-01-28,Wednesday,09:35:00,212.9,65,CE,25400.0,Buy,2026-01-28,Wednesday,09:36:00,217.15,276.25,1.9962423673085956,2026-02-03,,,Target Hit
266.2,2026-01-28,Wednesday,09:35:00,174.55,65,PE,25200.0,Buy,2026-01-28,Wednesday,09:36:00,173.25,-84.50000000000074,-0.7447722715554347,2026-02-03,,,Exit Condition Met For Trade
267,2026-01-29,,09:35:00,25280.55,,,,,2026-01-29,,09:36:00,25261.5,126.75,,,126.75,0,Exit Condition Met For Trade
267.1,2026-01-29,Thursday,09:35:00,151.85,65,CE,25400.0,Buy,2026-01-29,Thursday,09:36:00,146.35,-357.5,-3.6219953901876853,2026-02-03,,,Exit Condition Met For Trade
267.2,2026-01-29,Thursday,09:35:00,149.3,65,PE,25200.0,Buy,2026-01-29,Thursday,09:36:00,156.75,484.24999999999926,4.989953114534487,2026-02-03,,,Target Hit
268,2026-01-30,,09:35:00,25261.4,,,,,2026-01-30,,09:36:00,25281.25,-204.75,,,0,-204.75,Exit Condition Met For Trade
268.1,2026-01-30,Friday,09:35:00,162.2,65,CE,25350.0,Buy,2026-01-30,Friday,09:36:00,165.45,211.25,2.003699136868064,2026-02-03,,,Target Hit
268.2,2026-01-30,Friday,09:35:00,141.4,65,PE,25150.0,Buy,2026-01-30,Friday,09:36:00,135.0,-416.00000000000034,-4.52616690240453,2026-02-03,,,Exit Condition Met For Trade
